Condition,Geometry Number,Stenosis Percentage,Length,Width,Average Flow,P_d/P_a,HMR,HSR,P_Loss_Coeff,WSS,WSS_TE,WSS_LE,WSS_TE_Area,WSS_LE_Area,Rtotal_cor Value,Location,CFR,BMR/HMR,CFR/FFR,WSS_Area_Bifur,WSS_Bif,WSS_Avg_Area,WSS_LMB,WSS_min,WSS_TE_min,WSS_LE_min,WSS_TE_Area_min,WSS_LE_Area_min,WSS_Area_Bifur_min,WSS_Avg_Area_min,discord,source
Non-hyperemic,68,2.982273990851341816e-01,0.9,0.745,2.2410524597701147,,8.838165017908977,0.08766336065172484,,122.93475528028937,44.9317302465487,189.08406344020767,0.0,0.031276489046950226,0.24,LAD,,,,0.08682246764383719,,0.0920453192407957,,22.236397507489517,7.490161473266714,1.4275493407983375,0.0,0.0,0.000184174706481093,0.0,,mine
Non-hyperemic,50,5.985359125502809352e-01,0.9,0.5700000000000001,2.252098241379309,0.9004077056474769,7.2231210322992885,0.7989349618852493,,946.1465626971096,544.1888338829,221.07734748127987,0.1188335087199356,0.0314757420090166,0.24,LCX,,,,0.14753056524668848,1205.5015720000001,0.2068207544683218,,7.660404585158117,0.41272453187546837,3.21241776207066,0.12272662192933118,0.0,0.02354794446467519,0.0,,mine
Non-hyperemic,66,2.048441957096110988e-01,2.0,0.5800000000000001,2.2238716091954025,,8.487020296563811,0.11390155058682386,,184.14643385852537,53.52795784868607,184.14643385852537,0.0,0.03300135187306081,0.24,LAD,,,,0.05975821967777783,,0.05613641376409599,,1.839462031341226,17.15788750033138,1.839462031341226,0.0,0.0007945030076159629,0.0007588111920764093,0.0004417762164690209,,mine
Non-hyperemic,61,1.117331976597878418e-01,1.66,0.5800000000000001,2.234540551724138,,8.341907181408443,0.09499937864827364,,51.43099780604913,44.41321289840942,198.0860022745096,0.0,0.02141409359180359,0.24,LAD,,,,0.05869741877847365,,0.0,,0.799562331735081,20.049491294452835,0.799562331735081,0.0,0.0007343871979048501,0.0006040401112056268,0.0004690199581955602,,mine
Non-hyperemic,60,1.075575169072274795e-01,0.9,0.43,2.2384789540229884,,8.253912979871107,0.06417401500793321,,51.302080727578954,40.267460244004845,197.82005370216814,0.0,0.03136918671229758,0.24,LAD,,,,0.05905703077632209,,0.0,,20.40407797843459,17.850898223139616,1.7603390634920044,0.0,0.0,0.0004677119615276039,0.0,,mine
Non-hyperemic,67,2.048441957096112098e-01,2.5,0.5800000000000001,2.223087149425287,,8.060677782904822,0.13306596698090348,,189.01292409068438,52.21464231881521,189.01292409068438,0.0,0.021916910386492055,0.24,LAD,,,,0.057863626069360394,,0.06101038487502246,,0.8826350995256874,20.36203514898984,1.0669288917936255,0.0,0.00037589211184592283,0.0003688739716607005,0.0003889341977016932,,mine
Non-hyperemic,51,5.951443504385723893e-01,3.0,0.76,2.2244401724137934,0.9173448448684582,9.421958493757401,0.8489429523704767,,309.2273855438335,135.36433417494894,197.64192582755103,0.04633128904411461,0.02016634844383225,0.24,LCX,,,,0.15714666921365658,447.142565,0.6196725245634863,,0.09771344228188229,0.2687129447131303,8.026376076268996,0.014203652341457198,0.0,0.000987450346447329,0.051954029252664756,,mine
Non-hyperemic,69,3.090435692874629048e-01,1.66,0.9,2.2395507816091964,,8.912150083392268,0.1683062851664719,,123.03634565181429,74.91711558555119,209.0199299029579,0.00320548612852185,0.02237135056772157,0.24,LAD,,,,0.1900182153095151,,0.370689769912707,,0.8919218519018186,1.4137844557966872,0.8919218519018186,0.04002486246422156,0.0,0.0,0.014824253238023196,,mine
Non-hyperemic,3,4.528590858545522568e-01,1.7,0.6799999999999999,2.2298179540229888,0.9559217522138562,8.078914117281288,0.3725246103876005,,281.26899810093664,214.42617016738697,210.72133093803038,0.09964921901075964,0.04503302438725756,0.24,LAD,,,,0.25108966972904445,458.308797,0.4956803136513274,73.305043,0.2959014506502802,1.514652713506401,6.235184492640925,0.01193592783054887,0.0,0.001156745638130044,0.00908421994968816,,mine
Non-hyperemic,4,4.407935948725615338e-01,2.0,0.6699999999999999,2.240501666666667,0.956032700203412,8.139973964356635,0.374351918664645,,253.98012148663858,,,,,0.24,LAD,,,,,414.588221,0.5343198980550742,72.379322,0.5649356232798711,,,,,,0.017880056512202622,,mine
Non-hyperemic,5,4.813122844963183544e-01,1.2,0.71,2.2302722528735632,0.9564809770610759,7.549227639449927,0.343483057887729,,367.9058613091561,194.99699505659206,241.2389221216187,0.0606112191697697,0.08837295227537117,0.24,LAD,,,,0.2152446740719269,539.581591,0.38445840163396017,73.820153,0.8372863902919129,0.8085037098428268,2.778466274643177,0.0014731756496067755,0.0010415108412944287,0.0021948763713696873,0.0,,mine
Non-hyperemic,2,4.528590858545522568e-01,1.5,0.6799999999999999,2.2302837586206894,0.9589551988075317,8.14415595403404,0.34858277261488163,,285.9304352422588,201.36631330983062,217.22935613893188,0.07959238330146053,0.05031780303230888,0.24,LAD,,,,0.2546212398283756,498.09088399999996,0.4836294648571022,72.634057,0.5689746249824182,0.9854800009603408,4.093896732846243,0.011475645550127877,0.0,0.0012217653874017984,0.003614437464901139,,mine
Non-hyperemic,16,5.908588520863007343e-01,2.0,0.81,2.2137170229885053,0.8710720798498311,6.2478785192862265,0.9247523844196244,,685.26881215556,606.3764481133924,219.4918227036951,0.1400204317526657,0.05202527157940534,0.24,LAD,,,,0.23309442366375427,799.287205,0.5500745066489515,72.312544,1.1308421717810158,2.9966114986224253,3.6235834088768195,0.00026660872543844596,0.0,0.0010728641296764189,0.001509860485306222,,mine
Non-hyperemic,11,5.583999396986585317e-01,1.7,0.78,2.2247407126436776,0.9056759204301098,,,,572.1954847067585,457.58007695583626,218.5433258454826,0.1256843337182265,0.05173095001373966,0.24,LAD,,,,0.23736565093066617,,0.503435537993733,0.000000,0.6935590339935441,3.3777435485565483,1.2225345553981608,0.0005772518959142975,0.0,0.0010103833569652426,0.001836198609146656,,mine
Non-hyperemic,18,4.528590858545518127e-01,2.5,0.6799999999999999,2.2273547816091956,0.9429564124782075,7.859919513069869,0.47548115769180094,,276.6012193898878,203.5953779425802,206.18849700049495,0.11427913856038982,0.04172879725878237,0.24,LAD,,,,0.23254385189045745,446.08481299999994,0.6075015483002713,72.122823,0.16195007574354212,1.471505897848199,1.9336477024697274,0.03472432583517972,0.0,0.0010996936663021624,0.04719658979721862,,mine
Non-hyperemic,20,4.528590858545518127e-01,2.7,0.6799999999999999,2.2286388965517245,0.9395129712925312,,,,279.950793455137,208.19777033284643,197.35880713035314,0.11291374391053959,0.044996535929644775,0.24,LAD,,,,0.22686707393081315,,0.6491280911502699,,0.03829644457649778,1.365481636076209,1.0865002368602807,0.0427262510479657,0.0,0.0009504156831959385,0.061950970796840206,,mine
Non-hyperemic,80,6.182608632229922296e-01,0.9,0.79,2.2387672298850574,,7.550864252144742,0.6523740448670213,,1022.0984593656606,139.67142859278525,213.7914209802328,0.07613685731705559,0.10889645261948483,0.24,LAD,,,,0.1740025164790477,,0.19618404360559033,,9.067810785302964,0.21920194358010756,2.791949396484375,0.030072965607565748,0.0,0.00022884524675174714,0.0,,mine
Non-hyperemic,74,4.058147879532344460e-01,2.0,0.9,2.2313777931034484,,8.891377452677842,0.24069153044245636,,190.59191173453596,112.36267654195329,190.59191173453596,0.06872955623323024,0.03278732019098197,0.24,LAD,,,,0.22824353082271576,,0.5230857868712633,,0.1463691675501021,0.1463691675501021,2.405232266077529,0.06641727737226667,0.0,0.00029536577112384307,0.06022809075071367,,mine
Non-hyperemic,73,4.058147879532344460e-01,1.66,0.9,2.219674172413793,,9.160319948464686,0.2271693615211812,,185.12609830605342,99.18711281608243,209.0196941148098,0.021577148953206567,0.025235538301956104,0.24,LAD,,,,0.21097811652881188,,0.48359578261498126,,0.2464122733198959,0.1710160132646452,1.7113678722599175,0.07483288191042224,0.0,8.374448450622009e-05,0.030309216959642143,,mine
Non-hyperemic,26,5.883401703217540080e-01,2.5,0.78,2.231082183908047,0.8497845324176764,6.506869145412376,1.1502120289178175,,709.6877031769023,490.2939095107783,176.80616166586108,0.12322397947534353,0.04807180772531175,0.24,LAD,,,,0.22968494561823102,779.126378,0.6154340437727651,73.584895,0.4029306558292767,1.3967860861800359,5.127062708344647,0.008335279043436502,0.0,0.0005386010705109561,0.010549957716973464,,mine
Non-hyperemic,10,5.583999396986585317e-01,1.5,0.78,2.2067970804597703,0.9117350346174757,7.516776019343343,0.7276982346234958,,568.2019665197072,403.9865432939404,219.93583576235417,0.10815649484475623,0.0684537552652487,0.24,LAD,,,,0.23965144497109298,769.6030539999999,0.473072731440024,74.824396,3.8420654499667717,1.0885457603880122,4.924258209422906,0.001991989850699822,0.0,0.0010235347238137466,0.0,,mine
Non-hyperemic,17,4.528590858545518127e-01,2.3,0.6799999999999999,2.203966298850575,0.9464369689996041,,,,267.4614413681973,232.72388597745817,211.14250822508356,0.11951282117617164,0.04347313045933717,0.24,LAD,,,,0.23929424546588596,,0.6378630829378905,,0.26420961873077325,1.696836115362898,4.280223793820011,0.025380927329952393,0.0,0.001158677886861824,0.03136654520903818,,mine
Non-hyperemic,72,3.916117361723976398e-01,0.9,0.745,2.23293156321839,,9.541164439384735,0.11518651928354272,,174.6510632444732,49.23816019873041,191.26361867820893,0.0,0.0268677719590123,0.24,LAD,,,,0.13498658483043288,,0.20621198593182996,,14.756467290201496,4.533511020704935,1.987439787240181,0.0,0.0,0.0006643002293895054,0.0,,mine
Non-hyperemic,75,4.058147879532344460e-01,2.5,0.9,2.245895218390804,,8.567901035305418,0.280620228386275,,187.14202158933531,107.94053025339525,187.14202158933531,0.08143090920977078,0.02496498724450577,0.24,LAD,,,,0.1775753579063419,,0.587943484543078,,0.013657155940785187,1.1341957499759623,1.4688808790231824,0.031330060944316306,0.0,0.00018815865425066987,0.042021111243316145,,mine
Non-hyperemic,81,6.182608632229936729e-01,1.66,0.79,2.229768620689656,,6.3729137270552405,1.086174182362659,,773.2337097123946,607.1107877703655,195.48367947400348,0.12345571871511046,0.05799765181444805,0.24,LAD,,,,0.1989555114707983,,0.5246453195948679,,0.9016748341087685,3.881930641904961,4.054002394996517,0.00029478373753192975,0.00014497723240474878,0.0005443923775566173,0.0012864257031064146,,mine
Non-hyperemic,62,1.113770310019458476e-01,2.0,0.43,2.2145376781609203,,8.153385556250777,0.09589613997565509,,199.29402426636653,44.89863098663997,199.29402426636653,0.0,0.03230180712932269,0.24,LAD,,,,0.05846868691198033,,0.05343092685146987,,1.120261943106552,22.34067916178347,1.120261943106552,0.0,0.0012219880225503713,0.0008025632197295686,0.0006561941016937699,,mine
Non-hyperemic,65,2.048441957096109878e-01,1.66,0.5800000000000001,2.225889873563218,,8.679724403565057,0.10784118191248354,,71.60391229849871,48.99948549528125,191.06615077930138,0.0,0.022474336573140314,0.24,LAD,,,,0.057470650038258755,,0.0,,1.7781096360674935,16.31640701972059,1.7781096360674935,0.0,0.0,0.00015953022646784053,0.0,,mine
Non-hyperemic,37,1.221245327087672194e-15,0.1,0.251,2.2187762298850573,0.9743217144409217,1.827670669099138,0.04816832946806391,,0.0,,,,,0.24,LAD,,,,,352.514188,0.0,,0.0,,,,,,0.0,,mine
Non-hyperemic,64,1.971887809965851002e-01,0.9,0.43,2.2500520919540223,,8.768307490141263,0.07448678355683279,,81.27441135177295,42.66136280754607,188.5161329201262,0.0,0.02247909046932198,0.24,LAD,,,,0.05975985054440484,,0.006848506783184755,,24.810330483028675,17.62139846876595,2.6254508319050465,0.0,0.0,0.0002543316588637258,0.0,,mine
Non-hyperemic,63,1.117331976597892851e-01,2.5,0.5800000000000001,2.228377022988506,,7.888227221197462,0.11854769166597216,,198.57981142278047,48.73507364773995,198.57981142278047,0.0,0.02138990385691378,0.24,LAD,,,,0.057276879141809386,,0.05905754873526541,,0.8192913884124853,23.725751984088014,0.8192913884124853,0.0,0.0006451034072246663,0.0003422491755730598,0.0003528892926579917,,mine
Non-hyperemic,9,5.583999396986579766e-01,1.2,0.78,2.2399745977011496,0.9231933104831737,,,,584.0935155073821,271.2835409558809,293.215572390981,0.07173460594374977,0.09792086055574589,0.24,LAD,,,,0.2066367096268743,,0.3662923167658906,0.000000,8.342805702361414,3.084397620129963,1.4097864526869799,0.0009562334837220995,0.006394600196336071,0.004004778844411725,0.0,,mine
Non-hyperemic,7,4.813122844963170222e-01,1.7,0.71,2.2346099310344827,0.9455677266847731,,,,342.6091856692468,284.34897046370054,214.35709021676396,0.11420437121924885,0.04769830308653248,0.24,LAD,,,,0.24746934579453617,,0.5004378709177415,0.000000,0.5730638614908028,1.913321991859252,4.830902876811994,0.007936993801925772,0.0,0.0012579418812578,0.006366383878536819,,mine
Non-hyperemic,1,4.528590858545522568e-01,1.2,0.6799999999999999,2.227648701149425,0.9647781113941406,7.977153506003446,0.29122801280626165,,304.8958117409296,155.28285220997938,216.27901319144493,0.05596339514277292,0.07798544697716997,0.24,LAD,,,,0.21310696412245836,502.17770099999996,0.3945674511849925,73.296575,0.938689646812314,0.3938445925995353,4.909217474778357,0.00634588597096732,0.0,0.0017793265176564972,0.0,,mine
Non-hyperemic,6,4.813122844963169111e-01,1.5,0.71,2.210532298850574,0.9492537556593142,8.067110786061132,0.4312604218126099,,339.06532156761455,257.1140475267293,222.24316959668704,0.08787465570191969,0.04990438326697317,0.24,LAD,,,,0.24881352636097065,544.47041,0.48200225978897193,73.222563,2.023638888638396,0.6070373220630126,6.7074905998226955,0.005448232521066383,0.0,0.0021995647281918998,0.0006296741543190989,,mine
Non-hyperemic,8,4.813122844963170222e-01,2.0,0.71,2.2229496896551715,0.9420958672358588,7.458188926498674,0.4584034139191364,,319.66217980791544,292.1908383218902,183.27597524981385,0.1315565336079811,0.04597185432934013,0.24,LAD,,,,0.24504527047705912,486.440241,0.5503027918150768,73.935341,0.463671018790445,2.8385851167314207,3.9321621593859106,0.007730966904337427,0.0,0.0007950191236881267,0.012568887885981699,,mine
Non-hyperemic,70,3.088178607003733145e-01,2.0,0.745,2.22492116091954,,8.675130947896852,0.14928628813336775,,214.9669252229425,67.4989193616136,214.9669252229425,0.0,0.0338048880100131,0.24,LAD,,,,0.0924217482974152,,0.15626749972433457,,0.8775820638263713,0.0,0.8775820638263713,0.0,0.0007959298943752502,0.0009033320989799214,0.00046701148511920124,,mine
Non-hyperemic,48,3.025495305936860557e-01,0.9,0.61,2.230621333333334,0.9889002870717984,8.659774615464519,0.09719990327761374,,176.85321829011426,51.99510656124145,224.7735732943216,0.0,0.0270761424666818,0.24,LCX,,,,0.12979330500764247,442.209096,0.2179364515115584,,0.21485570837454285,0.17542850312406932,6.147477707417214,0.08795381073548944,0.0,0.024261561833250796,0.0054477624456893935,,mine
Non-hyperemic,83,6.182608632229936729e-01,2.5,0.79,2.2450671724137945,,5.916585869468815,1.3485994519006685,,814.854272450547,573.2919856747492,184.62071846528175,0.11511558239034779,0.021351976247904594,0.24,LAD,,,,0.18582817124404194,,0.7021170263931614,,0.5006534469300499,2.02185921581647,2.553765858893927,0.00409122918131048,0.00046258521277146804,0.0003391995932285953,0.00892686895798873,,mine
Non-hyperemic,77,4.829328158151106054e-01,1.66,0.69,2.247051183908047,,7.471140466169564,0.4805192795006169,,385.41604655383384,324.3907782245379,161.6608833981458,0.1223571992157613,0.05797533548948655,0.24,LAD,,,,0.22965899407657928,,0.4534482921224045,,0.4385971868568071,3.7293101388654795,2.5848090517115114,0.0034709110687693354,0.0,0.00032141679478633103,0.0056692802713005416,,mine
Non-hyperemic,79,4.944557232826486404e-01,2.5,0.69,2.2413437586206895,,7.15702250279729,0.6542792257226983,,382.64143377036197,273.3357389142946,191.4719876735292,0.11202890229362678,0.022770163825473082,0.24,LAD,,,,0.1836190656158671,,0.6905109879442253,,0.07876246470258026,1.8448484940192258,1.6246770516978466,0.014772356596577428,0.0005412571468501135,0.0004968509987861925,0.02430853718644313,,mine
Non-hyperemic,12,5.583999396986588648e-01,2.0,0.78,2.2313540229885054,0.9002473891939934,6.809877813482549,0.7545737975124522,,507.3559908012724,539.827613101586,200.69788349164918,0.13623720602752468,0.0442518739037604,0.24,LAD,,,,0.23353897126368992,688.576489,0.5498568596349005,72.906778,0.5423775976336767,2.682331630122515,4.221895807132415,0.001874553084632572,0.0,0.0010895777312652857,0.005019180746550838,,mine
Non-hyperemic,15,5.908588520863007343e-01,1.7,0.81,2.2007102758620682,0.8788557494826271,6.858534730980205,0.9454020755068132,,675.7815892209406,572.6853923076028,214.88477384609936,0.1257443932576113,0.054289713139348245,0.24,LAD,,,,0.23249633480775517,884.939476,0.500696036597286,73.594507,1.7171297346827847,4.629122747316066,3.280733021097323,0.0002994330879892305,0.0,0.0005659536321983718,0.0007376491729451477,,mine
Non-hyperemic,78,4.829328158151106054e-01,2.0,0.69,2.229771816091953,,7.340950665806484,0.5347555054853526,,358.53082566714426,315.62868951324384,183.13582576385647,0.12785923132793975,0.04539702280641859,0.24,LAD,,,,0.22243938614210274,,0.5802249331751207,,0.5601945470663319,1.9999489342663397,2.256168036139379,0.007327893056800398,0.0,0.00039144938475073316,0.009936836603105964,,mine
Non-hyperemic,49,3.007901338947706060e-01,3.0,0.9,2.2357952758620696,0.9731681898802419,9.973817985986823,0.27499418204571535,,186.67198957084653,43.87251004231281,186.67198957084653,0.0,0.022234512324554385,0.24,LCX,,,,0.09397668469142423,372.074982,0.3594843485824685,,1.0738346695627479,7.396480675794476,3.2354958886979888,0.0,0.0,0.0010777165826374945,0.00789081747754499,,mine
Non-hyperemic,76,4.980058769521806816e-01,0.9,0.69,2.2483682183908043,,8.132169964523014,0.29003144955059745,,465.31644098365126,104.85722724698682,199.867632558675,0.02038042808088674,0.09096958024114572,0.24,LAD,,,,0.16249425952902904,,0.19777475061083102,,1.0412710490021568,0.3619741358884784,0.9072509689451941,0.014466866224280409,0.0033884317307347526,0.006276169708159676,0.0,,mine
Non-hyperemic,82,6.182608632229936729e-01,2.0,0.79,2.239165701149425,,6.20732936224405,1.1907413270302238,,748.3698261562165,664.7859390593799,192.93982863263747,0.12670337148611954,0.023873220945818067,0.24,LAD,,,,0.1916373248652848,,0.5786686003826884,,0.7015807615532946,3.369008542385262,0.8931695498947707,0.001734462200287446,0.0,0.00013919531898147405,0.0028403043318310007,,mine
Non-hyperemic,71,3.090435692874633489e-01,2.5,0.9,2.2371156666666674,,8.208855607562766,0.20468585740826145,,180.2271019845872,79.99429624851169,175.06574911946728,0.03322585214773109,0.02271077146136564,0.24,LAD,,,,0.1494278423061315,,0.427719233130945,,0.31094784179909224,6.536665709621767,0.31094784179909224,0.0,0.0001557565801737157,0.00021249789388315578,0.0011775183115427927,,mine
Non-hyperemic,25,5.583999396986588648e-01,2.5,0.78,2.229073816091954,0.880079226245919,6.660137479727859,0.9075192506070395,,549.3745973450493,401.136847704374,187.97213165721092,0.12122973468170985,0.04452184001607584,0.24,LAD,,,,0.23154557186121102,660.457401,0.6186393678444441,73.512420,0.3293240105197926,1.4859416519086108,3.0292420692749276,0.00839696803131221,0.0,0.00031499199758615293,0.012787218102334099,,mine
Non-hyperemic,22,4.813122844963170222e-01,2.5,0.71,2.2300898965517244,0.9297892177750497,7.503014288884842,0.5665719629747614,,344.6527229696734,253.7670243747511,181.29647071920988,0.11847371133003028,0.044966889003711555,0.24,LAD,,,,0.2336671911572692,479.266001,0.6138015506101955,72.287610,0.10596013327672447,1.5390425980776377,2.195178172961216,0.0230863995221608,0.0,0.0021963718946901196,0.031001050615340402,,mine
Non-hyperemic,14,5.908588520863007343e-01,1.5,0.81,2.2169028850574715,0.886219332522125,6.705394173903837,0.8608977448480419,,732.1230390816589,526.3289993863617,241.06127648974456,0.12227827907018002,0.07340976268843519,0.24,LAD,,,,0.23219403980162437,936.706734,0.4670791282912305,73.661517,2.3915107059106546,0.962662722816192,0.9899711539731451,0.0004130237029104192,0.0,0.001080331174031596,0.0,,mine
Non-hyperemic,13,5.908588520863005122e-01,1.2,0.81,2.222720379310345,0.9008489519258616,7.027176196100489,0.7734391912822509,,718.6464107760728,339.06320847374724,338.28889432788003,0.08652279608641361,0.10119732593478993,0.24,LAD,,,,0.2058821509028046,962.312151,0.3573818877631195,72.690392,2.901735293729768,2.2500415013426087,0.41539289023324794,0.003947194069949019,0.006812162796746053,0.004540237849704052,0.0,,mine
Hyperemic,57,5.985359125502809352e-01,0.9,0.5700000000000001,2.578639390804597,0.871184874015162,5.710697872743237,0.8443951311371876,,1118.1665531814133,667.8932333138738,294.62593529979483,0.12585422986749323,0.03991963350665286,0.24,LCX,1.1449941851672047,1.2648403388270182,1.3142952997910722,0.16890148042164477,1426.242068,0.20805576398254622,670.195732,9.170895035202573,0.011393714070600528,8.226743597903061,0.1214833661856901,0.0,0.023433968135060244,0.0,2,mine
Hyperemic,92,2.982273990851341816e-01,0.9,0.745,7.451273022988503,0.9426890656164324,2.3507809155459753,0.14291610639707608,,601.3841947571086,264.7950132945944,882.3676985262048,0.18687555420246774,0.258000517709216,0.24,LAD,3.324898973472869,3.759671928362703,3.5270367449299833,,,0.25129867840782105,,31.295791551441738,3.2038913472306745,3.099783261350577,0.0006611775555870974,0.0,0.00020868178740470177,0.0,0,mine
Hyperemic,59,5.951443504385723893e-01,3.0,0.76,2.5989340574712645,0.8944526595136972,7.435574061537173,0.8774137555931402,,375.46210474055476,182.51978861540942,265.042827631728,0.057739541960126914,0.03729076541086709,0.24,LCX,1.1683542177046276,1.267146075848457,1.3062225320452925,0.20659915155063757,562.77639,0.7121089145619451,240.665168,0.1182917395117803,0.28866843534404507,5.948608701557494,0.00839307532401496,0.0,0.00034629131196176266,0.033448504667793214,2,mine
Hyperemic,95,3.090435692874633489e-01,2.5,0.9,7.273192149425287,0.8580900450436191,2.0049808830679297,0.3315814563378503,,980.1684066342624,446.49258043970497,817.665875779977,0.19572259870067554,0.25982933418363796,0.24,LAD,3.2511471167078465,4.094231359952895,3.7888181263571026,,,1.5022028170600072,,0.6398242668267388,0.7185282605650491,6.527743080074751,0.022534018757299656,0.0,0.0,0.011933800391563162,0,mine
Hyperemic,35,5.883401703217540080e-01,2.5,0.78,2.9805056091954043,0.7524762786789294,3.8184426474726645,1.2560597065104278,,973.7325081188284,770.9197410997666,284.57443510782736,0.13713020168813692,0.08256782661403066,0.62,LAD,1.3359013086531126,1.7040636055432485,1.7753400957681513,0.40137086775107206,780.2767,0.7870392752973552,295.008377,0.8129417085612887,1.4298683624362236,0.8129417085612887,0.00473232372408208,0.0,0.0,0.00531361107514188,3,mine
Hyperemic,32,4.528590858545518127e-01,2.5,0.6799999999999999,3.2739604597701137,0.892390459788147,4.650418108917386,0.5607739852040513,,458.7344783047058,395.5863340894741,378.6503972045427,0.14618628648696172,0.09114657277755861,0.62,LAD,1.4698872792078401,1.6901532999792253,1.6471346853671995,0.4873187981187342,1127.190525,0.8558419364428491,254.535953,0.5046602879202745,2.1179692142786073,4.266627489522906,0.00795074674206897,0.0,0.0,0.010638327280743558,2,mine
Hyperemic,13 copy,5.908588520863005122e-01,1.2,0.81,5.8820340574712615,0.5768690979759261,1.5101850592421517,1.1077139832632845,,1897.2390603912395,1168.7414772287102,913.2225482059446,0.24039539824402795,0.2745958286935022,0.24,LAD,2.6463220980123063,4.6531887950387345,4.587387515291628,0.8460779493842456,2642.526706,0.4009513753926675,,16.903581091850505,3.452354719242726,8.315521376549851,0.0,0.0,0.0,0.0,1,mine
Hyperemic,94,3.088178607003733145e-01,2.0,0.745,7.376683494252875,0.9007144043524945,2.2166152875756215,0.24433712626869988,,999.368980786524,388.52649107029987,953.3500623637241,0.21564348617148899,0.24275191296779225,0.24,LAD,3.3154808466130805,3.9136836222875204,3.680945736619493,,,0.9175475828030526,,0.3691789383077043,0.0,14.460387712639243,0.007449042842249646,0.0,0.0,0.012762341525784817,0,mine
Hyperemic,93,3.090435692874629048e-01,1.66,0.9,7.324861252873563,0.8860443883128815,2.235752530283645,0.28754377379965834,,578.0094348382025,430.0645835787221,917.5520624801386,0.21112736712801497,0.27860745253543806,0.24,LAD,3.270683260689624,3.986197024346698,3.691331161091531,0.9165664287722468,,0.7359015522692466,,1.7536831997797404,3.909043776632259,9.163103881224995,0.0006884419653576181,0.0,0.0,0.0010690647397435052,0,mine
Hyperemic,58,5.951443504385723893e-01,3.0,0.76,6.725018758620688,0.6407680732658327,2.0600894596554786,1.154941915356269,,957.3654263561081,595.7586515005607,888.6050456617386,0.09825031577537102,0.19098162987341988,0.24,LCX,3.023241012287244,4.573567642704746,4.718151759463529,0.9324970113433937,1735.756854,2.449094976604898,814.901746,0.7343394324868007,0.7389900601018516,20.87221544489923,0.0,0.0,0.0,0.003080743693678632,1,mine
Hyperemic,56,5.985359125502809352e-01,0.9,0.5700000000000001,6.556845,0.5725204434051464,1.3105312559727094,0.9785245691400833,,2422.841595222345,1727.5603525630877,1035.856330639133,0.1535249854322838,0.20974386397361602,0.24,LCX,2.911438266558135,5.511597681764641,5.0853000973064715,,3448.9948889999996,0.22088542249120813,1866.911607,13.283891052481215,0.19446787575133023,22.323158889057314,0.0614470907738903,0.0,0.015276951287763477,0.0,1,mine
Hyperemic,33,4.528590858545518127e-01,2.5,0.6799999999999999,2.599016574712644,0.9242396619474421,6.243739234486017,0.5118020948375821,,341.8178967955091,266.9543567388504,275.26502616691073,0.13019947137384932,0.06990405330664987,0.81,LAD,1.1668624128370488,1.2588481385733106,1.2625106461871398,0.2921284640910084,,0.6965512210641361,0.000000,0.27694360990675776,1.7477184441671059,4.293485120164274,0.01734408556713282,0.0,0.00036841047777691927,0.025261352981307092,2,mine
Hyperemic,34,5.883401703217540080e-01,2.5,0.78,3.8699008735632203,0.6533788530461884,2.5222098057043003,1.338046451358861,,1234.6897481129627,1042.4395937926877,379.06635649288506,0.1466332696489874,0.1117297417582138,0.43,LAD,1.7345398127757703,2.5798286608418772,2.654722914108689,0.6211886174997983,1102.881711,1.0347286846436081,438.844546,1.216785458933648,1.4033508037201832,1.604850443863464,0.003321648956283079,0.0008048483573979366,0.0003761437703078231,0.003496925334992316,3,mine
Hyperemic,103,4.944557232826486404e-01,2.5,0.69,6.1067292183908055,0.6214384575111933,1.5205101546264728,0.9262488707418363,,1153.5738727055568,1117.7019262520391,571.0289508765883,0.15714926184026268,0.19548502124415731,0.24,LAD,2.724583944298153,4.706987638997701,4.384318207807533,0.8664577161739683,,1.529610768943768,,0.7048849075325394,2.312529555876469,5.556452433423626,0.000506247944479506,0.0,0.0,0.0021562677152474627,1,mine
Hyperemic,104,6.182608632229922296e-01,0.9,0.79,6.229532206896553,0.6092226570253605,1.731645436564977,1.1107397186753882,,3095.553199194533,586.5090309577638,680.2403063880718,0.1258824250249073,0.3257684032428406,0.24,LAD,2.782572535339634,4.360514047912261,4.5674147263761435,0.8667588052806204,,0.23543115771685155,,18.388692409648385,2.6325480168583484,2.610195741575552,0.0,0.0,0.0,0.0,1,mine
Hyperemic,3,4.528590858545522568e-01,1.7,0.6799999999999999,6.790127793103449,0.7459706653071306,1.785816657750426,0.6081335882893033,,1128.475234733114,,,,,0.24,LAD,3.0451489462863317,4.523932556132727,4.082129617030698,,2082.0361080000002,0.6739496570647096,853.378861,1.1392962820648316,,,,,,0.0001403449530622095,1,mine
Hyperemic,4,4.407935948725615338e-01,2.0,0.6699999999999999,6.762165206896554,0.7479367253707507,1.790297888994485,0.603350969613224,,940.7591208973336,1001.1011708572669,841.1157410064193,0.20974856204508438,0.2306085094703569,0.24,LAD,3.018147813724703,4.5467148313113555,4.0352983231684645,0.9065415447865215,1783.614223,0.8532919396569117,781.208763,0.2749542307485164,7.1777998199202875,1.661024744610349,0.0,0.0,0.0,3.1430248689967e-05,1,mine
Hyperemic,105,6.182608632229936729e-01,1.66,0.79,5.636134655172415,0.4854320423995582,1.302850696108104,1.3810485571590094,,1811.9367193072644,1837.3815561315628,546.8623969262701,0.18532831570747765,0.25708164269341727,0.24,LAD,2.527676909108707,4.891515003286646,5.207066465192631,0.8694731353088281,,0.6110578434487834,,2.146444544145116,4.240137628100795,1.1662791232446703,0.0,0.0,0.0,0.0,1,mine
Hyperemic,102,4.829328158151106054e-01,2.0,0.69,6.343399793103448,0.6602578837271678,1.5527288145548812,0.7989717146227467,,1172.641327560865,1349.616545033686,627.5281643998342,0.1944380562723952,0.23596293326201484,0.24,LAD,2.8448649979894864,4.727773837256254,4.3087179541578084,0.9065772779674406,,0.8292787857953533,,0.6354246012495598,6.304345123373613,4.108480374279441,0.0,0.0,0.0,0.0,1,mine
Hyperemic,5,4.813122844963183544e-01,1.2,0.71,6.701941919540231,0.7440427260355219,1.7046614561576394,0.5864186075378639,,1293.8800952535707,905.2586431544573,982.1901587301684,0.25215725021616037,0.2760529649898376,0.24,LAD,3.004988252400669,4.428578831403934,4.0387307707611475,,1365.681849,0.4351397231514413,554.574982,6.11657980511664,3.661837349076865,3.2946231640161283,0.00015103683112510102,0.0,0.0,0.0,1,mine
Hyperemic,2,4.528590858545522568e-01,1.5,0.6799999999999999,6.758107022988508,0.7605385350066943,1.8455259175423024,0.5810781696865688,,1034.680965097044,,,,,0.24,LAD,3.030155690667825,4.4129187656598505,3.984223745666159,,1900.432391,0.5599938566478975,745.969052,3.4716827247900253,,,,,,0.0,1,mine
Hyperemic,16,5.908588520863007343e-01,2.0,0.81,5.723283206896553,0.5170823897728608,1.2625121137312798,1.1790951401646894,,1599.3248883073552,,,,,0.24,LAD,2.5853725419566738,4.9487671851488155,4.999923789886467,,2169.667977,0.797107391115555,581.733328,0.7341192484426368,,,,,,0.0002341524152492295,1,mine
Hyperemic,29,5.744822650154264299e-01,3.0,0.6699999999999999,5.710921896551725,0.5218719525590396,,,,2506.9610632741797,1059.1460137415613,555.8838788379963,0.15022434067439644,0.16587062931237898,0.24,LAD,,,,0.8749396498089799,1830.526006,1.9061030752993537,641.741912,0.0,0.8687001676422706,3.858521911399193,0.0002386836165743811,0.0,0.0,0.0021711256010690915,,mine
Hyperemic,11,5.583999396986585317e-01,1.7,0.78,5.999472436781613,0.5897835616470474,1.4967669656608036,1.0410571837286555,,1610.8785743913236,1616.8743237681167,685.0532819002452,0.1971204706129845,0.22679635213458615,0.24,LAD,2.6967063634361192,,4.572366099701416,0.8904057626403128,2346.957536,0.6332202494090958,694.570039,2.3939692676470035,9.381607927292322,1.3443801270665623,0.0,0.0004465721421845994,0.0002060665901003062,0.0003255624495771371,1,mine
Hyperemic,27,4.407935948725619779e-01,3.0,0.6699999999999999,6.518807241379308,0.6908273680772723,1.7142826332692163,0.7672094333239904,,2131.8272520957134,931.1602990863101,689.4221650493502,0.16883242330995393,0.1970180567653972,0.24,LAD,,,,0.9060391386550679,1641.570559,1.9266668692229314,807.217486,0.0,1.1047179436472,1.5669983834350605,0.0,0.0,0.0,0.0019051672298997613,,mine
Hyperemic,18,4.528590858545518127e-01,2.5,0.6799999999999999,6.511574356321841,0.6988151738335279,1.710498439765139,0.7372137791636029,,1088.3290212279062,,,,,0.24,LAD,2.9234562944738545,4.5951047544650665,4.183447074333681,,1876.517458,1.4372923543692335,769.259048,0.24910543478014224,,,,,,0.0015131993351027648,1,mine
Hyperemic,87,1.117331976597892851e-01,2.5,0.5800000000000001,7.4895322183908055,0.9190806492490631,2.0545491064470114,0.18089030588931124,,1036.179731568229,228.7479913807293,905.6923312107253,0.30027500597382684,0.25988387318474165,0.24,LAD,3.3609807232469553,3.8393958053593527,3.6568942301125067,,,1.5559465874593543,,1.5519494801002156,67.94763266245519,1.5519494801002156,0.0,0.0,0.0,0.0,0,mine
Hyperemic,45,5.885181794294424007e-01,1.2,0.63,4.1635699885057464,0.7568711198149919,2.6759587677888668,0.8595953017639165,,1327.7529715609612,800.2244054301929,643.1548609246648,0.19106190213997723,0.2363266009707142,0.43,LAD,1.8731865812998028,2.62604053570938,2.474908253544779,0.6411970885104128,1938.923303,0.3912265343289856,438.439425,14.099995865580711,3.3248249766003624,2.931991490019778,0.0,0.0,0.0,0.0,3,mine
Hyperemic,89,2.048441957096109878e-01,1.66,0.5800000000000001,7.4661003563218395,0.932418819267343,2.299125841820929,0.16663932112107277,,354.09860026356836,245.4314955268868,918.1260622813408,0.23801104765331796,0.27283952198638906,0.24,LAD,3.3542092288555407,3.775228065241803,3.5973203881611298,,,0.7991116811220732,,4.362939738652074,34.17916654701156,4.362939738652074,0.0,0.0,,0.0,0,mine
Hyperemic,42,4.525374451060918402e-01,1.2,0.63,4.533894816091955,0.8878546018955159,3.208640971021866,0.4052851878014498,,710.7411059015914,486.585453214505,617.0461792914975,0.18818282037022646,0.23243885069333553,0.43,LAD,2.035282678885836,2.486147118997529,2.292360342043202,0.6710307695376518,1276.5235950000001,0.41841824665182875,572.029588,3.3964194196624065,1.6346310550879493,0.7368843463735306,0.0005915221433868994,0.00013082337504037974,5.7666517467495204e-05,0.0,0,mine
Hyperemic,26,5.883401703217540080e-01,2.5,0.78,5.521073758620689,0.4838699627372058,1.3158484317111423,1.4035773087657295,,1566.7841755888505,1382.0682300726066,498.45167022310807,0.15436960153166765,0.16762232891311166,0.24,LAD,2.4746169363200106,4.944998974502542,5.11421895734412,0.8542600556361211,,1.4171624464143577,,0.8105315919675893,0.9641121483925308,4.398622812674697,0.0031528710311348545,0.0,0.0,0.0025079172206848932,1,mine
Hyperemic,10,5.583999396986585317e-01,1.5,0.78,4.644740482758621,0.6034385529576421,1.6162439707701814,1.0621463356636076,,1603.4032066924383,1425.0936520585053,723.0299951160384,0.2119117026157337,0.24314465535758917,0.24,LAD,2.1047428981512533,4.650768173174628,3.487915857936564,0.8796688121457623,,0.5330497718832734,,6.554413139143866,7.991082504656526,0.9551967596682551,0.0,0.00023344319421472054,0.00010667399067943322,0.0,1,mine
Hyperemic,28,4.791821992728508839e-01,3.0,0.6699999999999999,6.26949251724138,0.6341173095287673,1.5450343648895741,0.8914775260060365,,2337.2306302825345,1087.7114303819303,702.9437028692568,0.16163791075152942,0.18892419147929976,0.24,LAD,,,,0.896448050344565,1719.913802,1.925954228743378,776.568645,0.6199882322180928,1.8407738849780304,2.9468878609798588,0.00012477848617099312,0.0,0.0,0.0030067388699433592,,mine
Hyperemic,88,1.971887809965851002e-01,0.9,0.43,7.529893551724139,0.955572398391019,2.3573700823947332,0.10960163671733375,,415.075689915303,,852.1112578170527,,0.270316769622192,0.24,LAD,3.3465418772526823,3.719529468717946,3.502133258440227,,,0.30298311817803986,,84.72044971874178,,9.104427070039604,,0.0,,0.0,0,mine
Hyperemic,43,4.525374451060918402e-01,1.2,0.63,3.345518252873563,0.9305854312075453,4.6982021133792164,0.3504500101369882,,504.02878280694813,318.27080780434557,428.0651502712763,0.1249790736996265,0.18029069984457766,0.62,LAD,1.5018159062276464,1.697916205709128,1.613839907507322,0.4784084697921411,879.953135,0.4104822091114518,376.756850,1.5539238746983945,0.8221760058685452,3.4747285776189045,0.0010212787304176981,8.15505608154954e-05,0.00012309315188520128,7.143748176052785e-05,2,mine
Hyperemic,44,4.525374451060918402e-01,1.2,0.63,2.641871827586207,0.9521845720622448,6.228996279391036,0.3127987277473944,,378.7534028243902,219.20823757035095,315.5809588680083,0.08438456743055289,0.12847612285610127,0.81,LAD,1.1859463416395282,1.2806483016206447,1.245500480091797,0.29871774129805934,644.577906,0.4011459819060337,265.821498,1.170979141765698,1.6682006892103798,4.934876195125481,0.002517894270148114,0.0,0.0006617863568095172,0.0,2,mine
Hyperemic,86,1.113770310019458476e-01,2.0,0.43,7.493182551724139,0.9376209580254835,2.1706434577333726,0.14441087115501475,,1023.6822439266826,212.6642977426254,979.650865313902,0.31319419713780444,0.23133299808557833,0.24,LAD,3.383632902532916,3.756206726260193,3.6087428225350657,0.9248529689574373,,0.9979619393719008,,4.646975943657963,65.27433742433041,4.646975943657963,0.0,0.0,0.0,0.0,0,mine
Hyperemic,31,4.528590858545518127e-01,2.5,0.6799999999999999,4.39696891954023,0.8330686984997977,3.1318658217770725,0.6275670166154661,,640.6440335077065,605.2747147487365,522.8618905069973,0.1602228747408965,0.12361164046920929,0.43,LAD,1.9740765844063488,2.509660362336347,2.36964440983234,0.6882827319874221,1503.760284,1.106944790817565,362.853009,0.21047291935441584,1.9637056876320207,1.8260573343842634,0.003498644986276411,0.0,0.0,0.004958027463825963,2,mine
Hyperemic,36,5.883401703217540080e-01,2.5,0.78,2.4246578390804605,0.8143860169028653,5.181668622997408,1.181000326923234,,778.9825611530536,566.7719912810163,215.29496278790998,0.1288030046416231,0.059022813305579694,0.81,LAD,1.0867631217570566,1.2557478331465335,1.3344570009809964,0.254525137154013,571.3153990000001,0.6527370075910471,209.035986,0.4406662047319519,1.4596156582377064,4.471410251735233,0.006148238292262398,0.0,0.0003162636153380569,0.008293376757488482,2,mine
Hyperemic,38,1.221245327087672194e-15,0.1,0.251,7.461479057471265,0.964578422484488,1.8008452159937658,0.06613125166895184,,0.0,936.374458853519,936.374458853519,0.246738978350091,0.2532575951228662,0.24,LAD,3.3628803828756553,1.0148960348547051,3.4863732222143256,0.9032155951429448,1929.592179,0.0,1010.994858,0.0,4.369296020094136,25.64289425477569,0.0,0.0,0.0,0.0,0,mine
Hyperemic,53,3.025495305936860557e-01,0.9,0.61,2.6828778965517244,0.9845733001599538,7.010223977318492,0.10983907555894298,,241.6225218736513,78.10411912282758,327.48764622021844,0.008461929556350152,0.04284752873359605,0.24,LCX,1.2027491427881933,1.2353064101066003,1.2215943115589207,0.19095877163430824,643.138253,0.2591996674785377,260.938233,0.49420722737386985,0.28307299595399865,5.9058722413658415,0.08401460734621552,0.0,0.018778420599756755,0.006328379497156365,2,mine
Hyperemic,98,4.058147879532344460e-01,2.0,0.9,7.178217183908046,0.8391464266479334,2.074949386858641,0.39774110072082014,,987.2837478242972,638.2716610565534,772.7755376904504,0.21020448452801901,0.2538017178682272,0.24,LAD,3.2169439016978054,4.285105703777623,3.833590657769058,,,0.8938772288137928,,0.4192609412398228,4.804038087851483,6.716936457167476,0.0,0.0,0.0,0.0009301495124552576,0,mine
Hyperemic,54,3.007901338947706060e-01,3.0,0.9,7.312828839080461,0.8427379507108205,2.529300164705266,0.47198886300719006,,966.564181905785,232.55271146695515,925.3396628426545,0.10490682091280513,0.18794561553358097,0.24,LCX,3.2707953711284263,3.9433113258619708,3.8811535286498287,0.9242231515101843,1863.3892369999999,2.259310265492414,1084.868221,2.1430278430587597,2.9674509363776087,5.176404848367747,0.006228524867171272,0.0,0.0,0.0033124488614446916,0,mine
Hyperemic,96,3.916117361723976398e-01,0.9,0.745,7.430936758620687,0.9263184144450602,2.44565604463464,0.19453334002720546,,815.5090045971403,338.0850954423585,895.7689062087742,0.193373336863056,0.29104681545101607,0.24,LAD,3.3278837923318436,3.9012699518055505,3.592591640667659,,,0.2915161641897961,,4.082003389731907,0.5109381576396892,7.018690653757756,0.0036396223816133597,0.0,0.0,0.0,0,mine
Hyperemic,91,2.048441957096112098e-01,2.5,0.5800000000000001,7.447860241379311,0.9102725726031675,2.082481476328134,0.20527445415400952,,981.5422073464778,259.1238709593554,856.0939946475044,0.2339780218799537,0.26544814165025427,0.24,LAD,3.3502331401199155,3.8707080348765186,3.680472466108727,,,1.5222927289468207,,6.813019877073231,48.15929761477047,8.349790135195938,0.0,0.0,0.0,0.0,0,mine
Hyperemic,39,1.221245327087672194e-15,0.1,0.251,4.726278620689654,0.9801345828098009,3.0038242848749523,0.060881662204007835,,0.0,545.206071327034,545.206071327034,0.11080781797420228,0.12795355838441888,0.43,LAD,2.1301285623266737,0.6084479302940394,2.1733021155320604,0.6319629009989032,1107.928699,0.0,559.284393,0.0,2.36701954306081,12.382205189233677,0.0,0.0,0.0,0.0,0,mine
Hyperemic,30,5.891022860976811160e-01,3.0,0.6699999999999999,5.458982977011495,0.46954648881869165,1.291723808554953,1.4592792109857442,,1853.718001829782,1166.2347275081481,532.3045266068085,0.14646902993489097,0.15882195261575457,0.24,LAD,,,,0.8521015753267414,1840.200601,1.892811096082592,596.237418,0.0,1.7197856658889694,4.616771148741651,0.001130923609697221,0.0,0.0,0.002497940888560758,,mine
Hyperemic,90,2.048441957096110988e-01,2.0,0.5800000000000001,7.43101511494253,0.9277427714462592,2.212383997517603,0.17231148662905893,,982.8602258516474,247.97284862631201,814.4667631085815,0.24031824585937903,0.23758162349836964,0.24,LAD,3.3414766770780773,3.8361425078497398,3.6017275261213255,,,0.9574137826354506,,7.87367630499969,35.965650573621645,7.87367630499969,0.0,0.0,0.0,0.0,0,mine
Hyperemic,97,4.058147879532344460e-01,1.66,0.9,7.189452103448272,0.8494838429169274,2.1677092654893473,0.3840864909148527,,818.0783961528193,603.253188312496,825.1230002791011,0.20790189754631716,0.27859146282906644,0.24,LAD,3.2389673190773203,4.225806520413059,3.812865125198226,0.9159878473309466,,0.7081403334937781,,0.6836883219436792,5.910061844150923,11.244383037278103,0.0,0.0,0.0,0.000921642472350111,0,mine
Hyperemic,55,3.007901338947706060e-01,3.0,0.9,2.6786787241379306,0.9646902231417522,8.079212891367535,0.29571690221488606,,270.97686473379787,61.44473692777238,270.97686473379787,0.0,0.042533224290969264,0.24,LCX,1.198087657245405,1.2345036725846936,1.2419402918208668,0.1954033407466782,534.485786,0.5738413389593684,267.775446,0.3791010713990418,6.289354415098256,3.989964346347378,0.0,0.0,0.0005879417650930478,0.017660760093013185,2,mine
Hyperemic,52,3.025495305936860557e-01,0.9,0.61,7.3823949080459785,0.9126962358029159,2.1120687294224996,0.20202948482561042,,949.2568550475628,322.08278645447564,1106.0174778485587,0.24375966528453363,0.19295350104538497,0.24,LCX,3.30956886214931,4.100138643609553,3.6261449673207213,0.8904357673507558,2187.311718,0.3006506296431454,1046.328859,3.2074905986691657,11.478017536415903,10.414120380224864,0.0,0.0,6.917683382804999e-05,0.0,0,mine
Hyperemic,99,4.058147879532344460e-01,2.5,0.9,7.108032045977007,0.8157116556005558,1.9900803580543631,0.4496057055083739,,928.8003228589216,631.8463008447188,780.5529542917068,0.1914348814016365,0.2587242091584432,0.24,LAD,3.164899229390563,4.305304054999054,3.8799239996889003,,,1.503967124150797,,0.6580354014822514,3.4289668800633035,8.491129764114707,0.0003553495288070921,0.0,0.0,0.0029700346658295958,0,mine
Hyperemic,9,5.583999396986579766e-01,1.2,0.78,6.17815655172414,0.6296376913093262,1.5922381336964673,0.9365782883087361,,1722.3087019183124,1114.227683762254,894.0199568751415,0.24611269687793272,0.27447070013929287,0.24,LAD,2.758136881581016,,4.380514253912427,0.8598448436866624,,0.4149818606781912,0.000000,11.804044583698165,8.503777285952857,5.017626507912249,0.0,0.0,0.0,0.0,1,mine
Hyperemic,7,4.813122844963170222e-01,1.7,0.71,6.520036149425287,0.7077159550196611,1.745610643582668,0.7209306731722623,,1169.685259924697,,,,,0.24,LAD,2.917751352875678,,4.122771759179316,,1956.971145,0.6559734235479476,854.802792,1.0051501107166607,,,,,,0.0,1,mine
Hyperemic,107,6.182608632229936729e-01,2.5,0.79,5.381528793103448,0.4313608868084832,1.1808125155343643,1.5565995949396776,,1723.9782614983283,1337.2259322407613,471.2076589664077,0.14313673623467504,0.15386598357578374,0.24,LAD,2.397045780736027,5.010605656386803,5.556938178774363,,,1.5315644385751392,,0.47860158830502925,1.1356984533404038,0.7276483968236219,0.0017617224738368043,0.00017355212008469563,6.85921475604957e-05,0.002065594766947669,1,mine
Hyperemic,100,4.980058769521806816e-01,0.9,0.69,6.9011387586206885,0.7675911407325787,1.9577549022976155,0.5927629429567739,,1865.766859946945,557.9601136950087,826.567910677607,0.18488416589885812,0.2857389083128153,0.24,LAD,3.069398820963566,4.153824339798165,3.9987418536829034,0.8519860684276246,,0.23628037263340326,,6.841795528281082,2.343825945531465,4.308568545639232,0.0011868360023177163,0.0,0.00036366341654902885,0.0,1,mine
Hyperemic,1,4.528590858545522568e-01,1.2,0.6799999999999999,6.834801517241383,0.7827957385073367,1.8296084925168028,0.5076659745179392,,1141.9385553511431,834.9112970551733,1020.278408579613,0.2552965294965516,0.2751923116871046,0.24,LAD,3.0681684745511055,4.36003305550364,3.919500737704066,,2024.27804,0.44339622533150524,833.409859,6.081414577109654,5.800368902956477,1.6623415456538202,0.0,0.0,,0.0,1,mine
Hyperemic,6,4.813122844963169111e-01,1.5,0.71,6.671608126436781,0.7182265696914918,1.7736896142234237,0.6958509027548013,,1151.8460626678298,,,,,0.24,LAD,3.0181002692907337,4.548208841823299,4.202156250759608,,1967.172652,0.5499944305305351,818.044982,6.5277998492500355,,,,,,0.0,1,mine
Hyperemic,8,4.813122844963170222e-01,2.0,0.71,6.467248103448277,0.6968829783228887,1.6053858157157246,0.6982804606212716,,1065.1465905627658,,,,,0.24,LAD,2.909309254071103,4.645729925783361,4.174745752970773,,1837.066068,0.8358743120788187,768.942716,0.2998333398156842,,,,,,0.0002105273834485561,1,mine
Hyperemic,101,4.829328158151106054e-01,1.66,0.69,6.536936839080457,0.6804581247725437,1.6123212470682096,0.7571430717054976,,1333.9336734882993,1344.2407077661499,654.3807928358958,0.21740795127820586,0.2556259674509181,0.24,LAD,2.9091179079025196,4.633779080784821,4.275234289949801,0.9127237697581637,,0.6054054809393414,,2.4302514845828784,7.0581643901626805,1.8796814463132525,0.0,0.0,0.0,0.0,1,mine
Hyperemic,106,6.182608632229936729e-01,2.0,0.79,5.530506528735634,0.4621054540174216,1.2491510623731163,1.454022101919428,,1668.8299722025417,1760.5766910096352,496.5907203739743,0.16391340051873857,0.21631925680554423,0.24,LAD,2.469896053649211,4.969238348524052,5.344875357294733,0.851102959995269,,0.7676528077080293,,1.4577036745711562,4.440677750969987,1.4732560796032914,0.0,0.0007777370516774118,0.0003049433158119458,0.0006141523550812847,1,mine
Hyperemic,84,1.075575169072274795e-01,0.9,0.43,7.540075137931037,0.9603568198240049,2.2430431348900313,0.0925920046626733,,281.4165392324781,183.87136941904916,900.4731887750416,0.3034828634000793,0.2335228311835859,0.24,LAD,3.3683922399091735,3.679783438616649,3.5074382462619105,0.9104545633699057,,0.22707993577715951,,81.25501415862131,52.910630632366974,5.294938492758576,0.0,0.0,0.0,0.0,0,mine
Hyperemic,41,1.221245327087672194e-15,0.1,0.251,2.6848443103448285,0.9899141566166537,5.521875103972297,0.056260199037269254,,0.0,266.3086567563984,266.3086567563984,0.05368366734716016,0.07185251399751443,0.81,LAD,1.2100563698953615,0.3309873249006226,1.2223851551240703,0.1104270482542194,514.053816,0.0,249.423284,0.0,0.8374723002253599,6.753689151613659,0.0007037876550675505,0.0,0.0003965541567252707,0.0,2,mine
Hyperemic,46,5.885181794294424007e-01,1.2,0.63,3.1513803793103454,0.838027839958139,3.972473456829449,0.7677908487428824,,997.1304542329259,552.5574214107638,471.77565193879076,0.14859737238566215,0.18943115792259435,0.62,LAD,1.4178033407369668,1.7689674386670642,1.691833222160959,0.4398544268775754,1446.800495,0.3750142550962931,301.783643,6.92131517578787,2.671673424443566,0.3263057789376667,0.0002918304560650058,0.002342299975855244,0.001170180691517149,0.0,2,mine
Hyperemic,12,5.583999396986588648e-01,2.0,0.78,5.969609988505748,0.5777991208942236,1.417515595784849,1.0357861565456994,,1345.7817897080702,,,,,0.24,LAD,2.675330730580577,4.804093749467398,4.630209070654408,,2048.599702,0.8123496358117005,661.602462,1.3253958737831455,,,,,,0.0,1,mine
Hyperemic,15,5.908588520863007343e-01,1.7,0.81,5.6681633793103465,0.5260450530088574,1.4513301076042668,1.3076162968966223,,1876.0283977409554,,,,,0.24,LAD,2.57560635831084,4.725689004207109,4.8961706674722265,,2670.552745,0.6280454517046051,686.982560,0.8259944437131592,,,,,,0.0,1,mine
Hyperemic,47,5.885181794294424007e-01,1.2,0.63,2.5270479310344833,0.8844872559476733,5.288602874350548,0.6906838126963308,,773.9489090417396,393.33114164443566,351.85357907858145,0.09885017815307427,0.1334678467638394,0.81,LAD,1.1369167055635507,1.3287396242553835,1.2853963671250581,0.2714079461714206,1108.984903,0.36448036890674096,218.421619,5.88239409332784,3.7808973293528445,0.49483771244608366,0.0002918304560650058,0.0042579376556619855,0.0026659798246696865,0.0,2,mine
Hyperemic,40,1.221245327087672194e-15,0.1,0.251,3.429377321839081,0.9864955494291824,4.247876023669794,0.0581505226514236,,0.0,371.0658622187311,371.0658622187311,0.08253556501833,0.08841892133208663,0.62,LAD,1.5456165771240205,0.43025518139302715,1.5667750128405173,0.29254894131752934,732.6753630000001,0.0,358.635663,0.0,1.7959130763531197,7.043540166483901,0.00012809397067215138,0.0,5.2091739179235385e-05,0.0,2,mine
Hyperemic,85,1.117331976597878418e-01,1.66,0.5800000000000001,7.519632252873565,0.9395705535762842,2.2373413683322725,0.14389691102449068,,260.8011522057033,213.6075108915705,876.1074506591019,0.2698835109681496,0.27769091421952496,0.24,LAD,3.3651804828833964,3.728491011466234,3.581615526449314,,,0.8230015528005965,,11.02711935558676,54.24575856446431,11.02711935558676,0.0,0.0,0.0,0.0,0,mine
Hyperemic,25,5.908588520863014004e-01,2.5,0.81,,,,,,,,,,,0.24,LAD,,,,,,,0.000000,,,,,,,,,mine
Hyperemic,22,4.813122844963170222e-01,2.5,0.71,6.339156459770118,0.661776336582346,1.6172687340051173,0.8265610686095878,,1082.3517883344773,,,,,0.24,LAD,2.8425564680473356,4.639312027200237,4.295343170968204,,1733.477824,1.4076785491948123,736.532308,0.5635368408773177,,,,,,0.002225672234058495,1,mine
Hyperemic,14,5.908588520863007343e-01,1.5,0.81,5.788441356321839,0.5451438695672088,1.4144430551846792,1.180180372035752,,1870.9997634876638,,,,,0.24,LAD,2.611048682076923,4.74066039585336,4.789650636904056,,2592.773447,0.5229797861753676,682.219004,4.386170626703445,,,,,,0.0,1,mine
Hyperemic,13,5.908588520863005122e-01,1.2,0.81,5.8820340574712615,0.5768690979759261,1.5101850592421517,1.1077139832632845,,1897.2390603912395,1168.7414772287102,913.2225482059446,0.24039539824402795,0.2745958286935022,0.24,LAD,2.6463220980123063,4.6531887950387345,4.587387515291628,0.8460779493842456,,0.4009513753926675,0.000000,16.903581091850505,3.452354719242726,8.315521376549851,0.0,0.0,0.0,0.0,1,mine
Hyperemic,108,,,,,0.868852459,0.654320988,,0.486771959,,,,,,,,1.528301887,1.758988964,1.7589889643162075,,,,,,,,,,,,2,garcia
Hyperemic,109,,,,,0.95,0.76,,0.002712001,,,,,,,,3.225806452,3.353140917,3.3955857389473687,,,,,,,,,,,,0,garcia
Hyperemic,110,,,,,0.512195122,0.763636364,,1.521986622,,,,,,,,2.5,4.345238095,4.880952380487529,,,,,,,,,,,,1,garcia
Hyperemic,111,,,,,0.727272727,0.769230769,,0.843706586,,,,,,,,2.476190476,3.311904762,3.404761905776786,,,,,,,,,,,,1,garcia
Hyperemic,112,,,,,0.736842105,0.853658537,,0.970964313,,,,,,,,3.416666667,4.783333333,4.63690476401318,,,,,,,,,,,,1,garcia
Hyperemic,113,,,,,0.602564103,0.854545455,,1.411288324,,,,,,,,1.375,1.960106383,2.2819148919662746,,,,,,,,,,,,3,garcia
Hyperemic,114,,,,,0.703703704,0.890625,,1.168503303,,,,,,,,3.2,4.715789474,4.54736841913795,,,,,,,,,,,,1,garcia
Hyperemic,115,,,,,0.888888889,0.91954023,,0.521613504,,,,,,,,2.806451613,3.33266129,3.157258064230343,,,,,,,,,,,,0,garcia
Hyperemic,116,,,,,0.788990826,0.924731183,,0.825413948,,,,,,,,2.447368421,2.845777234,3.1018971835294824,,,,,,,,,,,,1,garcia
Hyperemic,117,,,,,0.802469136,0.942028986,,0.927073811,,,,,,,,2.15625,2.687019231,2.6870192301078104,,,,,,,,,,,,0,garcia
Hyperemic,118,,,,,0.505882353,0.955555556,,1.717476272,,,,,,,,1.285714286,1.88372093,2.5415282394719156,,,,,,,,,,,,3,garcia
Hyperemic,119,,,,,0.53,0.963636364,,1.592024488,,,,,,,,1.018518519,1.191474493,1.9217330547169809,,,,,,,,,,,,3,garcia
Hyperemic,120,,,,,0.769230769,0.967741935,,1.071141136,,,,,,,,1.9375,2.260416667,2.518750000755625,,,,,,,,,,,,3,garcia
Hyperemic,121,,,,,0.773809524,0.984848485,,1.040317739,,,,,,,,2.129032258,2.55483871,2.751364763507356,,,,,,,,,,,,1,garcia
Hyperemic,122,,,,,0.97826087,0.989010989,,-0.216400779,,,,,,,,3.5,3.616666667,3.5777777761876544,,,,,,,,,,,,0,garcia
Hyperemic,123,,,,,0.862068966,1,,0.729710729,,,,,,,,2.027027027,2.675675676,2.351351350003243,,,,,,,,,,,,0,garcia
Hyperemic,124,,,,,0.904109589,1,,0.606662178,,,,,,,,4.4,5.066666667,4.866666666887879,,,,,,,,,,,,0,garcia
Hyperemic,125,,,,,0.453333333,1.03030303,,1.976407986,,,,,,,,1.064516129,1.565464896,2.348197345108969,,,,,,,,,,,,3,garcia
Hyperemic,126,,,,,0.670212766,1.032786885,,1.321354033,,,,,,,,1.605263158,2.038429407,2.395154553054276,,,,,,,,,,,,3,garcia
Hyperemic,127,,,,,0.777777778,1.044776119,,1.0495324,,,,,,,,2.481481481,2.977777778,3.190476188945578,,,,,,,,,,,,1,garcia
Hyperemic,128,,,,,0.875,1.069444444,,0.727379702,,,,,,,,2.25,2.62987013,2.5714285714285716,,,,,,,,,,,,0,garcia
Hyperemic,129,,,,,0.723809524,1.070422535,,1.16053331,,,,,,,,2.62962963,3.460038986,3.6330409352281476,,,,,,,,,,,,1,garcia
Hyperemic,130,,,,,0.75257732,1.073529412,,1.115845426,,,,,,,,3.777777778,5.01978691,5.019786907742582,,,,,,,,,,,,1,garcia
Hyperemic,131,,,,,0.823529412,1.076923077,,1.047826568,,,,,,,,2.6,3.296428571,3.1571428562408164,,,,,,,,,,,,0,garcia
Hyperemic,132,,,,,0.928571429,1.098591549,,0.476286562,,,,,,,,2.679245283,3.366231253,2.885341072668304,,,,,,,,,,,,0,garcia
Hyperemic,133,,,,,0.43,1.102564103,,1.974397651,,,,,,,,1.344827586,1.876503609,3.1275060139534885,,,,,,,,,,,,3,garcia
Hyperemic,134,,,,,0.85106383,1.15942029,,0.869081864,,,,,,,,3,3.4875,3.52499999911875,,,,,,,,,,,,0,garcia
Hyperemic,135,,,,,0.568807339,1.192307692,,1.64074318,,,,,,,,1.368421053,1.986417657,2.4057724983045623,,,,,,,,,,,,3,garcia
Hyperemic,136,,,,,0.551282051,1.194444444,,1.832115052,,,,,,,,3,4.88372093,5.4418604679004865,,,,,,,,,,,,1,garcia
Hyperemic,137,,,,,0.93,1.207792208,,0.472768599,,,,,,,,2.483870968,3.124869927,2.6708289978494624,,,,,,,,,,,,0,garcia
Hyperemic,138,,,,,0.922222222,1.23880597,,0.593600444,,,,,,,,3.19047619,3.459552496,3.45955249601435,,,,,,,,,,,,0,garcia
Hyperemic,139,,,,,0.666666667,1.25,,1.515290789,,,,,,,,2.666666667,3.288888889,3.9999999985,,,,,,,,,,,,1,garcia
Hyperemic,140,,,,,0.898876404,1.25,,0.742534571,,,,,,,,2.285714286,2.428571429,2.5428571445735715,,,,,,,,,,,,0,garcia
Hyperemic,141,,,,,0.588888889,1.261904762,,1.722355153,,,,,,,,1.68,2.757735849,2.852830188140975,,,,,,,,,,,,3,garcia
Hyperemic,142,,,,,0.804347826,1.275862069,,1.129068527,,,,,,,,2.761904762,3.284427284,3.4337194342090505,,,,,,,,,,,,0,garcia
Hyperemic,143,,,,,0.791666667,1.288135593,,1.159977982,,,,,,,,3.470588235,4.064241486,4.3839009265752,,,,,,,,,,,,1,garcia
Hyperemic,144,,,,,0.707317073,1.288888889,,1.474438224,,,,,,,,3.214285714,4.322660099,4.544334976062426,,,,,,,,,,,,1,garcia
Hyperemic,145,,,,,0.834951456,1.303030303,,0.99201306,,,,,,,,2.538461538,3.040250447,3.0402504478056747,,,,,,,,,,,,0,garcia
Hyperemic,146,,,,,0.774193548,1.309090909,,1.242145925,,,,,,,,2.5,3.090277778,3.22916666828125,,,,,,,,,,,,1,garcia
Hyperemic,147,,,,,0.784313725,1.31147541,,1.17241502,,,,,,,,1.967741935,2.435080645,2.5088709686930444,,,,,,,,,,,,3,garcia
Hyperemic,148,,,,,0.663551402,1.314814815,,1.492166991,,,,,,,,1.542857143,2.129577465,2.325150905189407,,,,,,,,,,,,3,garcia
Hyperemic,149,,,,,0.882352941,1.315789474,,0.888902298,,,,,,,,1.461538462,1.734358974,1.6564102572646155,,,,,,,,,,,,2,garcia
Hyperemic,150,,,,,0.79,1.316666667,,1.166568803,,,,,,,,4.285714286,5.153707052,5.424954792405063,,,,,,,,,,,,1,garcia
Hyperemic,151,,,,,0.733333333,1.32,,1.382923243,,,,,,,,3.125,4.308712121,4.26136363830062,,,,,,,,,,,,1,garcia
Hyperemic,152,,,,,0.851851852,1.333333333,,0.927073811,,,,,,,,2.225806452,2.491935484,2.6129032258064515,,,,,,,,,,,,0,garcia
Hyperemic,153,,,,,0.910714286,1.342105263,,0.639024825,,,,,,,,4.470588235,4.952710496,4.908881197675645,,,,,,,,,,,,0,garcia
Hyperemic,154,,,,,0.81,1.35,,1.12310311,,,,,,,,2.5,2.87037037,3.0864197530864197,,,,,,,,,,,,0,garcia
Hyperemic,155,,,,,0.742268041,1.358490566,,1.350040279,,,,,,,,1.827586207,2.512931034,2.462164751883747,,,,,,,,,,,,3,garcia
Hyperemic,156,,,,,0.790322581,1.361111111,,1.40199036,,,,,,,,1.714285714,2.16909621,2.1690962085771406,,,,,,,,,,,,3,garcia
Hyperemic,157,,,,,0.841463415,1.38,,1.116655353,,,,,,,,3.333333333,3.913043478,3.9613526548863685,,,,,,,,,,,,0,garcia
Hyperemic,158,,,,,0.841463415,1.38,,1.116655353,,,,,,,,3.333333333,3.913043478,3.9613526548863685,,,,,,,,,,,,0,garcia
Hyperemic,159,,,,,0.25,1.4,,2.847810041,,,,,,,,1.071428571,1.632653061,4.285714284,,,,,,,,,,,,3,garcia
Hyperemic,160,,,,,0.72,1.411764706,,1.432669689,,,,,,,,1.821428571,2.150297619,2.5297619041666666,,,,,,,,,,,,3,garcia
Hyperemic,161,,,,,0.790123457,1.422222222,,1.324675903,,,,,,,,1.5,1.828125,1.8984374994957276,,,,,,,,,,,,3,garcia
Hyperemic,162,,,,,0.617886179,1.433962264,,1.624198128,,,,,,,,2.12,2.594210526,3.4310526308114753,,,,,,,,,,,,1,garcia
Hyperemic,163,,,,,0.81981982,1.444444444,,1.103000906,,,,,,,,2.25,2.521978022,2.7445054939023064,,,,,,,,,,,,0,garcia
Hyperemic,164,,,,,0.875,1.448275862,,0.952977268,,,,,,,,3.222222222,4.066137566,3.6825396822857144,,,,,,,,,,,,0,garcia
Hyperemic,165,,,,,0.680851064,1.454545455,,1.590867911,,,,,,,,2.933333333,4.4,4.308333331766668,,,,,,,,,,,,1,garcia
Hyperemic,166,,,,,0.858823529,1.46,,1.081893247,,,,,,,,5.376344086,6.186478126,6.260126678480882,,,,,,,,,,,,0,garcia
Hyperemic,167,,,,,0.65,1.477272727,,1.657814701,,,,,,,,2.2,2.876923077,3.3846153846153846,,,,,,,,,,,,1,garcia
Hyperemic,168,,,,,0.891304348,1.490909091,,0.919926631,,,,,,,,2.2,2.52195122,2.4682926824452114,,,,,,,,,,,,0,garcia
Hyperemic,169,,,,,0.964705882,1.490909091,,0.397047885,,,,,,,,1.896551724,2.289739277,1.9659377634021724,,,,,,,,,,,,2,garcia
Hyperemic,170,,,,,0.888888889,1.491525424,,0.900340671,,,,,,,,3.470588235,3.707219251,3.904411763886949,,,,,,,,,,,,0,garcia
Hyperemic,171,,,,,0.968085106,1.491803279,,0.307113594,,,,,,,,3.210526316,3.775014459,3.316367844213069,,,,,,,,,,,,0,garcia
Hyperemic,172,,,,,0.692307692,1.5,,1.60131146,,,,,,,,2.1,2.8,3.033333334681482,,,,,,,,,,,,1,garcia
Hyperemic,173,,,,,0.852631579,1.5,,1.081992526,,,,,,,,2.842105263,3.333333333,3.333333332942387,,,,,,,,,,,,0,garcia
Hyperemic,174,,,,,0.925531915,1.5,,0.718894062,,,,,,,,2.9,3.266666667,3.13333333297318,,,,,,,,,,,,0,garcia
Hyperemic,175,,,,,0.936842105,1.508474576,,0.637099237,,,,,,,,3.105263158,3.384387936,3.314606742616463,,,,,,,,,,,,0,garcia
Hyperemic,176,,,,,0.712765957,1.522727273,,1.545110421,,,,,,,,1.76,2.364179104,2.469253732891174,,,,,,,,,,,,3,garcia
Hyperemic,177,,,,,0.7625,1.525,,1.475285628,,,,,,,,2.222222222,2.550091075,2.9143897993442627,,,,,,,,,,,,1,garcia
Hyperemic,178,,,,,0.977777778,1.543859649,,0.189932294,,,,,,,,3.166666667,3.238636364,3.238636363241219,,,,,,,,,,,,0,garcia
Hyperemic,179,,,,,0.933333333,1.555555556,,0.71401574,,,,,,,,2.842105263,3.214285714,3.0451127828732547,,,,,,,,,,,,0,garcia
Hyperemic,180,,,,,0.464285714,1.56,,2.257984506,,,,,,,,1.5625,2.524038462,3.365384617455621,,,,,,,,,,,,3,garcia
Hyperemic,181,,,,,0.694444444,1.5625,,1.732774734,,,,,,,,3.2,4.352,4.60800000294912,,,,,,,,,,,,1,garcia
Hyperemic,182,,,,,0.815217391,1.5625,,1.268618456,,,,,,,,3,3.88,3.6800000013738665,,,,,,,,,,,,0,garcia
Hyperemic,183,,,,,0.743902439,1.564102564,,1.54074209,,,,,,,,3.545454545,4.82414307,4.766020863926755,,,,,,,,,,,,1,garcia
Hyperemic,184,,,,,0.76744186,1.571428571,,1.455183424,,,,,,,,3,4,3.909090911460055,,,,,,,,,,,,1,garcia
Hyperemic,185,,,,,0.870588235,1.574468085,,1.097848979,,,,,,,,3.133333333,3.641441441,3.5990990999321277,,,,,,,,,,,,0,garcia
Hyperemic,186,,,,,0.921348315,1.576923077,,0.813743362,,,,,,,,3.466666667,4.100813008,3.7626016247720604,,,,,,,,,,,,0,garcia
Hyperemic,187,,,,,0.87,1.581818182,,1.033869983,,,,,,,,2.291666667,2.634099617,2.6340996172413793,,,,,,,,,,,,0,garcia
Hyperemic,188,,,,,0.38,1.583333333,,2.432621216,,,,,,,,1.090909091,1.66507177,2.8708133973684213,,,,,,,,,,,,3,garcia
Hyperemic,189,,,,,0.56043956,1.59375,,1.992412044,,,,,,,,2.133333333,3.262745098,3.8065359501031657,,,,,,,,,,,,1,garcia
Hyperemic,190,,,,,0.88372093,1.610169492,,1.052768012,,,,,,,,2.025751073,2.372261125,2.2922972674190256,,,,,,,,,,,,0,garcia
Hyperemic,191,,,,,0.336633663,1.619047619,,2.582288223,,,,,,,,1.3125,2.007352941,3.8988970630664466,,,,,,,,,,,,3,garcia
Hyperemic,192,,,,,0.764705882,1.625,,1.351433987,,,,,,,,2.074074074,2.347578348,2.712250713405654,,,,,,,,,,,,1,garcia
Hyperemic,193,,,,,0.88,1.62962963,,1.015045736,,,,,,,,2.454545455,2.789256198,2.789256198863636,,,,,,,,,,,,0,garcia
Hyperemic,194,,,,,0.622807018,1.651162791,,1.767183554,,,,,,,,2.6875,4.012323944,4.315140841910037,,,,,,,,,,,,1,garcia
Hyperemic,195,,,,,0.91,1.654545455,,0.87416914,,,,,,,,3.055555556,3.290598291,3.357753358241758,,,,,,,,,,,,0,garcia
Hyperemic,196,,,,,0.679487179,1.65625,,1.788292062,,,,,,,,2.909090909,4.061749571,4.281303604994142,,,,,,,,,,,,1,garcia
Hyperemic,197,,,,,0.833333333,1.666666667,,1.270318241,,,,,,,,3.461538462,4.153846154,4.1538461560615385,,,,,,,,,,,,0,garcia
Hyperemic,198,,,,,0.9,1.666666667,,0.93586449,,,,,,,,1.636363636,1.727272727,1.8181818177777778,,,,,,,,,,,,2,garcia
Hyperemic,199,,,,,0.87,1.673076923,,1.082588675,,,,,,,,3.466666667,3.944827586,3.9846743298850575,,,,,,,,,,,,0,garcia
Hyperemic,200,,,,,0.85046729,1.685185185,,1.139984473,,,,,,,,2.7,3.026373626,3.1747252736786624,,,,,,,,,,,,0,garcia
Hyperemic,201,,,,,0.616161616,1.694444444,,1.867830605,,,,,,,,1.714285714,2.304449649,2.7822014054182826,,,,,,,,,,,,3,garcia
Hyperemic,202,,,,,0.674698795,1.696969697,,1.794987894,,,,,,,,1.941176471,3.085084034,2.8771008417170805,,,,,,,,,,,,3,garcia
Hyperemic,203,,,,,0.895238095,1.709090909,,0.961319316,,,,,,,,2.75,3.188829787,3.0718085114552682,,,,,,,,,,,,0,garcia
Hyperemic,204,,,,,0.395604396,1.714285714,,2.49657611,,,,,,,,1.4,2.372222222,3.5388888853499996,,,,,,,,,,,,3,garcia
Hyperemic,205,,,,,0.894230769,1.722222222,,0.977257175,,,,,,,,2.571428571,2.903225806,2.875576037129181,,,,,,,,,,,,0,garcia
Hyperemic,206,,,,,0.873873874,1.732142857,,1.050403991,,,,,,,,2.153846154,2.464710547,2.4647105470050934,,,,,,,,,,,,0,garcia
Hyperemic,207,,,,,0.92920354,1.75,,0.747439496,,,,,,,,2.068965517,2.266009852,2.2266009845377903,,,,,,,,,,,,0,garcia
Hyperemic,208,,,,,0.74,1.761904762,,1.569126777,,,,,,,,1.909090909,2.167076167,2.57985257972973,,,,,,,,,,,,3,garcia
Hyperemic,209,,,,,0.277108434,1.769230769,,2.950916555,,,,,,,,1.007751938,2.409841591,3.6366700336518805,,,,,,,,,,,,3,garcia
Hyperemic,210,,,,,0.963855422,1.777777778,,0.571348237,,,,,,,,5.487804878,5.693597561,5.693597559074582,,,,,,,,,,,,0,garcia
Hyperemic,211,,,,,0.771186441,1.784313725,,1.416875421,,,,,,,,2.217391304,2.63162924,2.875298612777348,,,,,,,,,,,,1,garcia
Hyperemic,212,,,,,0.755555556,1.789473684,,1.583507497,,,,,,,,1.80952381,2.075630252,2.3949579824147307,,,,,,,,,,,,3,garcia
Hyperemic,213,,,,,0.875,1.790697674,,1.175107784,,,,,,,,2.388888889,2.637085137,2.7301587302857144,,,,,,,,,,,,0,garcia
Hyperemic,214,,,,,0.581081081,1.791666667,,2.13159122,,,,,,,,1.5,1.988372093,2.581395349197404,,,,,,,,,,,,3,garcia
Hyperemic,215,,,,,0.886075949,1.794871795,,1.172765305,,,,,,,,2.6,2.822857143,2.934285715501347,,,,,,,,,,,,0,garcia
Hyperemic,216,,,,,0.741176471,1.8,,1.654938602,,,,,,,,2.916666667,3.75,3.9351851834487066,,,,,,,,,,,,1,garcia
Hyperemic,217,,,,,0.715517241,1.804347826,,1.593650286,,,,,,,,2.875,3.983433735,4.018072291286689,,,,,,,,,,,,1,garcia
Hyperemic,218,,,,,0.875,1.82,,1.116655353,,,,,,,,2.173913043,2.269469661,2.4844720491428576,,,,,,,,,,,,0,garcia
Hyperemic,219,,,,,0.79245283,1.826086957,,1.417559027,,,,,,,,1.642857143,2.092687075,2.073129252374555,,,,,,,,,,,,3,garcia
Hyperemic,220,,,,,0.703296703,1.828571429,,1.743879685,,,,,,,,2.5,3.5546875,3.5546875014996338,,,,,,,,,,,,1,garcia
Hyperemic,221,,,,,0.85,1.837837838,,1.343429807,,,,,,,,3.083333333,3.31004902,3.6274509800000003,,,,,,,,,,,,0,garcia
Hyperemic,222,,,,,0.861702128,1.840909091,,1.227690009,,,,,,,,2,2.148148148,2.320987653404054,,,,,,,,,,,,,garcia
Hyperemic,223,,,,,0.931034483,1.840909091,,0.891897907,,,,,,,,2.2,2.444444444,2.362962962350343,,,,,,,,,,,,0,garcia
Hyperemic,224,,,,,0.78,1.857142857,,1.49657611,,,,,,,,3.230769231,3.727810651,4.142011834615385,,,,,,,,,,,,1,garcia
Hyperemic,225,,,,,0.702970297,1.868421053,,1.718206071,,,,,,,,2.923076923,4.158179848,4.158179848386966,,,,,,,,,,,,1,garcia
Hyperemic,226,,,,,0.666666667,1.875,,1.867473308,,,,,,,,1.777777778,2.666666667,2.6666666656666664,,,,,,,,,,,,3,garcia
Hyperemic,227,,,,,0.697674419,1.875,,1.805325401,,,,,,,,2.461538462,3.487179487,3.52820512686735,,,,,,,,,,,,1,garcia
Hyperemic,228,,,,,0.653061224,1.882352941,,1.869173092,,,,,,,,2,2.75,3.062500002296875,,,,,,,,,,,,,garcia
Hyperemic,229,,,,,0.647058824,1.896551724,,1.952977268,,,,,,,,2.230769231,3.163636364,3.44755244540178,,,,,,,,,,,,1,garcia
Hyperemic,230,,,,,0.701149425,1.90625,,1.805325401,,,,,,,,1.333333333,1.704918033,1.9016393445662456,,,,,,,,,,,,3,garcia
Hyperemic,231,,,,,0.858974359,1.914285714,,1.353908606,,,,,,,,3.5,4.179104478,4.0746268655500115,,,,,,,,,,,,0,garcia
Hyperemic,232,,,,,0.758241758,1.916666667,,1.630469689,,,,,,,,2,2.492753623,2.6376811602612893,,,,,,,,,,,,,garcia
Hyperemic,233,,,,,0.94,1.918367347,,0.7984111,,,,,,,,3.0625,3.355718085,3.2579787234042556,,,,,,,,,,,,0,garcia
Hyperemic,234,,,,,0.776595745,1.921052632,,1.563304111,,,,,,,,1.9,2.394520548,2.4465753414603117,,,,,,,,,,,,3,garcia
Hyperemic,235,,,,,0.772727273,1.924528302,,1.429221525,,,,,,,,1.177777778,1.270152505,1.5241830062855826,,,,,,,,,,,,3,garcia
Hyperemic,236,,,,,0.7,1.931034483,,1.856067255,,,,,,,,2.071428571,2.62627551,2.9591836728571432,,,,,,,,,,,,1,garcia
Hyperemic,237,,,,,0.883116883,1.942857143,,1.26675843,,,,,,,,2.058823529,2.603806228,2.331314878735027,,,,,,,,,,,,0,garcia
Hyperemic,238,,,,,0.897435897,1.944444444,,1.015045736,,,,,,,,2.7,2.982857143,3.0085714300327346,,,,,,,,,,,,0,garcia
Hyperemic,239,,,,,0.710280374,1.948717949,,1.709884489,,,,,,,,1.625,2.202302632,2.2878289468265667,,,,,,,,,,,,3,garcia
Hyperemic,240,,,,,0.84,1.953488372,,1.337835081,,,,,,,,2.047619048,2.583900227,2.437641723809524,,,,,,,,,,,,0,garcia
Hyperemic,241,,,,,0.884210526,1.953488372,,1.175107784,,,,,,,,2.388888889,2.616402116,2.7017195778101377,,,,,,,,,,,,0,garcia
Hyperemic,242,,,,,0.45,1.956521739,,2.417559027,,,,,,,,1.4375,1.756944444,3.194444444444444,,,,,,,,,,,,3,garcia
Hyperemic,243,,,,,0.782178218,1.975,,1.538954708,,,,,,,,1.538461538,1.927945472,1.9668938645898217,,,,,,,,,,,,3,garcia
Hyperemic,244,,,,,0.954545455,1.976470588,,0.745934141,,,,,,,,2.428571429,2.717687075,2.544217686312277,,,,,,,,,,,,0,garcia
Hyperemic,245,,,,,0.833333333,1.976744186,,1.36416402,,,,,,,,2.15,2.630588235,2.580000001032,,,,,,,,,,,,0,garcia
Hyperemic,246,,,,,0.8125,1.97826087,,1.397355641,,,,,,,,3.066666667,3.504761905,3.7743589747692305,,,,,,,,,,,,0,garcia
Hyperemic,247,,,,,0.738095238,1.987179487,,1.754765502,,,,,,,,3.627906977,4.681170293,4.91522880818261,,,,,,,,,,,,1,garcia
Hyperemic,248,,,,,0.8,2,,1.543319513,,,,,,,,2,2.527777778,2.5,,,,,,,,,,,,,garcia
Hyperemic,249,,,,,0.947368421,2,,0.890106999,,,,,,,,2.25,2.53125,2.3750000001319447,,,,,,,,,,,,0,garcia
Hyperemic,250,,,,,0.979591837,2,,0.33919953,,,,,,,,2.666666667,2.916666667,2.7222222218252314,,,,,,,,,,,,0,garcia
Hyperemic,251,,,,,0.852941176,2.023255814,,1.309806357,,,,,,,,1.592592593,1.775649212,1.8671775238577533,,,,,,,,,,,,2,garcia
Hyperemic,252,,,,,0.865853659,2.028571429,,1.353908606,,,,,,,,2.1875,2.095070423,2.526408449352063,,,,,,,,,,,,0,garcia
Hyperemic,253,,,,,0.871287129,2.046511628,,1.247658451,,,,,,,,1.592592593,2.026936027,1.8278619527271818,,,,,,,,,,,,2,garcia
Hyperemic,254,,,,,0.808080808,2.051282051,,1.497276396,,,,,,,,2.6,3.2825,3.21750000032175,,,,,,,,,,,,0,garcia
Hyperemic,255,,,,,0.917647059,2.052631579,,1.086182856,,,,,,,,2,2.307692308,2.1794871790680475,,,,,,,,,,,,,garcia
Hyperemic,256,,,,,0.875,2.058823529,,1.337694175,,,,,,,,3.4,3.885714286,3.8857142857142857,,,,,,,,,,,,0,garcia
Hyperemic,257,,,,,0.830357143,2.066666667,,1.372980583,,,,,,,,2.8125,3.175403226,3.387096773610822,,,,,,,,,,,,0,garcia
Hyperemic,258,,,,,0.801980198,2.076923077,,1.519552791,,,,,,,,2.294117647,2.803921569,2.8605664487990268,,,,,,,,,,,,0,garcia
Hyperemic,259,,,,,0.861702128,2.076923077,,1.332466148,,,,,,,,2.6,2.888888889,3.017283949425271,,,,,,,,,,,,0,garcia
Hyperemic,260,,,,,0.757575758,2.083333333,,1.66825825,,,,,,,,1.5,2.04,1.9799999988912,,,,,,,,,,,,3,garcia
Hyperemic,261,,,,,0.909090909,2.083333333,,1.038169535,,,,,,,,3,3.06,3.30000000033,,,,,,,,,,,,0,garcia
Hyperemic,262,,,,,0.949367089,2.083333333,,0.890106999,,,,,,,,3.272727273,3.578181818,3.4472727261351275,,,,,,,,,,,,0,garcia
Hyperemic,263,,,,,0.530120482,2.095238095,,2.347278027,,,,,,,,1.4,1.877272727,2.640909090548967,,,,,,,,,,,,3,garcia
Hyperemic,264,,,,,0.888888889,2.105263158,,1.241084816,,,,,,,,2.923076923,3.361538462,3.2884615379639426,,,,,,,,,,,,0,garcia
Hyperemic,265,,,,,0.847826087,2.108108108,,1.410376597,,,,,,,,2.466666667,2.751282051,2.909401709645672,,,,,,,,,,,,0,garcia
Hyperemic,266,,,,,0.757894737,2.117647059,,1.699422011,,,,,,,,3.090909091,3.648989899,4.078282827553135,,,,,,,,,,,,1,garcia
Hyperemic,267,,,,,0.744186047,2.133333333,,1.788832181,,,,,,,,2.142857143,2.678571429,2.879464284016602,,,,,,,,,,,,1,garcia
Hyperemic,268,,,,,0.96,2.133333333,,0.696286973,,,,,,,,2.5,2.552083333,2.604166666666667,,,,,,,,,,,,0,garcia
Hyperemic,269,,,,,0.756302521,2.142857143,,1.616551427,,,,,,,,2.8,3.173333333,3.702222222263358,,,,,,,,,,,,1,garcia
Hyperemic,270,,,,,0.855932203,2.14893617,,1.286905215,,,,,,,,1.88,2.196435644,2.1964356445647133,,,,,,,,,,,,2,garcia
Hyperemic,271,,,,,0.52,2.166666667,,2.321470763,,,,,,,,1.043478261,1.204013378,2.006688963461538,,,,,,,,,,,,3,garcia
Hyperemic,272,,,,,0.835164835,2.171428571,,1.48860718,,,,,,,,2.916666667,3.530701754,3.492324562491906,,,,,,,,,,,,0,garcia
Hyperemic,273,,,,,0.862903226,2.183673469,,1.250708771,,,,,,,,2.041666667,2.308800623,2.3660436135627565,,,,,,,,,,,,0,garcia
Hyperemic,274,,,,,0.716814159,2.189189189,,1.76939854,,,,,,,,2.3125,3.083333333,3.2260802482279094,,,,,,,,,,,,1,garcia
Hyperemic,275,,,,,0.79,2.194444444,,1.610266303,,,,,,,,2.4,2.612658228,3.0379746835443036,,,,,,,,,,,,1,garcia
Hyperemic,276,,,,,0.333333333,2.197802198,,3.084629216,,,,,,,,0.91,1.0465,2.73000000273,,,,,,,,,,,,3,garcia
Hyperemic,277,,,,,0.679012346,2.2,,2.01974534,,,,,,,,2.083333333,2.916666667,3.0681818162404957,,,,,,,,,,,,1,garcia
Hyperemic,278,,,,,0.895833333,2.205128205,,1.218522795,,,,,,,,2.785714286,3.077242525,3.109634552971027,,,,,,,,,,,,0,garcia
Hyperemic,279,,,,,0.947916667,2.219512195,,0.8740543,,,,,,,,2.411764706,2.597285068,2.544279249391023,,,,,,,,,,,,0,garcia
Hyperemic,280,,,,,0.819672131,2.222222222,,1.436649663,,,,,,,,1.875,2.04375,2.28750000041175,,,,,,,,,,,,2,garcia
Hyperemic,281,,,,,0.98,2.227272727,,0.414776652,,,,,,,,2.933333333,2.963265306,2.993197278571429,,,,,,,,,,,,0,garcia
Hyperemic,282,,,,,0.972222222,2.234042553,,0.533577548,,,,,,,,2.473684211,2.403007519,2.5443609033244257,,,,,,,,,,,,0,garcia
Hyperemic,283,,,,,0.802631579,2.259259259,,1.71401574,,,,,,,,1.588235294,2.135004822,1.9787849563292599,,,,,,,,,,,,2,garcia
Hyperemic,284,,,,,0.755555556,2.266666667,,1.788832181,,,,,,,,1.764705882,2.179930796,2.33564013656727,,,,,,,,,,,,3,garcia
Hyperemic,285,,,,,0.790697674,2.266666667,,1.701682005,,,,,,,,4.285714286,5.168067227,5.420168070457736,,,,,,,,,,,,1,garcia
Hyperemic,286,,,,,0.823529412,2.27027027,,1.519521066,,,,,,,,2.176470588,2.642857143,2.6428571418163265,,,,,,,,,,,,0,garcia
Hyperemic,287,,,,,0.87037037,2.292682927,,1.321212332,,,,,,,,2.157894737,2.180851064,2.479283315906078,,,,,,,,,,,,0,garcia
Hyperemic,288,,,,,0.811764706,2.3,,1.650529483,,,,,,,,2,2.173913043,2.463768115584961,,,,,,,,,,,,,garcia
Hyperemic,289,,,,,0.638297872,2.307692308,,2.102184231,,,,,,,,2.166666667,3.286111111,3.3944444467770367,,,,,,,,,,,,1,garcia
Hyperemic,290,,,,,0.97,2.30952381,,0.631274683,,,,,,,,2.1,2.121649485,2.1649484536082477,,,,,,,,,,,,0,garcia
Hyperemic,291,,,,,0.757894737,2.322580645,,1.779656458,,,,,,,,4.769230769,6.623931624,6.2927350411195695,,,,,,,,,,,,1,garcia
Hyperemic,292,,,,,0.739583333,2.366666667,,1.844349509,,,,,,,,1.428571429,1.830985915,1.9315895386733926,,,,,,,,,,,,3,garcia
Hyperemic,293,,,,,0.927536232,2.37037037,,1.236894486,,,,,,,,3.698630137,4.045376712,3.9875856159546768,,,,,,,,,,,,0,garcia
Hyperemic,294,,,,,0.696629213,2.384615385,,2.002069078,,,,,,,,2.166666667,2.830645161,3.11021505639902,,,,,,,,,,,,1,garcia
Hyperemic,295,,,,,0.870588235,2.387096774,,1.459321307,,,,,,,,2.384615385,2.352390852,2.7390852404523938,,,,,,,,,,,,0,garcia
Hyperemic,296,,,,,0.916666667,2.391304348,,1.075136346,,,,,,,,1.703703704,1.827609428,1.8585858582332415,,,,,,,,,,,,2,garcia
Hyperemic,297,,,,,0.918604651,2.393939394,,1.20872217,,,,,,,,2.75,3.098101266,2.9936708866064734,,,,,,,,,,,,0,garcia
Hyperemic,298,,,,,0.727272727,2.4,,1.877773264,,,,,,,,3.296703297,4.441391941,4.532967035074862,,,,,,,,,,,,1,garcia
Hyperemic,299,,,,,0.75,2.4,,1.826620742,,,,,,,,1.875,1.796875,2.5,,,,,,,,,,,,3,garcia
Hyperemic,300,,,,,0.833333333,2.413793103,,1.621984049,,,,,,,,2.636363636,3.502597403,3.1636363644654546,,,,,,,,,,,,0,garcia
Hyperemic,301,,,,,0.928571429,2.418604651,,1.036805085,,,,,,,,1.954545455,2.349213287,2.104895104413125,,,,,,,,,,,,2,garcia
Hyperemic,302,,,,,0.708860759,2.434782609,,2.038924173,,,,,,,,2.090909091,2.875,2.9496753268578093,,,,,,,,,,,,1,garcia
Hyperemic,303,,,,,0.968085106,2.459459459,,0.741369816,,,,,,,,2.466666667,2.629304029,2.5479853493376647,,,,,,,,,,,,0,garcia
Hyperemic,304,,,,,0.868131868,2.46875,,1.469533299,,,,,,,,1.904761905,2.073538276,2.194092827611761,,,,,,,,,,,,2,garcia
Hyperemic,305,,,,,0.696629213,2.48,,2.036135756,,,,,,,,2.272727273,3.262463343,3.262463345762676,,,,,,,,,,,,1,garcia
Hyperemic,306,,,,,0.774193548,2.482758621,,1.798075308,,,,,,,,1.611111111,1.857253086,2.0810185194155095,,,,,,,,,,,,3,garcia
Hyperemic,307,,,,,0.855555556,2.483870968,,1.531871974,,,,,,,,3.924050633,4.433667598,4.586552685539453,,,,,,,,,,,,0,garcia
Hyperemic,308,,,,,0.804597701,2.5,,1.736784868,,,,,,,,2,2.142857143,2.4857142861759183,,,,,,,,,,,,,garcia
Hyperemic,309,,,,,0.817307692,2.5,,1.616447776,,,,,,,,3.4,4.28,4.160000001566118,,,,,,,,,,,,0,garcia
Hyperemic,310,,,,,0.924528302,2.512820513,,1.121612782,,,,,,,,2.4375,2.586734694,2.6364795915139005,,,,,,,,,,,,0,garcia
Hyperemic,311,,,,,0.346774194,2.529411765,,2.848239186,,,,,,,,1.214285714,1.524916944,3.5016611241838835,,,,,,,,,,,,3,garcia
Hyperemic,312,,,,,0.910714286,2.55,,1.196532027,,,,,,,,1.904761905,2.072829132,2.091503267579136,,,,,,,,,,,,2,garcia
Hyperemic,313,,,,,0.46,2.555555556,,2.622500759,,,,,,,,0.9,0.97826087,1.9565217391304348,,,,,,,,,,,,3,garcia
Hyperemic,314,,,,,0.941176471,2.580645161,,1.116898626,,,,,,,,2.583333333,2.615625,2.7447916651116535,,,,,,,,,,,,0,garcia
Hyperemic,315,,,,,0.838983051,2.605263158,,1.519838417,,,,,,,,2.533333333,2.738047138,3.019528618582308,,,,,,,,,,,,0,garcia
Hyperemic,316,,,,,0.886792453,2.611111111,,1.367228254,,,,,,,,2.25,2.704787234,2.5372340420673383,,,,,,,,,,,,0,garcia
Hyperemic,317,,,,,0.91011236,2.612903226,,1.321018609,,,,,,,,2.583333333,3.061728395,2.838477364487172,,,,,,,,,,,,0,garcia
Hyperemic,318,,,,,0.844444444,2.620689655,,1.621984049,,,,,,,,2.071428571,2.234962406,2.4530075195805305,,,,,,,,,,,,0,garcia
Hyperemic,319,,,,,0.7,2.625,,2.07159329,,,,,,,,2.181818182,2.83982684,3.1168831171428577,,,,,,,,,,,,1,garcia
Hyperemic,320,,,,,0.943396226,2.631578947,,1.019236067,,,,,,,,2.235294118,2.324705882,2.3694117661225413,,,,,,,,,,,,0,garcia
Hyperemic,321,,,,,0.79,2.633333333,,1.768628795,,,,,,,,2.727272727,2.934407365,3.452243958227848,,,,,,,,,,,,1,garcia
Hyperemic,322,,,,,0.673469388,2.64,,2.10992197,,,,,,,,2.272727273,3.099173554,3.3746556465607314,,,,,,,,,,,,1,garcia
Hyperemic,323,,,,,0.853448276,2.675675676,,1.494697483,,,,,,,,2.642857143,2.98989899,3.0966810963480116,,,,,,,,,,,,0,garcia
Hyperemic,324,,,,,0.892473118,2.677419355,,1.417928622,,,,,,,,2.214285714,2.481067126,2.481067126102503,,,,,,,,,,,,0,garcia
Hyperemic,325,,,,,0.838709677,2.689655172,,1.651947273,,,,,,,,2.230769231,2.716962525,2.659763315214497,,,,,,,,,,,,0,garcia
Hyperemic,326,,,,,0.896551724,2.689655172,,1.430098523,,,,,,,,1.611111111,1.817663818,1.7970085471610782,,,,,,,,,,,,2,garcia
Hyperemic,327,,,,,0.73,2.703703704,,1.969288245,,,,,,,,1.8,2.194520548,2.4657534246575343,,,,,,,,,,,,3,garcia
Hyperemic,328,,,,,0.738636364,2.708333333,,2.001957362,,,,,,,,2.666666667,3.569230769,3.610256408930335,,,,,,,,,,,,1,garcia
Hyperemic,329,,,,,0.863636364,2.714285714,,1.48860718,,,,,,,,2.058823529,2.188854489,2.383900927312042,,,,,,,,,,,,0,garcia
Hyperemic,330,,,,,0.63963964,2.730769231,,2.172765305,,,,,,,,1.181818182,1.33162612,1.8476312412407712,,,,,,,,,,,,3,garcia
Hyperemic,331,,,,,0.863157895,2.733333333,,1.560352852,,,,,,,,2.5,2.865853659,2.8963414625316033,,,,,,,,,,,,0,garcia
Hyperemic,332,,,,,0.445945946,2.75,,2.855073374,,,,,,,,1.558441558,1.794569067,3.4946871296370077,,,,,,,,,,,,3,garcia
Hyperemic,333,,,,,0.967032967,2.75,,0.867473308,,,,,,,,2.285714286,2.493506494,2.3636363640123967,,,,,,,,,,,,0,garcia
Hyperemic,334,,,,,0.91,2.757575758,,1.317866639,,,,,,,,2.538461538,2.928994083,2.7895181736263734,,,,,,,,,,,,0,garcia
Hyperemic,335,,,,,0.978494624,2.757575758,,0.664654125,,,,,,,,3.707865169,3.870848253,3.7893567098433034,,,,,,,,,,,,0,garcia
Hyperemic,336,,,,,0.769230769,2.75862069,,1.856067255,,,,,,,,2.416666667,3.020833333,3.1416666680425,,,,,,,,,,,,1,garcia
Hyperemic,337,,,,,0.5,2.777777778,,2.589077004,,,,,,,,1.058823529,1.503529412,2.117647058,,,,,,,,,,,,3,garcia
Hyperemic,338,,,,,0.895652174,2.783783784,,1.343429807,,,,,,,,2.466666667,2.801941748,2.754045307548151,,,,,,,,,,,,0,garcia
Hyperemic,339,,,,,0.311111111,2.8,,3.193043699,,,,,,,,1.075268817,2.073732719,3.4562211987343647,,,,,,,,,,,,3,garcia
Hyperemic,340,,,,,0.769230769,2.8,,1.926991287,,,,,,,,2.5,2.821428571,3.250000000975,,,,,,,,,,,,1,garcia
Hyperemic,341,,,,,0.768421053,2.807692308,,1.913127994,,,,,,,,1.857142857,2.467710372,2.416829744252205,,,,,,,,,,,,3,garcia
Hyperemic,342,,,,,0.987951807,2.827586207,,0.475856014,,,,,,,,3.085106383,3.386092372,3.12272963229673,,,,,,,,,,,,0,garcia
Hyperemic,343,,,,,0.977011494,2.833333333,,0.747439496,,,,,,,,2.5,2.647058824,2.5588235300740485,,,,,,,,,,,,0,garcia
Hyperemic,344,,,,,0.78021978,2.84,,1.905801988,,,,,,,,1.923076923,2.491874323,2.464788732990081,,,,,,,,,,,,3,garcia
Hyperemic,345,,,,,0.788888889,2.84,,1.883525593,,,,,,,,2.5,2.992957746,3.169014084060702,,,,,,,,,,,,1,garcia
Hyperemic,346,,,,,0.654867257,2.846153846,,2.161769921,,,,,,,,2.6,3.372972973,3.970270268070526,,,,,,,,,,,,1,garcia
Hyperemic,347,,,,,0.693181818,2.904761905,,2.187577184,,,,,,,,1.4,1.698360656,2.0196721316772908,,,,,,,,,,,,3,garcia
Hyperemic,348,,,,,0.451923077,2.9375,,2.7482869,,,,,,,,1.333333333,1.843971631,2.950354608689301,,,,,,,,,,,,3,garcia
Hyperemic,349,,,,,0.53,2.944444444,,2.562204857,,,,,,,,1.285714286,1.576819407,2.4258760113207543,,,,,,,,,,,,3,garcia
Hyperemic,350,,,,,0.65,2.954545455,,2.259874692,,,,,,,,1.375,1.565384615,2.1153846153846154,,,,,,,,,,,,3,garcia
Hyperemic,351,,,,,0.80952381,2.956521739,,1.88131632,,,,,,,,1.4375,1.670036765,1.775735293073097,,,,,,,,,,,,2,garcia
Hyperemic,352,,,,,0.945652174,3,,1.174826018,,,,,,,,2.636363636,2.787878788,2.7878787872378963,,,,,,,,,,,,0,garcia
Hyperemic,353,,,,,0.979591837,3,,0.691382049,,,,,,,,2.461538462,2.564102564,2.5128205126111114,,,,,,,,,,,,0,garcia
Hyperemic,354,,,,,0.91,3.033333333,,1.40065201,,,,,,,,3.333333333,3.516483516,3.6630036626373625,,,,,,,,,,,,0,garcia
Hyperemic,355,,,,,0.585106383,3.055555556,,2.481171606,,,,,,,,2.045454545,2.938016529,3.4958677676910597,,,,,,,,,,,,1,garcia
Hyperemic,356,,,,,0.49,3.0625,,2.69998222,,,,,,,,1.6,2.12244898,3.2653061224489797,,,,,,,,,,,,3,garcia
Hyperemic,357,,,,,0.479166667,3.066666667,,2.747439496,,,,,,,,1.5,2.184782609,3.1304347804310018,,,,,,,,,,,,3,garcia
Hyperemic,358,,,,,0.798076923,3.074074074,,1.860143776,,,,,,,,4.426229508,5.226150504,5.546118902124927,,,,,,,,,,,,1,garcia
Hyperemic,359,,,,,0.798076923,3.074074074,,1.860143776,,,,,,,,4.426229508,5.226150504,5.546118902124927,,,,,,,,,,,,1,garcia
Hyperemic,360,,,,,0.865168539,3.08,,1.683953238,,,,,,,,1.785714286,1.971243043,2.064007422257873,,,,,,,,,,,,2,garcia
Hyperemic,361,,,,,0.821052632,3.12,,1.835220914,,,,,,,,3.012048193,3.629904232,3.66852023318281,,,,,,,,,,,,0,garcia
Hyperemic,362,,,,,0.804347826,3.217391304,,1.932468843,,,,,,,,2.875,3.846283784,3.5743243247107377,,,,,,,,,,,,0,garcia
Hyperemic,363,,,,,0.81,3.24,,1.883525593,,,,,,,,1.923076923,2.279202279,2.3741690407407408,,,,,,,,,,,,2,garcia
Hyperemic,364,,,,,0.84375,3.24,,1.780863251,,,,,,,,1.923076923,2.231718898,2.2792022791111113,,,,,,,,,,,,2,garcia
Hyperemic,365,,,,,0.85,3.269230769,,1.746796573,,,,,,,,1.444444444,1.580392157,1.6993464047058824,,,,,,,,,,,,2,garcia
Hyperemic,366,,,,,0.323529412,3.3,,3.2395011,,,,,,,,1.333333333,1.696969697,4.121212117184572,,,,,,,,,,,,3,garcia
Hyperemic,367,,,,,0.43,3.307692308,,2.928640161,,,,,,,,1.3,1.813953488,3.0232558139534884,,,,,,,,,,,,3,garcia
Hyperemic,368,,,,,0.921428571,3.307692308,,1.259915481,,,,,,,,1.95,2.040697674,2.116279070751758,,,,,,,,,,,,2,garcia
Hyperemic,369,,,,,0.892086331,3.351351351,,1.44033982,,,,,,,,1.681818182,1.763196481,1.885263929685747,,,,,,,,,,,,2,garcia
Hyperemic,370,,,,,0.947916667,3.37037037,,1.236894486,,,,,,,,1.421052632,1.514748409,1.4991324464178877,,,,,,,,,,,,2,garcia
Hyperemic,371,,,,,0.838095238,3.384615385,,1.801154235,,,,,,,,2.888888889,3.446969697,3.446969697493974,,,,,,,,,,,,0,garcia
Hyperemic,372,,,,,0.88,3.384615385,,1.64988656,,,,,,,,1.733333333,1.871212121,1.9696969693181818,,,,,,,,,,,,2,garcia
Hyperemic,373,,,,,0.824175824,3.409090909,,1.919926631,,,,,,,,2.558139535,3.240310078,3.1038759697954936,,,,,,,,,,,,0,garcia
Hyperemic,374,,,,,0.72,3.428571429,,2.203371451,,,,,,,,1.05,1.166666667,1.4583333333333335,,,,,,,,,,,,3,garcia
Hyperemic,375,,,,,0.272,3.434343434,,3.368423013,,,,,,,,1.302631579,1.494195046,4.7890866875,,,,,,,,,,,,3,garcia
Hyperemic,376,,,,,0.909090909,3.448275862,,1.475856014,,,,,,,,3.222222222,3.415555556,3.5444444445544447,,,,,,,,,,,,0,garcia
Hyperemic,377,,,,,0.81,3.52173913,,1.955949938,,,,,,,,1.533333333,1.817283951,1.8930041148148147,,,,,,,,,,,,2,garcia
Hyperemic,378,,,,,0.602272727,3.533333333,,2.592537536,,,,,,,,2.459016393,4.314877822,4.0828951449431985,,,,,,,,,,,,1,garcia
Hyperemic,379,,,,,0.804123711,3.545454545,,1.994560249,,,,,,,,2.365591398,2.911497105,2.9418252013215413,,,,,,,,,,,,0,garcia
Hyperemic,380,,,,,0.747252747,3.578947368,,2.204872644,,,,,,,,1.583333333,1.979166667,2.1188725492902067,,,,,,,,,,,,3,garcia
Hyperemic,381,,,,,0.487804878,3.636363636,,2.94111593,,,,,,,,1.428571429,2.357142857,2.928571429742857,,,,,,,,,,,,3,garcia
Hyperemic,382,,,,,0.884210526,3.652173913,,1.718589023,,,,,,,,2.527472527,2.948717949,2.858451073223256,,,,,,,,,,,,0,garcia
Hyperemic,383,,,,,0.55,3.666666667,,2.701682005,,,,,,,,1.363636364,1.561983471,2.4793388436363633,,,,,,,,,,,,3,garcia
Hyperemic,384,,,,,0.265822785,3.684210526,,3.652330292,,,,,,,,0.93442623,1.290398126,3.515222481774841,,,,,,,,,,,,3,garcia
Hyperemic,385,,,,,0.85,3.695652174,,1.853287597,,,,,,,,1.916666667,2.142156863,2.2549019611764707,,,,,,,,,,,,2,garcia
Hyperemic,386,,,,,0.6125,3.769230769,,2.664126999,,,,,,,,1.666666667,2.414965986,2.721088435918367,,,,,,,,,,,,3,garcia
Hyperemic,387,,,,,0.618181818,3.777777778,,2.51335629,,,,,,,,1.125,1.422794118,1.8198529417117213,,,,,,,,,,,,3,garcia
Hyperemic,388,,,,,0.367521368,3.909090909,,3.187098359,,,,,,,,1.30952381,1.492248062,3.5631229202433747,,,,,,,,,,,,3,garcia
Hyperemic,389,,,,,0.822222222,4.111111111,,2.094226982,,,,,,,,3,3.445945946,3.64864864963477,,,,,,,,,,,,0,garcia
Hyperemic,390,,,,,0.707317073,4.142857143,,2.48860718,,,,,,,,1.166666667,1.367816092,1.6494252882257234,,,,,,,,,,,,3,garcia
Hyperemic,391,,,,,0.79,4.157894737,,2.165364102,,,,,,,,1.727272727,1.945914845,2.1864211734177212,,,,,,,,,,,,3,garcia
Hyperemic,392,,,,,0.888888889,4.235294118,,1.893996676,,,,,,,,3.953488372,4.228036176,4.44767441794404,,,,,,,,,,,,0,garcia
Hyperemic,393,,,,,0.809090909,4.238095238,,2.078432715,,,,,,,,2.1,2.666292135,2.595505618269158,,,,,,,,,,,,0,garcia
Hyperemic,394,,,,,0.912621359,4.272727273,,1.670049157,,,,,,,,2.365591398,2.566918325,2.5920841920597653,,,,,,,,,,,,0,garcia
Hyperemic,395,,,,,0.6,4.285714286,,2.710455929,,,,,,,,1.272727273,1.633333333,2.121212121666667,,,,,,,,,,,,3,garcia
Hyperemic,396,,,,,0.777777778,4.375,,2.117350781,,,,,,,,2.4,3.017142857,3.085714284832653,,,,,,,,,,,,1,garcia
Hyperemic,397,,,,,0.352380952,4.404761905,,3.38460235,,,,,,,,1.012048193,1.148811462,2.8720286589157067,,,,,,,,,,,,3,garcia
Hyperemic,398,,,,,0.574074074,4.428571429,,2.77115377,,,,,,,,1.555555556,2.082437276,2.709677420478668,,,,,,,,,,,,3,garcia
Hyperemic,399,,,,,0.471910112,4.615384615,,3.154667083,,,,,,,,1.166666667,1.555555556,2.4722222248121697,,,,,,,,,,,,3,garcia
Hyperemic,400,,,,,0.47,4.7,,3.124927879,,,,,,,,1.25,1.728723404,2.6595744680851063,,,,,,,,,,,,3,garcia
