Condition,Geometry Number,Location,Stenosis Percentage,Length,Width,R_scale,R_micro,R_total,P_d/P_a,CFR,CFR/FFR,discord,HMR,BMR/HMR,HSR,P_Loss_Coeff,Average Flow,Max Flow,v_distal,Q_distal,WSS_LMB,WSS_Bif,WSS_LE,WSS_TE,WSS_min,WSS_LE_min,WSS_TE_min,WSS_Area_Bifur,WSS_LE_Area,WSS_TE_Area,WSS_Area_Bifur_min,WSS_LE_Area_min,WSS_TE_Area_min,source
Non-hyperemic,1,LAD,0.452859086,1.2,0.68,0.24,0,0.24,0.964778111,,,,7.977153506,,0.291228013,1.78860285,2.227648701,3.359626,11.91748398,1.132160978,73.296575,502.177701,216.2790132,155.2828522,0.938689647,4.909217475,0.393844593,0.213106964,0.077985447,0.055963395,0.001779327,0,0.006345886,mine
Hyperemic,1,LAD,0.452859086,1.2,0.68,0.24,0,0.24,0.782795739,3.445362264,4.401355417,1,1.829608493,4.360033056,0.507665975,1.492712867,6.834801517,11.063105,41.06004957,3.900704709,833.409859,2024.27804,1020.278409,834.9112971,6.081414577,1.662341546,5.800368903,,0.275192312,0.255296529,,0,0,mine
Non-hyperemic,2,LAD,0.452859086,1.5,0.68,0.24,0,0.24,0.958955199,,,,8.144155954,,0.348582773,1.877077267,2.230283759,3.3636,11.63544327,1.105367111,72.634057,498.090884,217.2293561,201.3663133,0.568974625,4.093896733,0.985480001,0.25462124,0.050317803,0.079592383,0.001221765,0,0.011475646,mine
Hyperemic,2,LAD,0.452859086,1.5,0.68,0.24,0,0.24,0.760538535,3.397680536,4.467466644,1,1.845525918,4.412918766,0.58107817,1.567823364,6.758107023,10.629883,39.53351914,3.755684318,745.969052,1900.432391,,,3.471682725,,,,,,,,,mine
Non-hyperemic,3,LAD,0.452859086,1.7,0.68,0.24,0,0.24,0.955921752,,,,8.078914117,,0.37252461,1.903159997,2.229817954,3.362898,11.70979391,1.112430422,73.305043,458.308797,210.7213309,214.4261702,0.295901451,6.235184493,1.514652714,0.25108967,0.045033024,0.099649219,0.001156746,0,0.011935928,mine
Hyperemic,3,LAD,0.452859086,1.7,0.68,0.24,0,0.24,0.745970665,3.438357287,4.609239273,1,1.785816658,4.523932556,0.608133588,1.579653016,6.790127793,8.919556,40.26245523,3.824933247,853.378861,2082.036108,,,1.139296282,,,,,,,,,mine
Non-hyperemic,4,LAD,0.440793595,2,0.67,0.24,0,0.24,0.9560327,,,,8.139973964,,0.374351919,1.908633367,2.240501667,3.37901,11.61986216,1.103886905,72.379322,414.588221,,,0.564935623,,,,,,,,,mine
Hyperemic,4,LAD,0.440793595,2,0.67,0.24,0,0.24,0.747936725,3.448804296,4.611090991,1,1.790297889,4.546714831,0.60335097,1.578254768,6.762165207,10.876202,40.07463053,3.8070899,781.208763,1783.614223,841.115741,1001.101171,0.274954231,1.661024745,7.17779982,0.906541545,0.230608509,0.209748562,0,0,0,mine
Non-hyperemic,5,LAD,0.481312284,1.2,0.71,0.24,0,0.24,0.956480977,,,,7.549227639,,0.343483058,1.838022028,2.230272253,3.363583,12.54404411,1.191684191,73.820153,539.581591,241.2389221,194.9969951,0.83728639,2.778466275,0.80850371,0.215244674,0.088372952,0.060611219,0.002194876,0.001041511,0.001473176,mine
Hyperemic,5,LAD,0.481312284,1.2,0.71,0.24,0,0.24,0.744042726,,,,1.704661456,4.428578831,0.586418608,,6.70194192,10.671385,,,554.574982,1365.681849,982.1901587,905.2586432,6.116579805,3.294623164,3.661837349,,0.276052965,0.25215725,0,0,0.000151037,mine
Non-hyperemic,6,LAD,0.481312284,1.5,0.71,0.24,0,0.24,0.949253756,,,,8.067110786,,0.431260422,1.967352132,2.210532299,3.333812,11.69342545,1.110875418,73.222563,544.47041,222.2431696,257.1140475,2.023638889,6.7074906,0.607037322,0.248813526,0.049904383,0.087874656,0.002199565,0,0.005448233,mine
Hyperemic,6,LAD,0.481312284,1.5,0.71,0.24,0,0.24,0.71822657,3.342979523,4.654491583,1,1.773689614,4.548208842,0.695850903,1.650995007,6.671608126,9.237415,39.09088184,3.713633775,818.044982,1967.172652,,,6.527799849,,,,,,,,,mine
Non-hyperemic,7,LAD,0.481312284,1.7,0.71,0.24,0,0.24,0.945567727,,,,7.804836913,,0.449290943,,2.234609931,3.370125,,,,,214.3570902,284.3489705,0.573063861,4.830902877,1.913321992,0.247469346,0.047698303,0.114204371,0.001257942,0,0.007936994,mine
Hyperemic,7,LAD,0.481312284,1.7,0.71,0.24,0,0.24,0.707715955,,,,1.745610644,4.47112129,0.720930673,1.669146754,6.520036149,10.051321,38.84195043,3.68998529,854.802792,1956.971145,,,1.005150111,,,,,,,,,mine
Non-hyperemic,8,LAD,0.481312284,2,0.71,0.24,0,0.24,0.942095867,,,,7.458188926,,0.458403414,1.961411802,2.22294969,3.352539,12.60057377,1.197054508,73.935341,486.440241,183.2759752,292.1908383,0.463671019,3.932162159,2.838585117,0.24504527,0.045971854,0.131556534,0.000795019,0,0.007730967,mine
Hyperemic,8,LAD,0.481312284,2,0.71,0.24,0,0.24,0.696882978,3.300882616,4.736638315,1,1.605385816,4.645729926,0.698280461,1.625563768,6.467248103,9.958848,41.59301491,3.951336417,768.942716,1837.066068,,,0.29983334,,,,,,,,,mine
Non-hyperemic,9,LAD,0.55839994,1.2,0.78,0.24,0,0.24,0.92319331,,,,7.19919996,,0.59895009,,2.239974598,3.378215,,,,,293.2155724,271.283541,8.342805702,1.409786453,3.08439762,0.20663671,0.097920861,0.071734606,0.004004779,0.0063946,0.000956233,mine
Hyperemic,9,LAD,0.55839994,1.2,0.78,0.24,0,0.24,0.629637691,,,,1.592238134,4.521434205,0.936578288,1.793130814,6.178156552,9.622707,37.92866452,3.603223129,675.230019,2536.069532,894.0199569,1114.227684,11.80404458,5.017626508,8.503777286,0.859844844,0.2744707,0.246112697,0,0,0,mine
Non-hyperemic,10,LAD,0.55839994,1.5,0.78,0.24,0,0.24,0.911735035,,,,7.516776019,,0.727698235,2.171493824,2.20679708,3.328179,12.33138274,1.17148136,74.824396,769.603054,219.9358358,403.9865433,3.84206545,4.924258209,1.08854576,0.239651445,0.068453755,0.108156495,0.001023535,0,0.00199199,mine
Hyperemic,10,LAD,0.55839994,1.5,0.78,0.24,0,0.24,0.603438553,2.886278952,4.783053614,1,1.616243971,4.650768173,1.062146336,1.875388555,4.644740483,7.042027,35.59181044,3.381221992,828.28908,2343.246802,723.0299951,1425.093652,6.554413139,0.95519676,7.991082505,0.879668812,0.243144655,0.211911703,0.000106674,0.000233443,0,mine
Non-hyperemic,11,LAD,0.55839994,1.7,0.78,0.24,0,0.24,0.90567592,,,,6.964038449,,0.725288706,,2.224740713,3.35524,,,,,218.5433258,457.580077,0.693559034,1.222534555,3.377743549,0.237365651,0.05173095,0.125684334,0.001010383,0,0.000577252,mine
Hyperemic,11,LAD,0.55839994,1.7,0.78,0.24,0,0.24,0.589783562,,,,1.496766966,4.65272057,1.041057184,1.840111966,5.999472437,9.301468,37.83701779,3.59451669,694.570039,2346.957536,685.0532819,1616.874324,2.393969268,1.344380127,9.381607927,0.890405763,0.226796352,0.197120471,0.000206067,0.000446572,0,mine
Non-hyperemic,12,LAD,0.55839994,2,0.78,0.24,0,0.24,0.900247389,,,,6.809877813,,0.754573798,2.146845496,2.231354023,3.365214,13.53351175,1.285683616,72.906778,688.576489,200.6978835,539.8276131,0.542377598,4.221895807,2.68233163,0.233538971,0.044251874,0.136237206,0.001089578,0,0.001874553,mine
Hyperemic,12,LAD,0.55839994,2,0.78,0.24,0,0.24,0.577799121,2.904516278,5.026861712,1,1.417515596,4.804093749,1.035786157,1.821340063,5.969609989,8.709118,39.30830518,3.734288992,661.602462,2048.599702,,,1.325395874,,,,,,,,,mine
Non-hyperemic,13,LAD,0.590858852,1.2,0.81,0.24,0,0.24,0.900848952,,,,7.027176196,,0.773439191,2.170658926,2.222720379,3.352193,13.13171741,1.247513154,72.690392,962.312151,338.2888943,339.0632085,2.901735294,0.41539289,2.250041501,0.205882151,0.101197326,0.086522796,0.004540238,0.006812163,0.003947194,mine
Hyperemic,13,LAD,0.590858852,1.2,0.81,0.24,0,0.24,0.576869098,2.78149807,4.821714457,1,1.510185059,4.653188795,1.107713983,1.882381627,5.882034057,8.897737,36.52584662,3.469955429,,2642.526706,913.2225482,1168.741477,16.90358109,8.315521377,3.452354719,0.846077949,0.274595829,0.240395398,0,0,0,mine
Non-hyperemic,14,LAD,0.590858852,1.5,0.81,0.24,0,0.24,0.886219333,,,,6.705394174,,0.860897745,2.20021391,2.216902885,3.34342,13.65500742,1.297225705,73.661517,936.706734,241.0612765,526.3289994,2.391510706,0.989971154,0.962662723,0.23219404,0.073409763,0.122278279,0.001080331,0,0.000413024,mine
Hyperemic,14,LAD,0.590858852,1.5,0.81,0.24,0,0.24,0.54514387,2.713687573,4.977929176,1,1.414443055,4.740660396,1.180180372,1.903650881,5.788441356,9.039884,37.05542395,3.520265275,682.219004,2592.773447,,,4.386170627,,,,,,,,,mine
Non-hyperemic,15,LAD,0.590858852,1.7,0.81,0.24,0,0.24,0.878855749,,,,6.858534731,,0.945402076,2.252231496,2.200710276,3.318999,13.30268584,1.263755155,73.594507,884.939476,214.8847738,572.6853923,1.717129735,3.280733021,4.629122747,0.232496335,0.054289713,0.125744393,0.000565954,0,0.000299433,mine
Hyperemic,15,LAD,0.590858852,1.7,0.81,0.24,0,0.24,0.526045053,2.620506379,4.981524613,1,1.451330108,4.725689004,1.307616297,1.974710048,5.668163379,9.272831,34.8597731,3.311678444,686.98256,2670.552745,,,0.825994444,,,,,,,,,mine
Non-hyperemic,16,LAD,0.590858852,2,0.81,0.24,0,0.24,0.87107208,,,,6.247878519,,0.924752384,2.203949338,2.213717023,3.338615,14.54220965,1.381509916,72.312544,799.287205,219.4918227,606.3764481,1.130842172,3.623583409,2.996611499,0.233094424,0.052025272,0.140020432,0.001072864,0,0.000266609,mine
Hyperemic,16,LAD,0.590858852,2,0.81,0.24,0,0.24,0.51708239,2.727409822,5.274613631,1,1.262512114,4.948767185,1.17909514,1.873722328,5.723283207,7.86791,39.66256542,3.767943715,581.733328,2169.667977,,,0.734119248,,,,,,,,,mine
Non-hyperemic,17,LAD,0.452859086,2.3,0.68,0.24,0,0.24,0.946436969,,,,,,,,2.203966299,3.323909,,,,,211.1425082,232.723886,0.264209619,4.280223794,1.696836115,0.239294245,0.04347313,0.119512821,0.001158678,0,0.025380927,mine
Non-hyperemic,18,LAD,0.452859086,2.5,0.68,0.24,0,0.24,0.942956412,,,,7.859919513,,0.475481158,2.000156973,2.227354782,3.359183,11.95447802,1.135675412,72.122823,446.084813,206.188497,203.5953779,0.161950076,1.933647702,1.471505898,0.232543852,0.041728797,0.114279139,0.001099694,0,0.034724326,mine
Hyperemic,18,LAD,0.452859086,2.5,0.68,0.24,0,0.24,0.698815174,3.282422064,4.697124771,1,1.71049844,4.595104754,0.737213779,1.674422683,6.511574356,10.717489,39.23964241,3.727766029,769.259048,1876.517458,,,0.249105435,,,,,,,,,mine
Non-hyperemic,20,LAD,0.452859086,2.7,0.68,0.24,0,0.24,0.939512971,,,,,,,,2.228638897,3.361119,,,,,197.3588071,208.1977703,0.038296445,1.086500237,1.365481636,0.226867074,0.044996536,0.112913744,0.000950416,0,0.042726251,mine
Non-hyperemic,22,LAD,0.481312284,2.5,0.71,0.24,0,0.24,0.929789218,,,,7.503014289,,0.566571963,2.058696266,2.230089897,3.363308,12.44838733,1.182596796,72.28761,479.266001,181.2964707,253.7670244,0.105960133,2.195178173,1.539042598,0.233667191,0.044966889,0.118473711,0.002196372,0,0.0230864,mine
Hyperemic,22,LAD,0.481312284,2.5,0.71,0.24,0,0.24,0.661776337,3.155050349,4.767547848,1,1.617268734,4.639312027,0.826561069,1.723709839,6.33915646,9.590172,39.27528879,3.731152435,736.532308,1733.477824,,,0.563536841,,,,,,,,,mine
Non-hyperemic,25,LAD,0.55839994,2.5,0.78,0.24,0,0.24,0.880079226,,,,6.66013748,,0.907519251,2.221717259,2.229073816,3.361775,13.69912621,1.30141699,73.51242,660.457401,187.9721317,401.1368477,0.329324011,3.029242069,1.485941652,0.231545572,0.04452184,0.121229735,0.000314992,0,0.008396968,mine
Hyperemic,25,LAD,0.590858852,2.5,0.81,0.24,0,0.24,,,,,,,,,,,,,,,,,,,,,,,,,,mine
Non-hyperemic,26,LAD,0.58834017,2.5,0.78,0.24,0,0.24,0.849784532,,,,6.506869145,,1.150212029,2.321034218,2.231082184,3.364804,13.81331662,1.312265079,73.584895,779.126378,176.8061617,490.2939095,0.402930656,5.127062708,1.396786086,0.229684946,0.048071808,0.123223979,0.000538601,0,0.008335279,mine
Hyperemic,26,LAD,0.58834017,2.5,0.78,0.24,0,0.24,0.483869963,2.559541561,5.289730212,1,1.315848432,4.944998975,1.403577309,1.999330466,5.521073759,8.554116,35.35575798,3.358797008,555.281961,,498.4516702,1382.06823,0.810531592,4.398622813,0.964112148,0.854260056,0.167622329,0.154369602,0,0,0.003152871,mine
Hyperemic,27,LAD,0.440793595,3,0.67,0.24,0,0.24,0.690827368,,,,1.714282633,,0.767209433,1.698071416,6.518807241,10.476556,38.67201467,3.673841393,807.217486,1641.570559,689.422165,931.1602991,,1.566998383,1.104717944,0.906039139,0.197018057,0.168832423,0,0,0,mine
Hyperemic,28,LAD,0.479182199,3,0.67,0.24,0,0.24,0.63411731,,,,1.545034365,,0.891477526,1.755498358,6.269492517,10.018652,39.37008216,3.740157805,776.568645,1719.913802,702.9437029,1087.71143,0.619988232,2.946887861,1.840773885,0.89644805,0.188924191,0.161637911,0,0,0.000124778,mine
Hyperemic,29,LAD,0.574482265,3,0.67,0.24,0,0.24,0.521871953,,,,,,,,5.710921897,8.978154,36.73092602,3.489437972,641.741912,1830.526006,555.8838788,1059.146014,,3.858521911,0.868700168,0.87493965,0.165870629,0.150224341,0,0,0.000238684,mine
Hyperemic,30,LAD,0.589102286,3,0.67,0.24,0,0.24,0.469546489,,,,1.291723809,,1.459279211,2.020689852,5.458982977,8.576897,34.9947442,3.324500699,596.237418,1840.200601,532.3045266,1166.234728,,4.616771149,1.719785666,0.852101575,0.158821953,0.14646903,0,0,0.001130924,mine
Hyperemic,31,LAD,0.452859086,2.5,0.68,0.43,0,0.43,0.833068698,2.14798901,2.578405615,0,3.131865822,2.509660362,0.627567017,1.788651717,4.39696892,7.559204,25.6780874,2.439418303,438.844546,1102.881711,522.8618905,605.2747147,0.210472919,1.826057334,1.963705688,0.688282732,0.12361164,0.160222875,0,0,0.003498645,mine
Hyperemic,32,LAD,0.452859086,2.5,0.68,0.62,0,0.62,0.89239046,1.552603021,1.739824763,2,4.650418109,1.6901533,0.560773985,1.880751093,3.27396046,5.556566,18.56055868,1.763253075,295.008377,780.2767,378.6503972,395.5863341,0.504660288,4.26662749,2.117969214,0.487318798,0.091146573,0.146186286,0,0,0.007950747,mine
Hyperemic,33,LAD,0.452859086,2.5,0.68,0.81,0,0.81,0.924239662,1.198725147,1.296985183,2,6.243739234,1.258848139,0.511802095,1.953406105,2.599016575,4.135181,14.33013342,1.361362675,209.035986,571.315399,275.2650262,266.9543567,0.27694361,4.29348512,1.747718444,0.292128464,0.069904053,0.130199471,0.00036841,0,0.017344086,mine
Hyperemic,34,LAD,0.58834017,2.5,0.78,0.43,0,0.43,0.653378853,1.809431394,2.769344899,3,2.522209806,2.579828661,1.338046451,2.129185383,3.869900874,6.417136,24.99424874,2.374453631,362.853009,1503.760284,379.0663565,1042.439594,1.216785459,1.604850444,1.403350804,0.621188617,0.111729742,0.14663327,0.000376144,0.000804848,0.003321649,mine
Hyperemic,35,LAD,0.58834017,2.5,0.78,0.62,0,0.62,0.752476279,1.378350408,1.831752637,3,3.818442647,1.704063606,1.256059707,2.219906958,2.980505609,4.876324,19.0395906,1.808761107,254.535953,1127.190525,284.5744351,770.9197411,0.812941709,0.812941709,1.429868362,0.401370868,0.082567827,0.137130202,0,0,0.004732324,mine
Hyperemic,36,LAD,0.58834017,2.5,0.78,0.81,0,0.81,0.814386017,1.101757123,1.352868419,2,5.181668623,1.255747833,1.181000327,2.290420464,2.424657839,3.777631,15.21891998,1.445797398,187.553552,874.125894,215.2949628,566.7719913,0.440666205,4.471410252,1.459615658,0.254525137,0.059022813,0.128803005,0.000316264,0,0.006148238,mine
Non-hyperemic,37,LAD,1.22E-15,0.1,0.251,0.24,0,0.24,0.99304129,,,,7.4647482,,0.052309022,0.987032225,2.156673741,3.346245,13.55497304,1.287722439,83.699386,411.703468,,,,,,,,,,,,mine
Hyperemic,38,LAD,1.22E-15,0.1,0.251,0.24,0,0.24,0.964578422,3.774861785,3.913483546,0,1.800845216,4.145135925,0.066131252,0.51196131,7.461479057,12.545064,51.16814974,4.860974225,1010.994858,1929.592179,936.3744589,936.3744589,,25.64289425,4.36929602,0.903215595,0.253257595,0.246738978,0,0,0,mine
Hyperemic,39,LAD,1.22E-15,0.1,0.251,0.43,0,0.43,0.980134583,2.32204511,2.369108438,0,3.003824285,2.485081513,0.060881662,0.68707147,4.726278621,8.421709,31.47525887,2.990149593,559.284393,1107.928699,545.2060713,545.2060713,,12.38220519,2.367019543,0.631962901,0.127953558,0.110807818,0,0,0,mine
Hyperemic,40,LAD,1.22E-15,0.1,0.251,0.62,0,0.62,0.986495549,1.65664792,1.679326299,2,4.247876024,1.757289563,0.058150523,0.813779024,3.429377322,5.986192,22.4558179,2.133302701,358.635663,732.675363,371.0658622,371.0658622,,7.043540166,1.795913076,0.292548941,0.088418921,0.082535565,5.21E-05,0,0.000128094,mine
Hyperemic,41,LAD,1.22E-15,0.1,0.251,0.81,0,0.81,0.989914157,1.280254585,1.293298592,2,5.521875104,1.351850243,0.056260199,0.911360546,2.68484431,4.464591,17.35381638,1.648612556,249.423284,514.053816,266.3086568,266.3086568,,6.753689152,0.8374723,0.110427048,0.071852514,0.053683667,0.000396554,0,0.000703788,mine
Hyperemic,42,LAD,0.452537445,1.2,0.63,0.43,0,0.43,0.887854602,2.240557686,2.523563747,0,3.208640971,2.486147119,0.405285188,1.581774305,4.533894816,7.645781,26.70181032,2.53667198,572.029588,1276.523595,617.0461793,486.5854532,3.39641942,0.736884346,1.634631055,0.67103077,0.232438851,0.18818282,5.77E-05,0.000130823,0.000591522,mine
Hyperemic,43,LAD,0.452537445,1.2,0.63,0.62,0,0.62,0.930585431,1.607385885,1.727284601,2,4.698202113,1.697916206,0.35045001,1.66287563,3.345518253,5.622249,19.15599553,1.819819576,376.75685,879.953135,428.0651503,318.2708078,1.553923875,3.474728578,0.822176006,0.47840847,0.1802907,0.124979074,0.000123093,8.16E-05,0.001021279,mine
Hyperemic,44,LAD,0.452537445,1.2,0.63,0.81,0,0.81,0.952184572,1.241780297,1.304138224,2,6.228996279,1.280648302,0.312798728,1.725589917,2.641871828,4.307206,14.79889679,1.405895195,265.821498,644.577906,315.5809589,219.2082376,1.170979142,4.934876195,1.668200689,0.298717741,0.128476123,0.084384567,0.000661786,0,0.002517894,mine
Hyperemic,45,LAD,0.588518179,1.2,0.63,0.43,0,0.43,0.75687112,2.079651818,2.747696092,1,2.675958768,2.626040536,0.859595302,1.898536155,4.163569989,6.954037,27.30939998,2.594392998,438.439425,1938.923303,643.1548609,800.2244054,14.09999587,2.93199149,3.324824977,0.641197089,0.236326601,0.191061902,0,0,0,mine
Hyperemic,46,LAD,0.588518179,1.2,0.63,0.62,0,0.62,0.83802784,1.553905756,1.854241211,2,3.972473457,1.768967439,0.767790849,1.976051007,3.151380379,5.240391,20.40545128,1.938517871,301.783643,1446.800495,471.7756519,552.5574214,6.921315176,0.326305779,2.671673424,0.439854427,0.189431158,0.148597372,0.001170181,0.0023423,0.00029183,mine
Hyperemic,47,LAD,0.588518179,1.2,0.63,0.81,0,0.81,0.884487256,1.233013206,1.394042931,2,5.288602874,1.328739624,0.690683813,2.030544301,2.527047931,4.044263,16.19158099,1.538200194,218.421619,1108.984903,351.8535791,393.3311416,5.882394093,0.494837712,3.780897329,0.271407946,0.133467847,0.098850178,0.00266598,0.004257938,0.00029183,mine
Non-hyperemic,48,LCX,0.302549531,0.9,0.61,0.24,0,0.24,0.988900287,,,,8.659774615,,0.097199903,1.345756915,2.230621333,3.364109,11.02714786,0.61752028,82.268671,442.209096,224.7735733,51.99510656,0.214855708,6.147477707,0.175428503,0.129793305,0.027076142,0,0.024261562,0,0.087953811,mine
Non-hyperemic,49,LCX,0.300790134,3,0.9,0.24,0,0.24,0.97316819,,,,9.973817986,,0.274994182,1.863948904,2.235795276,3.371912,9.460822219,0.529806044,75.109263,372.074982,186.6719896,43.87251004,1.07383467,3.235495889,7.396480676,0.093976685,0.022234512,0,0.001077717,0,0,mine
Non-hyperemic,50,LCX,0.598535913,0.9,0.57,0.24,0,0.24,0.900407706,,,,7.223121032,,0.798934962,2.208472709,2.252098241,3.396499,12.4334885,0.696275356,545.600706,1205.501572,221.0773475,544.1888339,7.660404585,3.212417762,0.412724532,0.147530565,0.031475742,0.118833509,0.023547944,0,0.122726622,mine
Non-hyperemic,51,LCX,0.59514435,3,0.76,0.24,0,0.24,0.917344845,,,,9.421958494,,0.848942952,2.345273267,2.224440172,3.354787,9.641831125,0.539942543,200.987644,447.142565,197.6419258,135.3643342,0.097713442,8.026376076,0.268712945,0.157146669,0.020166348,0.046331289,0.00098745,0,0.014203652,mine
Non-hyperemic,52,LCX,0.457697176,1.2,0.735,0.24,0,0.24,0.960838329,,,,9.877119303,,0.4025698,2.028356809,2.227022563,3.358682,9.485029,0.531161624,211.371272,605.776948,248.9723224,194.9976271,0.655363668,2.76292905,1.640537221,0.1971184,0.032783853,0.096064471,0.001156198,0,0.063766699,mine
Hyperemic,52,LCX,0.302549531,0.9,0.61,0.24,0,0.24,0.912696236,3.576720155,3.91885056,0,2.112068729,4.100138644,0.202029485,1.110020876,7.382394908,12.34426,39.44102199,2.208697232,1046.328859,2187.311718,1106.017478,322.0827865,3.207490599,10.41412038,11.47801754,0.890435767,0.192953501,0.243759665,6.92E-05,0,0,mine
Non-hyperemic,53,LCX,0.451465055,2.5,0.73,0.24,0,0.24,0.942372078,,,,9.661427465,,0.590815461,2.191071731,2.226590931,3.358031,9.570495,0.53594772,198.081678,435.046658,210.645905,134.7038104,0.20041921,6.606279086,1.293924851,0.173931328,0.020049188,0.054746859,0.000918437,0,0.039192604,mine
Hyperemic,53,LCX,0.302549531,0.9,0.61,0.81,0,0.81,0.9845733,1.21739599,1.236470652,2,7.010223977,1.23530641,0.109839076,1.313416084,2.682877897,4.45746,13.42440559,0.751766713,260.938233,643.138253,327.4876462,78.10411912,0.494207227,5.905872241,0.283072996,0.190958772,0.042847529,0.00846193,0.018778421,0,0.084014607,mine
Non-hyperemic,54,LCX,0.608561873,1.2,0.875,0.24,0,0.24,0.865901213,,,,8.031126882,,1.243749696,2.45791763,2.208449276,3.33067,10.898573,0.610320088,627.094326,1141.96969,240.4906229,601.3965618,12.47813523,2.02648002,0.122172293,0.167109634,0.033775423,0.110209616,0.000825798,0,0.152271469,mine
Hyperemic,54,LCX,0.300790134,3,0.9,0.24,0,0.24,0.842737951,3.23513852,3.838842807,0,2.529300165,3.943311326,0.471988863,1.588664269,7.312828839,12.119358,30.60707039,1.713995942,1084.868221,1863.389237,925.3396628,232.5527115,2.143027843,5.176404848,2.967450936,0.924223152,0.187945616,0.104906821,0,0,0.006228525,mine
Non-hyperemic,55,LCX,0.595805649,2.5,0.75,0.24,0,0.24,0.932858763,,,,9.476226863,,0.682038507,2.247874003,2.235823897,3.371955,9.693691,0.542846696,226.982911,449.229216,197.9610369,149.5756865,0.111434756,6.195088282,1.269094253,0.174948908,0.020718959,0.059159891,0.000608415,0,0.030088842,mine
Hyperemic,55,LCX,0.300790134,3,0.9,0.81,0,0.81,0.964690223,1.208388023,1.252617674,2,8.079212891,1.234503673,0.295716902,1.813295134,2.678678724,4.363152,11.43234426,0.640211279,267.775446,534.485786,270.9768647,61.44473693,0.379101071,3.989964346,6.289354415,0.195403341,0.042533224,0,0.000587942,0,0,mine
Hyperemic,56,LCX,0.598535913,0.9,0.57,0.24,0,0.24,0.572520443,3.242148259,5.662938845,1,1.310531256,5.511597682,0.978524569,1.785700147,6.556845,10.417828,40.31121309,2.257427933,1866.911607,3448.994889,1035.856331,1727.560353,13.28389105,22.32315889,0.194467876,,0.209743864,0.153524985,0.015276951,0,0.061447091,mine
Hyperemic,57,LCX,0.598535913,0.9,0.57,0.81,0,0.81,0.871184874,1.170548206,1.343627789,2,5.710697873,1.264840339,0.844395131,2.164117699,2.578639391,4.021568,14.55399766,0.815023869,670.195732,1426.242068,294.6259353,667.8932333,9.170895035,8.226743598,0.011393714,0.16890148,0.039919634,0.12585423,0.023433968,0,0.121483366,mine
Hyperemic,58,LCX,0.59514435,3,0.76,0.24,0,0.24,0.640768073,2.96155842,4.621888236,1,2.06008946,4.573567643,1.154941915,2.007434598,6.725018759,10.989131,28.55484615,1.599071384,814.901746,1735.756854,888.6050457,595.7586515,0.734339432,20.87221544,0.73899006,0.932497011,0.19098163,0.098250316,0,0,0,mine
Hyperemic,59,LCX,0.59514435,3,0.76,0.81,0,0.81,0.89445266,1.194079248,1.334983171,2,7.435574062,1.267146076,0.877413756,2.282566047,2.598934057,4.065986,11.51311046,0.644734186,240.665168,562.77639,265.0428276,182.5197886,0.11829174,5.948608702,0.288668435,0.206599152,0.037290765,0.057739542,0.000346291,0,0.008393075,mine
Non-hyperemic,60,LAD,0.107557517,0.9,0.43,0.24,0,0.24,,,,,8.25391298,,0.064174015,,2.238478954,3.37596,13.32826963,1.266185615,72.425202,376.06429,197.8200537,40.26746024,20.40407798,1.760339063,17.85089822,0.059057031,0.031369187,0,0.000467712,0,0,arnav
Non-hyperemic,61,LAD,0.111733198,1.66,0.58,0.24,0,0.24,,,,,8.341907181,,0.094999379,,2.234540552,3.37002,13.12306,1.2466907,71.991405,377.23309,198.0860023,44.4132129,0.799562332,0.799562332,20.04949129,0.058697419,0.021414094,0,0.00060404,0.000734387,0,arnav
Non-hyperemic,62,LAD,0.111377031,2,0.43,0.24,0,0.24,,,,,8.153385556,,0.09589614,,2.214537678,3.339853,13.42949188,1.275801729,73.055018,378.477252,199.2940243,44.89863099,1.120261943,1.120261943,22.34067916,0.058468687,0.032301807,0,0.000802563,0.001221988,0,arnav
Non-hyperemic,63,LAD,0.111733198,2.5,0.58,0.24,0,0.24,,,,,7.888227221,,0.118547692,,2.228377023,3.360724,13.84156158,1.31494835,72.850399,377.025144,198.5798114,48.73507365,0.819291388,0.819291388,23.72575198,0.057276879,0.021389904,0,0.000342249,0.000645103,0,arnav
Non-hyperemic,64,LAD,0.197188781,0.9,0.43,0.24,0,0.24,,,,,8.76830749,,0.074486784,,2.250052092,3.393414,12.53549731,1.190872244,72.792531,366.918236,188.5161329,42.66136281,24.81033048,2.625450832,17.62139847,0.059759851,0.02247909,0,0.000254332,0,0,arnav
Non-hyperemic,65,LAD,0.204844196,1.66,0.58,0.24,0,0.24,,,,,8.679724404,,0.107841182,,2.225889874,3.356973,12.59521286,1.196545222,73.134932,376.431805,191.0661508,48.9994855,1.778109636,1.778109636,16.31640702,0.05747065,0.022474337,0,0.00015953,0,0,arnav
Non-hyperemic,66,LAD,0.204844196,2,0.58,0.24,0,0.24,,,,,8.487020297,,0.113901551,,2.223871609,3.35393,12.89356484,1.22488866,73.749309,363.091227,184.1464339,53.52795785,1.839462031,1.839462031,17.1578875,0.05975822,0.033001352,0,0.000758811,0.000794503,0,arnav
Non-hyperemic,67,LAD,0.204844196,2.5,0.58,0.24,0,0.24,,,,,8.060677783,,0.133065967,,2.223087149,3.352746,13.53297131,1.285632274,71.475381,366.422265,189.0129241,52.21464232,0.8826351,1.066928892,20.36203515,0.057863626,0.02191691,0,0.000368874,0.000375892,0,arnav
Non-hyperemic,68,LAD,0.298227399,0.9,0.745,0.24,0,0.24,,,,,8.838165018,,0.087663361,,2.24105246,3.379841,12.41084712,1.179030477,73.545153,364.141066,189.0840634,44.93173025,22.23639751,1.427549341,7.490161473,0.086822468,0.031276489,0,0.000184175,0,0,arnav
Non-hyperemic,69,LAD,0.309043569,1.66,0.9,0.24,0,0.24,,,,,8.912150083,,0.168306285,,2.239550782,3.377576,12.24362466,1.163144342,73.336331,387.809052,209.0199299,74.91711559,0.891921852,0.891921852,1.413784456,0.190018215,0.022371351,0.003205486,0,0,0.040024862,arnav
Non-hyperemic,70,LAD,0.308817861,2,0.745,0.24,0,0.24,,,,,8.675130948,,0.149286288,,2.224921161,3.355512,12.58860232,1.195917221,72.029876,426.538574,214.9669252,67.49891936,0.877582064,0.877582064,,0.092421748,0.033804888,0,0.000903332,0.00079593,0,arnav
Non-hyperemic,71,LAD,0.309043569,2.5,0.9,0.24,0,0.24,,,,,8.208855608,,0.204685857,,2.237115667,3.373904,13.24723795,1.258487605,71.583933,355.292851,175.0657491,79.99429625,0.310947842,0.310947842,6.53666571,0.149427842,0.022710771,0.033225852,0.000212498,0.000155757,0,arnav
Non-hyperemic,72,LAD,0.391611736,0.9,0.745,0.24,0,0.24,,,,,9.541164439,,0.115186519,,2.232931563,3.367593,11.49621956,1.092140858,75.189997,377.714905,191.2636187,49.2381602,14.75646729,1.987439787,4.533511021,0.134986585,0.026867772,0,0.0006643,0,0,arnav
Non-hyperemic,73,LAD,0.405814788,1.66,0.9,0.24,0,0.24,,,,,9.160319948,,0.227169362,,2.219674172,3.347599,11.93078828,1.133424886,72.406544,390.679194,209.0196941,99.18711282,0.246412273,1.711367872,0.171016013,0.210978117,0.025235538,0.021577149,8.37E-05,0,0.074832882,arnav
Non-hyperemic,74,LAD,0.405814788,2,0.9,0.24,0,0.24,,,,,8.891377453,,0.24069153,,2.231377793,3.36525,12.27923745,1.166527558,72.971077,370.916834,190.5919117,112.3626765,0.146369168,2.405232266,0.146369168,0.228243531,0.03278732,0.068729556,0.000295366,0,0.066417277,arnav
Non-hyperemic,75,LAD,0.405814788,2.5,0.9,0.24,0,0.24,,,,,8.567901035,,0.280620228,,2.245895218,3.387144,12.6839117,1.204971612,72.216948,366.609876,187.1420216,107.9405303,0.013657156,1.468880879,1.13419575,0.177575358,0.024964987,0.081430909,0.000188159,0,0.031330061,arnav
Non-hyperemic,76,LAD,0.498005877,0.9,0.69,0.24,0,0.24,,,,,8.132169965,,0.29003145,,2.248368218,3.390874,13.42973512,1.275824837,72.48829,665.184074,199.8676326,104.8572272,1.041271049,0.907250969,0.361974136,0.16249426,0.09096958,0.020380428,0.00627617,0.003388432,0.014466866,arnav
Non-hyperemic,77,LAD,0.482932816,1.66,0.69,0.24,0,0.24,,,,,7.471140466,,0.48051928,,2.247051184,3.388888,,,72.580563,566.905208,161.6608834,324.3907782,0.438597187,2.584809052,3.729310139,0.229658994,0.057975335,0.122357199,0.000321417,0,0.003470911,arnav
Non-hyperemic,78,LAD,0.482932816,2,0.69,0.24,0,0.24,,,,,7.340950666,,0.534755505,,2.229771816,3.362828,14.77891213,1.403996652,71.80109,542.181737,183.1358258,315.6286895,0.560194547,2.256168036,1.999948934,0.222439386,0.045397023,0.127859231,0.000391449,0,0.007327893,arnav
Non-hyperemic,79,LAD,0.494455723,2.5,0.69,0.24,0,0.24,,,,,7.157022503,,0.654279226,,2.241343759,3.38028,,,72.702594,529.12075,191.4719877,273.3357389,0.078762465,1.624677052,1.844848494,0.183619066,0.022770164,0.112028902,0.000496851,0.000541257,0.014772357,arnav
Non-hyperemic,80,LAD,0.618260863,0.9,0.79,0.24,0,0.24,,,,,7.550864252,,0.652374045,,2.23876723,3.376394,,,72.621974,1206.01578,213.791421,139.6714286,9.067810785,2.791949396,0.219201944,0.174002516,0.108896453,0.076136857,0.000228845,0,0.030072966,arnav
Non-hyperemic,81,LAD,0.618260863,1.66,0.79,0.24,0,0.24,,,,,6.372913727,,1.086174182,,2.229768621,3.362823,,,72.3069,960.441831,195.4836795,607.1107878,0.901674834,4.054002395,3.881930642,0.198955511,0.057997652,0.123455719,0.000544392,0.000144977,0.000294784,arnav
Non-hyperemic,82,LAD,0.618260863,2,0.79,0.24,0,0.24,,,,,6.207329362,,1.190741327,,2.239165701,3.376995,,,72.869805,925.797219,192.9398286,664.7859391,0.701580762,0.89316955,3.369008542,0.191637325,0.023873221,0.126703371,0.000139195,0,0.001734462,arnav
Non-hyperemic,83,LAD,0.618260863,2.5,0.79,0.24,0,0.24,,,,,5.916585869,,1.348599452,,2.245067172,3.385896,,,73.738332,852.979215,184.6207185,573.2919857,0.500653447,2.553765859,2.021859216,0.185828171,0.021351976,0.115115582,0.0003392,0.000462585,0.004091229,arnav
Hyperemic,84,LAD,0.107557517,0.9,0.43,0.24,0,0.24,0.96035682,3.167164865,3.297904279,0,2.243043135,3.679783439,0.092592005,0.741683326,7.540075138,12.704771,42.21282728,4.010218591,1068.732764,1902.305428,900.4731888,183.8713694,81.25501416,5.294938493,52.91063063,0.910454563,0.233522831,0.303482863,0,0,0,arnav
Hyperemic,85,LAD,0.111733198,1.66,0.58,0.24,0,0.24,0.939570554,3.152406057,3.355156295,0,2.237341368,3.728491011,0.143896911,0.941928483,7.519632253,12.671243,41.36921383,3.930075314,947.585162,1885.374155,876.1074507,213.6075109,11.02711936,11.02711936,54.24575856,,0.277690914,0.269883511,0,0,0,arnav
Hyperemic,86,LAD,0.111377031,2,0.43,0.24,0,0.24,0.937620958,3.164430582,3.374957178,0,2.170643458,3.756206726,0.144410871,0.931799014,7.493182552,12.631045,42.4966948,4.037186006,949.370312,2003.333109,979.6508653,212.6642977,4.646975944,4.646975944,65.27433742,0.924852969,0.231332998,0.313194197,0,0,0,arnav
Hyperemic,87,LAD,0.111733198,2.5,0.58,0.24,0,0.24,0.919080649,3.18065428,3.460691162,0,2.054549106,3.839395805,0.180890306,1.014268018,7.489532218,12.616206,44.02522207,4.182396097,1040.859337,1941.872063,905.6923312,228.7479914,1.55194948,1.55194948,67.94763266,,0.259883873,0.300275006,0,0,0,arnav
Hyperemic,88,LAD,0.197188781,0.9,0.43,0.24,0,0.24,0.955572398,3.172653078,3.320159816,0,2.357370082,3.719529469,0.109601637,0.840807166,7.529893552,12.589395,39.77078412,3.778224492,1044.787504,1891.538202,852.1112578,,84.72044972,9.10442707,,,0.27031677,,,0,,arnav
Hyperemic,89,LAD,0.204844196,1.66,0.58,0.24,0,0.24,0.932418819,3.152125549,3.380589799,0,2.299125842,3.775228065,0.166639321,1.023522749,7.466100356,12.452738,39.70169225,3.771660764,947.215095,1932.360311,918.1260623,245.4314955,4.362939739,4.362939739,34.17916655,,0.272839522,0.238011048,,0,0,arnav
Hyperemic,90,LAD,0.204844196,2,0.58,0.24,0,0.24,0.927742771,3.143733332,3.388582944,0,2.212383998,3.836142508,0.172311487,1.029049801,7.431015115,12.107212,40.53392954,3.850723307,960.002738,1797.326989,814.4667631,247.9728486,7.873676305,7.873676305,35.96565057,,0.237581623,0.240318246,0,0,0,arnav
Hyperemic,91,LAD,0.204844196,2.5,0.58,0.24,0,0.24,0.910272573,3.166224055,3.47832523,0,2.082481476,3.870708035,0.205274454,1.080954381,7.447860241,12.426984,42.84841928,4.070599832,999.603756,1853.613765,856.0939946,259.123871,6.813019877,8.349790135,48.15929761,,0.265448142,0.233978022,0,0,0,arnav
Hyperemic,92,LAD,0.298227399,0.9,0.745,0.24,0,0.24,0.942689066,3.150224972,3.341743409,0,2.350780916,3.759671928,0.142916106,0.96349246,7.451273023,12.274321,39.09696053,3.71421125,1080.360693,1976.155823,882.3676985,264.7950133,31.29579155,3.099783261,3.203891347,,0.258000518,0.186875554,0.000208682,0,0.000661178,arnav
Hyperemic,93,LAD,0.309043569,1.66,0.9,0.24,0,0.24,0.886044388,3.189211522,3.59938121,0,2.23575253,3.986197024,0.287543774,1.267664916,7.324861253,12.241098,39.04750883,3.709513339,854.119079,1945.891685,917.5520625,430.0645836,1.7536832,9.163103881,3.909043777,0.916566429,0.278607453,0.211127367,0,0,0.000688442,arnav
Hyperemic,94,LAD,0.308817861,2,0.745,0.24,0,0.24,0.900714404,3.169211194,3.518552805,0,2.216615288,3.913683622,0.244337126,1.187615046,7.376683494,12.306007,39.89593939,3.790114242,1019.421368,1927.829155,953.3500624,388.5264911,0.369178938,14.46038771,,,0.242751913,0.215643486,0,0,0.007449043,arnav
Hyperemic,95,LAD,0.309043569,2.5,0.9,0.24,0,0.24,0.858090045,3.1614347,3.684269172,0,2.004980883,4.09423136,0.331581456,1.299134961,7.273192149,11.947408,41.88027773,3.978626384,947.325016,1745.855132,817.6658758,446.4925804,0.639824267,6.52774308,0.718528261,,0.259829334,0.195722599,0,0,0.022534019,arnav
Hyperemic,96,LAD,0.391611736,0.9,0.745,0.24,0,0.24,0.926318414,3.232685572,3.489821125,0,2.445656045,3.901269952,0.19453334,1.119429809,7.430936759,12.285924,37.16366309,3.530547994,1001.229248,1898.255739,895.7689062,338.0850954,4.08200339,7.018690654,0.510938158,,0.291046815,0.193373337,0,0,0.003639622,arnav
Hyperemic,97,LAD,0.405814788,1.66,0.9,0.24,0,0.24,0.849483843,3.237066162,3.810627111,0,2.167709265,4.22580652,0.384086491,1.398162597,7.189452103,11.819316,38.62075103,3.668971348,956.872246,1800.281676,825.1230003,603.2531883,0.683688322,11.24438304,5.910061844,0.915987847,0.278591463,0.207901898,0,0,0,arnav
Hyperemic,98,LAD,0.405814788,2,0.9,0.24,0,0.24,0.839146427,3.244385949,3.866292992,0,2.074949387,4.285105704,0.397741101,1.399850842,7.178217184,11.764026,39.83858546,3.784665618,904.389907,1779.039753,772.7755377,638.2716611,0.419260941,6.716936457,4.804038088,,0.253801718,0.210204485,0,0,0,arnav
Hyperemic,99,LAD,0.405814788,2.5,0.9,0.24,0,0.24,0.815711656,3.183694188,3.902965179,0,1.990080358,4.305304055,0.449605706,1.447201539,7.108032046,11.659506,40.38169596,3.836261116,847.591193,1732.2124,780.5529543,631.8463008,0.658035401,8.491129764,3.42896688,,0.258724209,0.191434881,0,0,0.00035535,arnav
Hyperemic,100,LAD,0.498005877,0.9,0.69,0.24,0,0.24,0.767591141,2.872566578,3.742313356,1,1.957754902,4.15382434,0.592762943,1.587097775,6.901138759,11.167432,38.57780826,3.664891785,905.946114,2780.484192,826.5679107,557.9601137,6.841795528,4.308568546,2.343825946,0.851986068,0.285738908,0.184884166,0.000363663,0,0.001186836,arnav
Hyperemic,101,LAD,0.482932816,1.66,0.69,0.24,0,0.24,0.680458125,2.9333189,4.310800021,1,1.612321247,4.633779081,0.757143072,1.657346,6.536936839,10.566863,41.91661782,3.982078693,817.744377,2187.223462,654.3807928,1344.240708,2.430251485,1.879681446,7.05816439,0.91272377,0.255625967,0.217407951,0,0,0,arnav
Hyperemic,102,LAD,0.482932816,2,0.69,0.24,0,0.24,0.660257884,2.800426604,4.241413353,1,1.552728815,4.727773837,0.798971715,1.686219023,6.343399793,10.37623,41.3872587,3.931789576,738.104042,2016.964564,627.5281644,1349.616545,0.635424601,4.108480374,6.304345123,0.906577278,0.235962933,0.194438056,0,0,0,arnav
Hyperemic,103,LAD,0.494455723,2.5,0.69,0.24,0,0.24,0.621438458,2.743903525,4.41540669,1,1.520510155,4.706987639,0.926248871,1.777821814,6.106729218,9.954753,38.85618488,3.691337564,688.197819,1822.759157,571.0289509,1117.701926,0.704884908,5.556452433,2.312529556,0.866457716,0.195485021,0.157149262,0,0,0.000506248,arnav
Hyperemic,104,LAD,0.618260863,0.9,0.79,0.24,0,0.24,0.609222657,2.801783965,4.598949058,1,1.731645437,4.360514048,1.110739719,1.908658452,6.229532207,9.86633,34.47530602,3.275154072,790.071542,3936.998691,680.2403064,586.509031,18.38869241,2.610195742,2.632548017,0.866758805,0.325768403,0.125882425,0,0,0,arnav
Hyperemic,105,LAD,0.618260863,1.66,0.79,0.24,0,0.24,0.485432042,2.540939204,5.234387069,1,1.302850696,4.891515003,1.381048557,1.974679124,5.636134655,8.970219,36.82002712,3.497902577,635.728847,2565.304714,546.8623969,1837.381556,2.146444544,1.166279123,4.240137628,0.869473135,0.257081643,0.185328316,0,0,0,arnav
Hyperemic,106,LAD,0.618260863,2,0.79,0.24,0,0.24,0.462105454,2.4896444,5.387610941,1,1.249151062,4.969238349,1.454022102,1.999481046,5.530506529,8.80037,36.61375251,3.478306488,666.986987,2353.279592,496.5907204,1760.576691,1.457703675,1.47325608,4.440677751,0.85110296,0.216319257,0.163913401,0.000304943,0.000777737,0,arnav
Hyperemic,107,LAD,0.618260863,2.5,0.79,0.24,0,0.24,0.431360887,2.568452652,5.954301211,1,1.180812516,5.010605656,1.556599595,2.0344759,5.381528793,8.583473,36.16223739,3.435412552,685.528138,2106.672789,471.207659,1337.225932,0.478601588,0.727648397,1.135698453,,0.153865984,0.143136736,6.86E-05,0.000173552,0.001761722,arnav
Hyperemic,108,LAD,1.22E-15,0.1,0.251,0.24,0.19,0.43,0.980196559,2.323783006,2.370731651,0,3.002204445,2.48642234,0.06065516,0.685127805,4.734063299,8.236356,31.498816,2.99238752,498.321819,996.795059,494.6262292,494.6262292,,9.536176425,1.6575513,0.528952374,0.111295593,0.104752781,0,0,0,mine
Hyperemic,109,LAD,1.22E-15,0.1,0.251,0.24,0.38,0.62,0.986463935,1.660956973,1.6837483,2,4.237119801,1.761750564,0.058140929,0.812579205,3.433080713,6.187513,22.514227,2.138851565,294.853569,604.115309,309.2447946,309.2447946,,7.440433689,2.04002935,0.211533759,0.07898146,0.06512601,0.000377859,0,0.000657815,mine
Hyperemic,110,LAD,1.22E-15,0.1,0.251,0.24,0.57,0.81,0.989896358,1.282190672,1.295277694,2,5.513633383,1.353870974,0.056276373,0.910829107,2.685654552,5.023058,17.38006,1.6511057,195.253419,397.139867,206.7972377,206.7972377,,6.018757244,1.179600778,0.059855229,0.042999373,0.032046885,0.000964896,0,0.001548386,mine
Hyperemic,111,LAD,0.452537445,1.2,0.63,0.24,0.19,0.43,0.888936018,2.242893051,2.523120905,0,3.21018398,2.484952126,0.401081526,1.576793796,4.541062805,7.626985,26.729642,2.53931599,518.472116,1168.753391,562.3598072,440.4952307,2.629587146,0.864396537,1.230036382,0.607542861,0.222234373,0.172200101,0.000131007,0.000297206,0.000103918,mine
Hyperemic,112,LAD,0.452537445,1.2,0.63,0.24,0.38,0.62,0.931800286,1.607056073,1.724678664,2,4.705911519,1.695134614,0.344431981,1.655442143,3.350131,5.813001,19.152065,1.819446175,312.921526,741.765313,361.7055176,260.8487921,2.007972451,3.923985131,0.518234994,0.388515019,0.144280766,0.101876726,0.000310061,0,0.001462971,mine
Hyperemic,113,LAD,0.452537445,1.2,0.63,0.24,0.57,0.81,0.952862945,1.240123337,1.30147084,2,6.242037757,1.277972645,0.30878657,1.720563226,2.643248655,4.750686,14.77915,1.40401925,208.856477,513.944442,249.0546131,167.6615493,1.229649448,5.251371486,1.301874644,0.223212608,0.085769739,0.060018108,0.001544707,0,0.003996547,mine
Hyperemic,114,LAD,0.58834017,2.5,0.78,0.24,0.19,0.43,0.656405016,1.811554436,2.759811995,3,2.526625462,2.575320024,1.322561247,2.123620717,3.876016977,6.152654,25.023575,2.377239625,327.242436,1376.376872,349.4313958,951.4213387,1.329577339,3.196109474,1.382820795,0.553093642,0.102440004,0.143300257,0.000150235,0.000321462,0.004102829,mine
Hyperemic,115,LAD,0.58834017,2.5,0.78,0.24,0.38,0.62,0.755624005,1.383854618,1.831406374,3,3.825090444,1.701102037,1.237070658,2.211560352,2.993484184,4.872295,19.115622,1.81598409,214.731895,971.537636,241.1292802,646.247176,0.701665076,2.835247261,1.451679227,0.293184269,0.07525076,0.13167678,0.000170861,0,0.005448595,mine
Hyperemic,116,LAD,0.58834017,2.5,0.78,0.24,0.57,0.81,0.816638184,1.102034972,1.349477644,2,5.194848558,1.252561855,1.166412354,2.284913047,2.427707345,4.038931,15.222758,1.44616201,150.960787,720.038195,173.4451885,439.7971542,0.349053615,5.967180364,1.373748097,0.218111984,0.041019288,0.120246876,0.000420154,0,0.010032207,mine
Hyperemic,117,LCX,0.457697176,1.2,0.735,0.24,0,0.24,0.763350984,3.522942418,4.615101689,1,2.100031041,4.703320622,0.651037712,1.690216218,7.059453931,11.686998,33.415211,1.871251816,991.005678,2500.005758,1213.539762,768.5393228,9.496603665,2.369730802,0.487535984,,0.209933163,0.196872127,0,0,0.022345151,mine
Hyperemic,118,LCX,0.451465055,2.5,0.73,0.24,0,0.24,0.70943953,3.231956445,4.555647532,1,2.113886121,4.570457873,0.865770397,1.847557112,6.945683644,11.453645,30.931423,1.732159688,874.188541,2045.934931,1038.031569,630.0058383,0.430328828,26.41959737,1.165907588,0.936003412,0.188852738,0.119929399,0,0,0.001365352,mine
Hyperemic,119,LCX,0.608561873,1.2,0.875,0.24,0,0.24,0.514049467,3.129229395,6.087409088,1,1.39067935,5.774966662,1.314662139,1.986561397,6.350474195,10.372103,34.104135,1.90983156,1779.670692,3136.133889,1186.215508,1542.436489,8.802484091,12.39604111,0.486390846,0.947200336,0.226261151,0.15088814,0,0,0.070504498,mine
Hyperemic,120,LCX,0.595805649,2.5,0.75,0.24,0,0.24,0.678970878,3.186825328,4.693611213,1,2.026925405,4.675172968,0.958365231,1.892237897,6.868247402,11.318626,30.8921,1.7299576,914.854044,1912.970233,964.3158396,726.8516892,0.327363493,25.24045689,1.656416401,0.937500268,0.193199084,0.116557294,0,0,0.001111657,mine
Hyperemic,121,LCX,0.457697176,1.2,0.735,0.24,0.19,0.43,0.877188221,2.174830462,2.479320183,0,4.008498588,2.464044601,0.561214605,1.835219174,4.581854529,7.788293,20.62833,1.15518648,565.700703,1386.37875,665.4031701,491.5476792,1.638946854,6.870066185,1.831640852,0.62455298,0.077677917,0.154282493,0,0,0.020510455,mine
Hyperemic,122,LCX,0.451465055,2.5,0.73,0.24,0.19,0.43,0.838074971,2.163918585,2.582010751,0,3.818394292,2.530233058,0.737754531,1.952290847,4.528423253,7.695016,20.709772,1.159747232,449.141663,1084.407466,548.8666493,353.5329824,0.253198707,5.417239644,1.328248834,0.617181042,0.065923842,0.10351866,0,0,0.005732753,mine
Hyperemic,123,LCX,0.608561873,1.2,0.875,0.24,0.19,0.43,0.681051022,2.008297325,2.948820661,1,2.930061857,2.74094107,1.37220297,2.197774987,4.224977908,6.96183,21.887575,1.2257042,1206.788435,2057.015504,621.2946191,1115.386859,6.907089399,7.840806655,0.042602657,0.585460054,0.070540377,0.136514805,0,0,0.112857731,mine
Hyperemic,124,LCX,0.595805649,2.5,0.75,0.24,0.19,0.43,0.816669847,2.150404835,2.633138523,0,3.683639222,2.572517636,0.826921851,1.999009348,4.482294414,7.438874,20.84536,1.16734016,468.670037,1050.020265,512.9793441,408.2856741,0.214514663,9.600489589,1.513917313,0.611857171,0.065047932,0.100835452,0,0,0.004664845,mine
Hyperemic,125,LCX,0.457697176,1.2,0.735,0.24,0.38,0.62,0.924385613,1.55514622,1.682356582,2,5.967330079,1.655199088,0.4881253,1.920275705,3.36261446,5.913179,14.750607,0.826033992,346.509969,882.263795,416.8823927,313.2730416,1.525052278,2.072413008,1.245438835,0.321731895,0.052071195,0.123283685,0.000514604,0,0.039848644,mine
Hyperemic,126,LCX,0.451465055,2.5,0.73,0.24,0.38,0.62,0.895336523,1.57338121,1.757307078,2,5.666777535,1.704924431,0.662437668,2.04393094,3.335200092,5.844595,15.058037,0.843250072,281.493904,679.507668,344.5178417,219.8723986,0.021831917,6.628635908,1.356920607,0.313715711,0.045776702,0.082567731,0.000190565,0,0.013293006,mine
Hyperemic,127,LCX,0.608561873,1.2,0.875,0.24,0.38,0.62,0.775927351,1.467390456,1.89114413,3,4.615169965,1.740158422,1.332770854,2.321394439,3.166301126,5.418461,15.992462,0.895577872,839.240191,1458.701919,377.0247416,802.3201541,5.593897735,3.855088455,0.168809014,0.233072132,0.046949613,0.123246025,7.68E-05,0,0.143815426,mine
Hyperemic,128,LCX,0.595805649,2.5,0.75,0.24,0.38,0.62,0.879720323,1.568656459,1.783130863,2,5.504247509,1.721620775,0.752567714,2.095082848,3.316625,5.793952,15.206071,0.851539976,317.585836,673.383898,321.0563474,240.9189523,0.125960864,8.183769725,1.387755482,0.305802238,0.044990892,0.082384705,0.000119654,0,0.012576345,mine
Hyperemic,129,LCX,0.457697176,1.2,0.735,0.24,0.57,0.81,0.948219933,1.207086979,1.273003169,2,7.928614434,1.245756038,0.432963046,1.978227882,2.648519494,4.571146,11.449255,0.64115828,224.259134,613.019994,274.0256534,202.701696,0.894933155,3.192591169,1.649327209,0.200342285,0.03564347,0.101798739,0.001054077,0,0.062115729,mine
Hyperemic,130,LCX,0.451465055,2.5,0.73,0.24,0.57,0.81,0.92623787,1.212227372,1.308764639,2,7.64066916,1.264473996,0.608474401,2.120278105,2.627006437,4.252008,11.601616,0.649690496,196.364575,445.741001,225.2497791,137.2098328,0.070537591,2.068287261,1.244547433,0.174453995,0.022024549,0.058071623,0.001022362,0,0.034624616,mine
Hyperemic,131,LCX,0.608561873,1.2,0.875,0.24,0.57,0.81,0.833986815,1.154409114,1.384205474,2,6.348011163,1.265140636,1.263633351,2.402445975,2.532210287,4.188278,12.581412,0.704559072,604.406671,1085.301748,244.362334,573.4925924,11.89213038,3.367063452,0.011730709,0.165683266,0.033448546,0.108991894,0.00083242,0,0.154583835,mine
Hyperemic,132,LCX,0.595805649,2.5,0.75,0.24,0.57,0.81,0.914461637,1.211283091,1.32458601,2,7.459666761,1.270328443,0.697774139,2.174534323,2.625982931,4.339854,11.741804,0.657541024,225.551613,456.903904,210.7046763,151.9770829,0.150415634,8.688619371,1.240755993,0.175199517,0.021516102,0.061966266,0.000679282,0,0.027830269,mine
Hyperemic,133,,,,,,,,0.25,1.071428571,4.285714284,3,1.4,1.632653061,,2.847810041,,,,,,,,,,,,,,,,,,garcia
Hyperemic,134,,,,,,,,0.265822785,0.93442623,3.515222482,3,3.684210526,1.290398126,,3.652330292,,,,,,,,,,,,,,,,,,garcia
Hyperemic,135,,,,,,,,0.272,1.302631579,4.789086688,3,3.434343434,1.494195046,,3.368423013,,,,,,,,,,,,,,,,,,garcia
Hyperemic,136,,,,,,,,0.277108434,1.007751938,3.636670034,3,1.769230769,2.409841591,,2.950916555,,,,,,,,,,,,,,,,,,garcia
Hyperemic,137,,,,,,,,0.311111111,1.075268817,3.456221199,3,2.8,2.073732719,,3.193043699,,,,,,,,,,,,,,,,,,garcia
Hyperemic,138,,,,,,,,0.323529412,1.333333333,4.121212117,3,3.3,1.696969697,,3.2395011,,,,,,,,,,,,,,,,,,garcia
Hyperemic,139,,,,,,,,0.333333333,0.91,2.730000003,3,2.197802198,1.0465,,3.084629216,,,,,,,,,,,,,,,,,,garcia
Hyperemic,140,,,,,,,,0.336633663,1.3125,3.898897063,3,1.619047619,2.007352941,,2.582288223,,,,,,,,,,,,,,,,,,garcia
Hyperemic,141,,,,,,,,0.346774194,1.214285714,3.501661124,3,2.529411765,1.524916944,,2.848239186,,,,,,,,,,,,,,,,,,garcia
Hyperemic,142,,,,,,,,0.352380952,1.012048193,2.872028659,3,4.404761905,1.148811462,,3.38460235,,,,,,,,,,,,,,,,,,garcia
Hyperemic,143,,,,,,,,0.36,1.333333333,3.703703703,3,9,2.222222222,,4.002712001,,,,,,,,,,,,,,,,,,garcia
Hyperemic,144,,,,,,,,0.367521368,1.30952381,3.56312292,3,3.909090909,1.492248062,,3.187098359,,,,,,,,,,,,,,,,,,garcia
Hyperemic,145,,,,,,,,0.38,1.090909091,2.870813397,3,1.583333333,1.66507177,,2.432621216,,,,,,,,,,,,,,,,,,garcia
Hyperemic,146,,,,,,,,0.395604396,1.4,3.538888885,3,1.714285714,2.372222222,,2.49657611,,,,,,,,,,,,,,,,,,garcia
Hyperemic,147,,,,,,,,0.43,1.428571429,3.322259137,3,10.75,2.159468439,,3.952406883,,,,,,,,,,,,,,,,,,garcia
Hyperemic,148,,,,,,,,0.43,1.344827586,3.127506014,3,1.102564103,1.876503609,,1.974397651,,,,,,,,,,,,,,,,,,garcia
Hyperemic,149,,,,,,,,0.43,1.3,3.023255814,3,3.307692308,1.813953488,,2.928640161,,,,,,,,,,,,,,,,,,garcia
Hyperemic,150,,,,,,,,0.445945946,1.558441558,3.49468713,3,2.75,1.794569067,,2.855073374,,,,,,,,,,,,,,,,,,garcia
Hyperemic,151,,,,,,,,0.45,1.4375,3.194444444,3,1.956521739,1.756944444,,2.417559027,,,,,,,,,,,,,,,,,,garcia
Hyperemic,152,,,,,,,,0.451923077,1.333333333,2.950354609,3,2.9375,1.843971631,,2.7482869,,,,,,,,,,,,,,,,,,garcia
Hyperemic,153,,,,,,,,0.453333333,1.064516129,2.348197345,3,1.03030303,1.565464896,,1.976407986,,,,,,,,,,,,,,,,,,garcia
Hyperemic,154,,,,,,,,0.46,0.9,1.956521739,3,2.555555556,0.97826087,,2.622500759,,,,,,,,,,,,,,,,,,garcia
Hyperemic,155,,,,,,,,0.464285714,1.5625,3.365384617,3,1.56,2.524038462,,2.257984506,,,,,,,,,,,,,,,,,,garcia
Hyperemic,156,,,,,,,,0.47,1.25,2.659574468,3,4.7,1.728723404,,3.124927879,,,,,,,,,,,,,,,,,,garcia
Hyperemic,157,,,,,,,,0.471910112,1.166666667,2.472222225,3,4.615384615,1.555555556,,3.154667083,,,,,,,,,,,,,,,,,,garcia
Hyperemic,158,,,,,,,,0.479166667,1.5,3.13043478,3,3.066666667,2.184782609,,2.747439496,,,,,,,,,,,,,,,,,,garcia
Hyperemic,159,,,,,,,,0.487804878,1.428571429,2.92857143,3,3.636363636,2.357142857,,2.94111593,,,,,,,,,,,,,,,,,,garcia
Hyperemic,160,,,,,,,,0.49,1.6,3.265306122,3,3.0625,2.12244898,,2.69998222,,,,,,,,,,,,,,,,,,garcia
Hyperemic,161,,,,,,,,0.5,1.058823529,2.117647058,3,2.777777778,1.503529412,,2.589077004,,,,,,,,,,,,,,,,,,garcia
Hyperemic,162,,,,,,,,0.505882353,1.285714286,2.541528239,3,0.955555556,1.88372093,,1.717476272,,,,,,,,,,,,,,,,,,garcia
Hyperemic,163,,,,,,,,0.512195122,2.5,4.88095238,1,0.763636364,4.345238095,,1.521986622,,,,,,,,,,,,,,,,,,garcia
Hyperemic,164,,,,,,,,0.52,1.043478261,2.006688963,3,2.166666667,1.204013378,,2.321470763,,,,,,,,,,,,,,,,,,garcia
Hyperemic,165,,,,,,,,0.53,1.018518519,1.921733055,3,0.963636364,1.191474493,,1.592024488,,,,,,,,,,,,,,,,,,garcia
Hyperemic,166,,,,,,,,0.53,1.285714286,2.425876011,3,2.944444444,1.576819407,,2.562204857,,,,,,,,,,,,,,,,,,garcia
Hyperemic,167,,,,,,,,0.530120482,1.4,2.640909091,3,2.095238095,1.877272727,,2.347278027,,,,,,,,,,,,,,,,,,garcia
Hyperemic,168,,,,,,,,0.546296296,1.164383562,2.131413979,3,6.941176471,1.776178314,,3.232010238,,,,,,,,,,,,,,,,,,garcia
Hyperemic,169,,,,,,,,0.55,1.363636364,2.479338844,3,3.666666667,1.561983471,,2.701682005,,,,,,,,,,,,,,,,,,garcia
Hyperemic,170,,,,,,,,0.551282051,3,5.441860468,1,1.194444444,4.88372093,,1.832115052,,,,,,,,,,,,,,,,,,garcia
Hyperemic,171,,,,,,,,0.56043956,2.133333333,3.80653595,1,1.59375,3.262745098,,1.992412044,,,,,,,,,,,,,,,,,,garcia
Hyperemic,172,,,,,,,,0.568807339,1.368421053,2.405772498,3,1.192307692,1.986417657,,1.64074318,,,,,,,,,,,,,,,,,,garcia
Hyperemic,173,,,,,,,,0.574074074,1.555555556,2.70967742,3,4.428571429,2.082437276,,2.77115377,,,,,,,,,,,,,,,,,,garcia
Hyperemic,174,,,,,,,,0.581081081,1.5,2.581395349,3,1.791666667,1.988372093,,2.13159122,,,,,,,,,,,,,,,,,,garcia
Hyperemic,175,,,,,,,,0.585106383,2.045454545,3.495867768,1,3.055555556,2.938016529,,2.481171606,,,,,,,,,,,,,,,,,,garcia
Hyperemic,176,,,,,,,,0.588888889,1.68,2.852830188,3,1.261904762,2.757735849,,1.722355153,,,,,,,,,,,,,,,,,,garcia
Hyperemic,177,,,,,,,,0.6,1.272727273,2.121212122,3,4.285714286,1.633333333,,2.710455929,,,,,,,,,,,,,,,,,,garcia
Hyperemic,178,,,,,,,,0.602272727,2.459016393,4.082895145,1,3.533333333,4.314877822,,2.592537536,,,,,,,,,,,,,,,,,,garcia
Hyperemic,179,,,,,,,,0.602564103,1.375,2.281914892,3,0.854545455,1.960106383,,1.411288324,,,,,,,,,,,,,,,,,,garcia
Hyperemic,180,,,,,,,,0.6125,1.666666667,2.721088436,3,3.769230769,2.414965986,,2.664126999,,,,,,,,,,,,,,,,,,garcia
Hyperemic,181,,,,,,,,0.616161616,1.714285714,2.782201405,3,1.694444444,2.304449649,,1.867830605,,,,,,,,,,,,,,,,,,garcia
Hyperemic,182,,,,,,,,0.617886179,2.12,3.431052631,1,1.433962264,2.594210526,,1.624198128,,,,,,,,,,,,,,,,,,garcia
Hyperemic,183,,,,,,,,0.618181818,1.125,1.819852942,3,3.777777778,1.422794118,,2.51335629,,,,,,,,,,,,,,,,,,garcia
Hyperemic,184,,,,,,,,0.622807018,2.6875,4.315140842,1,1.651162791,4.012323944,,1.767183554,,,,,,,,,,,,,,,,,,garcia
Hyperemic,185,,,,,,,,0.638297872,2.166666667,3.394444447,1,2.307692308,3.286111111,,2.102184231,,,,,,,,,,,,,,,,,,garcia
Hyperemic,186,,,,,,,,0.63963964,1.181818182,1.847631241,3,2.730769231,1.33162612,,2.172765305,,,,,,,,,,,,,,,,,,garcia
Hyperemic,187,,,,,,,,0.647058824,2.230769231,3.447552445,1,1.896551724,3.163636364,,1.952977268,,,,,,,,,,,,,,,,,,garcia
Hyperemic,188,,,,,,,,0.65,1.375,2.115384615,3,2.954545455,1.565384615,,2.259874692,,,,,,,,,,,,,,,,,,garcia
Hyperemic,189,,,,,,,,0.65,2.2,3.384615385,1,1.477272727,2.876923077,,1.657814701,,,,,,,,,,,,,,,,,,garcia
Hyperemic,190,,,,,,,,0.653061224,2,3.062500002,1,1.882352941,2.75,,1.869173092,,,,,,,,,,,,,,,,,,garcia
Hyperemic,191,,,,,,,,0.654867257,2.6,3.970270268,1,2.846153846,3.372972973,,2.161769921,,,,,,,,,,,,,,,,,,garcia
Hyperemic,192,,,,,,,,0.663551402,1.542857143,2.325150905,3,1.314814815,2.129577465,,1.492166991,,,,,,,,,,,,,,,,,,garcia
Hyperemic,193,,,,,,,,0.666666667,1.777777778,2.666666666,3,1.875,2.666666667,,1.867473308,,,,,,,,,,,,,,,,,,garcia
Hyperemic,194,,,,,,,,0.666666667,2.666666667,3.999999999,1,1.25,3.288888889,,1.515290789,,,,,,,,,,,,,,,,,,garcia
Hyperemic,195,,,,,,,,0.670212766,1.605263158,2.395154553,3,1.032786885,2.038429407,,1.321354033,,,,,,,,,,,,,,,,,,garcia
Hyperemic,196,,,,,,,,0.673469388,2.272727273,3.374655647,1,2.64,3.099173554,,2.10992197,,,,,,,,,,,,,,,,,,garcia
Hyperemic,197,,,,,,,,0.674698795,1.941176471,2.877100842,3,1.696969697,3.085084034,,1.794987894,,,,,,,,,,,,,,,,,,garcia
Hyperemic,198,,,,,,,,0.679012346,2.083333333,3.068181816,1,2.2,2.916666667,,2.01974534,,,,,,,,,,,,,,,,,,garcia
Hyperemic,199,,,,,,,,0.679487179,2.909090909,4.281303605,1,1.65625,4.061749571,,1.788292062,,,,,,,,,,,,,,,,,,garcia
Hyperemic,200,,,,,,,,0.680851064,2.933333333,4.308333332,1,1.454545455,4.4,,1.590867911,,,,,,,,,,,,,,,,,,garcia
Hyperemic,201,,,,,,,,0.692307692,2.1,3.033333335,1,1.5,2.8,,1.60131146,,,,,,,,,,,,,,,,,,garcia
Hyperemic,202,,,,,,,,0.693181818,1.4,2.019672132,3,2.904761905,1.698360656,,2.187577184,,,,,,,,,,,,,,,,,,garcia
Hyperemic,203,,,,,,,,0.694444444,3.2,4.608000003,1,1.5625,4.352,,1.732774734,,,,,,,,,,,,,,,,,,garcia
Hyperemic,204,,,,,,,,0.696629213,2.272727273,3.262463346,1,2.48,3.262463343,,2.036135756,,,,,,,,,,,,,,,,,,garcia
Hyperemic,205,,,,,,,,0.696629213,2.166666667,3.110215056,1,2.384615385,2.830645161,,2.002069078,,,,,,,,,,,,,,,,,,garcia
Hyperemic,206,,,,,,,,0.697674419,2.461538462,3.528205127,1,1.875,3.487179487,,1.805325401,,,,,,,,,,,,,,,,,,garcia
Hyperemic,207,,,,,,,,0.7,2.071428571,2.959183673,1,1.931034483,2.62627551,,1.856067255,,,,,,,,,,,,,,,,,,garcia
Hyperemic,208,,,,,,,,0.7,2.181818182,3.116883117,1,2.625,2.83982684,,2.07159329,,,,,,,,,,,,,,,,,,garcia
Hyperemic,209,,,,,,,,0.7,1.25,1.785714286,3,7,1.535714286,,2.877773264,,,,,,,,,,,,,,,,,,garcia
Hyperemic,210,,,,,,,,0.701149425,1.333333333,1.901639345,3,1.90625,1.704918033,,1.805325401,,,,,,,,,,,,,,,,,,garcia
Hyperemic,211,,,,,,,,0.702970297,2.923076923,4.158179848,1,1.868421053,4.158179848,,1.718206071,,,,,,,,,,,,,,,,,,garcia
Hyperemic,212,,,,,,,,0.703296703,2.5,3.554687501,1,1.828571429,3.5546875,,1.743879685,,,,,,,,,,,,,,,,,,garcia
Hyperemic,213,,,,,,,,0.703703704,3.2,4.547368419,1,0.890625,4.715789474,,1.168503303,,,,,,,,,,,,,,,,,,garcia
Hyperemic,214,,,,,,,,0.707317073,3.214285714,4.544334976,1,1.288888889,4.322660099,,1.474438224,,,,,,,,,,,,,,,,,,garcia
Hyperemic,215,,,,,,,,0.707317073,1.166666667,1.649425288,3,4.142857143,1.367816092,,2.48860718,,,,,,,,,,,,,,,,,,garcia
Hyperemic,216,,,,,,,,0.708860759,2.090909091,2.949675327,1,2.434782609,2.875,,2.038924173,,,,,,,,,,,,,,,,,,garcia
Hyperemic,217,,,,,,,,0.710280374,1.625,2.287828947,3,1.948717949,2.202302632,,1.709884489,,,,,,,,,,,,,,,,,,garcia
Hyperemic,218,,,,,,,,0.712765957,1.76,2.469253733,3,1.522727273,2.364179104,,1.545110421,,,,,,,,,,,,,,,,,,garcia
Hyperemic,219,,,,,,,,0.715517241,2.875,4.018072291,1,1.804347826,3.983433735,,1.593650286,,,,,,,,,,,,,,,,,,garcia
Hyperemic,220,,,,,,,,0.716814159,2.3125,3.226080248,1,2.189189189,3.083333333,,1.76939854,,,,,,,,,,,,,,,,,,garcia
Hyperemic,221,,,,,,,,0.72,1.05,1.458333333,3,3.428571429,1.166666667,,2.203371451,,,,,,,,,,,,,,,,,,garcia
Hyperemic,222,,,,,,,,0.72,1.821428571,2.529761904,3,1.411764706,2.150297619,,1.432669689,,,,,,,,,,,,,,,,,,garcia
Hyperemic,223,,,,,,,,0.723809524,2.62962963,3.633040935,1,1.070422535,3.460038986,,1.16053331,,,,,,,,,,,,,,,,,,garcia
Hyperemic,224,,,,,,,,0.727272727,2.476190476,3.404761906,1,0.769230769,3.311904762,,0.843706586,,,,,,,,,,,,,,,,,,garcia
Hyperemic,225,,,,,,,,0.727272727,3.296703297,4.532967035,1,2.4,4.441391941,,1.877773264,,,,,,,,,,,,,,,,,,garcia
Hyperemic,226,,,,,,,,0.73,1.25,1.712328767,3,7.3,1.489726027,,2.832015774,,,,,,,,,,,,,,,,,,garcia
Hyperemic,227,,,,,,,,0.73,1.8,2.465753425,3,2.703703704,2.194520548,,1.969288245,,,,,,,,,,,,,,,,,,garcia
Hyperemic,228,,,,,,,,0.733333333,3.125,4.261363638,1,1.32,4.308712121,,1.382923243,,,,,,,,,,,,,,,,,,garcia
Hyperemic,229,,,,,,,,0.736842105,3.416666667,4.636904764,1,0.853658537,4.783333333,,0.970964313,,,,,,,,,,,,,,,,,,garcia
Hyperemic,230,,,,,,,,0.738095238,3.627906977,4.915228808,1,1.987179487,4.681170293,,1.754765502,,,,,,,,,,,,,,,,,,garcia
Hyperemic,231,,,,,,,,0.738636364,2.666666667,3.610256409,1,2.708333333,3.569230769,,2.001957362,,,,,,,,,,,,,,,,,,garcia
Hyperemic,232,,,,,,,,0.739583333,1.428571429,1.931589539,3,2.366666667,1.830985915,,1.844349509,,,,,,,,,,,,,,,,,,garcia
Hyperemic,233,,,,,,,,0.74,1.909090909,2.57985258,3,1.761904762,2.167076167,,1.569126777,,,,,,,,,,,,,,,,,,garcia
Hyperemic,234,,,,,,,,0.741176471,2.916666667,3.935185183,1,1.8,3.75,,1.654938602,,,,,,,,,,,,,,,,,,garcia
Hyperemic,235,,,,,,,,0.742268041,1.827586207,2.462164752,3,1.358490566,2.512931034,,1.350040279,,,,,,,,,,,,,,,,,,garcia
Hyperemic,236,,,,,,,,0.743902439,3.545454545,4.766020864,1,1.564102564,4.82414307,,1.54074209,,,,,,,,,,,,,,,,,,garcia
Hyperemic,237,,,,,,,,0.744186047,2.142857143,2.879464284,1,2.133333333,2.678571429,,1.788832181,,,,,,,,,,,,,,,,,,garcia
Hyperemic,238,,,,,,,,0.747252747,1.583333333,2.118872549,3,3.578947368,1.979166667,,2.204872644,,,,,,,,,,,,,,,,,,garcia
Hyperemic,239,,,,,,,,0.75,1.875,2.5,3,2.4,1.796875,,1.826620742,,,,,,,,,,,,,,,,,,garcia
Hyperemic,240,,,,,,,,0.75257732,3.777777778,5.019786908,1,1.073529412,5.01978691,,1.115845426,,,,,,,,,,,,,,,,,,garcia
Hyperemic,241,,,,,,,,0.755555556,1.764705882,2.335640137,3,2.266666667,2.179930796,,1.788832181,,,,,,,,,,,,,,,,,,garcia
Hyperemic,242,,,,,,,,0.755555556,1.80952381,2.394957982,3,1.789473684,2.075630252,,1.583507497,,,,,,,,,,,,,,,,,,garcia
Hyperemic,243,,,,,,,,0.756302521,2.8,3.702222222,1,2.142857143,3.173333333,,1.616551427,,,,,,,,,,,,,,,,,,garcia
Hyperemic,244,,,,,,,,0.757575758,1.5,1.979999999,3,2.083333333,2.04,,1.66825825,,,,,,,,,,,,,,,,,,garcia
Hyperemic,245,,,,,,,,0.757894737,4.769230769,6.292735041,1,2.322580645,6.623931624,,1.779656458,,,,,,,,,,,,,,,,,,garcia
Hyperemic,246,,,,,,,,0.757894737,3.090909091,4.078282828,1,2.117647059,3.648989899,,1.699422011,,,,,,,,,,,,,,,,,,garcia
Hyperemic,247,,,,,,,,0.758241758,2,2.63768116,1,1.916666667,2.492753623,,1.630469689,,,,,,,,,,,,,,,,,,garcia
Hyperemic,248,,,,,,,,0.7625,2.222222222,2.914389799,1,1.525,2.550091075,,1.475285628,,,,,,,,,,,,,,,,,,garcia
Hyperemic,249,,,,,,,,0.764705882,2.074074074,2.712250713,1,1.625,2.347578348,,1.351433987,,,,,,,,,,,,,,,,,,garcia
Hyperemic,250,,,,,,,,0.76744186,3,3.909090911,1,1.571428571,4,,1.455183424,,,,,,,,,,,,,,,,,,garcia
Hyperemic,251,,,,,,,,0.768421053,1.857142857,2.416829744,3,2.807692308,2.467710372,,1.913127994,,,,,,,,,,,,,,,,,,garcia
Hyperemic,252,,,,,,,,0.769230769,2.5,3.250000001,1,2.8,2.821428571,,1.926991287,,,,,,,,,,,,,,,,,,garcia
Hyperemic,253,,,,,,,,0.769230769,1.9375,2.518750001,3,0.967741935,2.260416667,,1.071141136,,,,,,,,,,,,,,,,,,garcia
Hyperemic,254,,,,,,,,0.769230769,2.416666667,3.141666668,1,2.75862069,3.020833333,,1.856067255,,,,,,,,,,,,,,,,,,garcia
Hyperemic,255,,,,,,,,0.771186441,2.217391304,2.875298613,1,1.784313725,2.63162924,,1.416875421,,,,,,,,,,,,,,,,,,garcia
Hyperemic,256,,,,,,,,0.772727273,1.177777778,1.524183006,3,1.924528302,1.270152505,,1.429221525,,,,,,,,,,,,,,,,,,garcia
Hyperemic,257,,,,,,,,0.773809524,2.129032258,2.751364764,1,0.984848485,2.55483871,,1.040317739,,,,,,,,,,,,,,,,,,garcia
Hyperemic,258,,,,,,,,0.774193548,2.5,3.229166668,1,1.309090909,3.090277778,,1.242145925,,,,,,,,,,,,,,,,,,garcia
Hyperemic,259,,,,,,,,0.774193548,1.611111111,2.081018519,3,2.482758621,1.857253086,,1.798075308,,,,,,,,,,,,,,,,,,garcia
Hyperemic,260,,,,,,,,0.776595745,1.9,2.446575341,3,1.921052632,2.394520548,,1.563304111,,,,,,,,,,,,,,,,,,garcia
Hyperemic,261,,,,,,,,0.777777778,2.4,3.085714285,1,4.375,3.017142857,,2.117350781,,,,,,,,,,,,,,,,,,garcia
Hyperemic,262,,,,,,,,0.777777778,2.481481481,3.190476189,1,1.044776119,2.977777778,,1.0495324,,,,,,,,,,,,,,,,,,garcia
Hyperemic,263,,,,,,,,0.78,3.230769231,4.142011835,1,1.857142857,3.727810651,,1.49657611,,,,,,,,,,,,,,,,,,garcia
Hyperemic,264,,,,,,,,0.78021978,1.923076923,2.464788733,3,2.84,2.491874323,,1.905801988,,,,,,,,,,,,,,,,,,garcia
Hyperemic,265,,,,,,,,0.782178218,1.538461538,1.966893865,3,1.975,1.927945472,,1.538954708,,,,,,,,,,,,,,,,,,garcia
Hyperemic,266,,,,,,,,0.784313725,1.967741935,2.508870969,3,1.31147541,2.435080645,,1.17241502,,,,,,,,,,,,,,,,,,garcia
Hyperemic,267,,,,,,,,0.788888889,2.5,3.169014084,1,2.84,2.992957746,,1.883525593,,,,,,,,,,,,,,,,,,garcia
Hyperemic,268,,,,,,,,0.788990826,2.447368421,3.101897184,1,0.924731183,2.845777234,,0.825413948,,,,,,,,,,,,,,,,,,garcia
Hyperemic,269,,,,,,,,0.79,4.285714286,5.424954792,1,1.316666667,5.153707052,,1.166568803,,,,,,,,,,,,,,,,,,garcia
Hyperemic,270,,,,,,,,0.79,2.727272727,3.452243958,1,2.633333333,2.934407365,,1.768628795,,,,,,,,,,,,,,,,,,garcia
Hyperemic,271,,,,,,,,0.79,2.4,3.037974684,1,2.194444444,2.612658228,,1.610266303,,,,,,,,,,,,,,,,,,garcia
Hyperemic,272,,,,,,,,0.79,1.727272727,2.186421173,3,4.157894737,1.945914845,,2.165364102,,,,,,,,,,,,,,,,,,garcia
Hyperemic,273,,,,,,,,0.790123457,1.5,1.898437499,3,1.422222222,1.828125,,1.324675903,,,,,,,,,,,,,,,,,,garcia
Hyperemic,274,,,,,,,,0.790322581,1.714285714,2.169096209,3,1.361111111,2.16909621,,1.40199036,,,,,,,,,,,,,,,,,,garcia
Hyperemic,275,,,,,,,,0.790697674,4.285714286,5.42016807,1,2.266666667,5.168067227,,1.701682005,,,,,,,,,,,,,,,,,,garcia
Hyperemic,276,,,,,,,,0.791666667,3.470588235,4.383900927,1,1.288135593,4.064241486,,1.159977982,,,,,,,,,,,,,,,,,,garcia
Hyperemic,277,,,,,,,,0.79245283,1.642857143,2.073129252,3,1.826086957,2.092687075,,1.417559027,,,,,,,,,,,,,,,,,,garcia
Hyperemic,278,,,,,,,,0.798076923,4.426229508,5.546118902,1,3.074074074,5.226150504,,1.860143776,,,,,,,,,,,,,,,,,,garcia
Hyperemic,279,,,,,,,,0.798076923,4.426229508,5.546118902,1,3.074074074,5.226150504,,1.860143776,,,,,,,,,,,,,,,,,,garcia
Hyperemic,280,,,,,,,,0.8,2,2.5,0,2,2.527777778,,1.543319513,,,,,,,,,,,,,,,,,,garcia
Hyperemic,281,,,,,,,,0.801980198,2.294117647,2.860566449,0,2.076923077,2.803921569,,1.519552791,,,,,,,,,,,,,,,,,,garcia
Hyperemic,282,,,,,,,,0.802469136,2.15625,2.68701923,0,0.942028986,2.687019231,,0.927073811,,,,,,,,,,,,,,,,,,garcia
Hyperemic,283,,,,,,,,0.802631579,1.588235294,1.978784956,2,2.259259259,2.135004822,,1.71401574,,,,,,,,,,,,,,,,,,garcia
Hyperemic,284,,,,,,,,0.804123711,2.365591398,2.941825201,0,3.545454545,2.911497105,,1.994560249,,,,,,,,,,,,,,,,,,garcia
Hyperemic,285,,,,,,,,0.804347826,2.875,3.574324325,0,3.217391304,3.846283784,,1.932468843,,,,,,,,,,,,,,,,,,garcia
Hyperemic,286,,,,,,,,0.804347826,2.761904762,3.433719434,0,1.275862069,3.284427284,,1.129068527,,,,,,,,,,,,,,,,,,garcia
Hyperemic,287,,,,,,,,0.804597701,2,2.485714286,0,2.5,2.142857143,,1.736784868,,,,,,,,,,,,,,,,,,garcia
Hyperemic,288,,,,,,,,0.808080808,2.6,3.2175,0,2.051282051,3.2825,,1.497276396,,,,,,,,,,,,,,,,,,garcia
Hyperemic,289,,,,,,,,0.809090909,2.1,2.595505618,0,4.238095238,2.666292135,,2.078432715,,,,,,,,,,,,,,,,,,garcia
Hyperemic,290,,,,,,,,0.80952381,1.4375,1.775735293,2,2.956521739,1.670036765,,1.88131632,,,,,,,,,,,,,,,,,,garcia
Hyperemic,291,,,,,,,,0.81,1.533333333,1.893004115,2,3.52173913,1.817283951,,1.955949938,,,,,,,,,,,,,,,,,,garcia
Hyperemic,292,,,,,,,,0.81,2.5,3.086419753,0,1.35,2.87037037,,1.12310311,,,,,,,,,,,,,,,,,,garcia
Hyperemic,293,,,,,,,,0.81,1.923076923,2.374169041,2,3.24,2.279202279,,1.883525593,,,,,,,,,,,,,,,,,,garcia
Hyperemic,294,,,,,,,,0.811764706,2,2.463768116,0,2.3,2.173913043,,1.650529483,,,,,,,,,,,,,,,,,,garcia
Hyperemic,295,,,,,,,,0.8125,3.066666667,3.774358975,0,1.97826087,3.504761905,,1.397355641,,,,,,,,,,,,,,,,,,garcia
Hyperemic,296,,,,,,,,0.815217391,3,3.680000001,0,1.5625,3.88,,1.268618456,,,,,,,,,,,,,,,,,,garcia
Hyperemic,297,,,,,,,,0.817307692,3.4,4.160000002,0,2.5,4.28,,1.616447776,,,,,,,,,,,,,,,,,,garcia
Hyperemic,298,,,,,,,,0.819672131,1.875,2.2875,2,2.222222222,2.04375,,1.436649663,,,,,,,,,,,,,,,,,,garcia
Hyperemic,299,,,,,,,,0.81981982,2.25,2.744505494,0,1.444444444,2.521978022,,1.103000906,,,,,,,,,,,,,,,,,,garcia
Hyperemic,300,,,,,,,,0.821052632,3.012048193,3.668520233,0,3.12,3.629904232,,1.835220914,,,,,,,,,,,,,,,,,,garcia
Hyperemic,301,,,,,,,,0.822222222,3,3.64864865,0,4.111111111,3.445945946,,2.094226982,,,,,,,,,,,,,,,,,,garcia
Hyperemic,302,,,,,,,,0.823529412,2.6,3.157142856,0,1.076923077,3.296428571,,1.047826568,,,,,,,,,,,,,,,,,,garcia
Hyperemic,303,,,,,,,,0.823529412,2.176470588,2.642857142,0,2.27027027,2.642857143,,1.519521066,,,,,,,,,,,,,,,,,,garcia
Hyperemic,304,,,,,,,,0.824175824,2.558139535,3.10387597,0,3.409090909,3.240310078,,1.919926631,,,,,,,,,,,,,,,,,,garcia
Hyperemic,305,,,,,,,,0.830357143,2.8125,3.387096774,0,2.066666667,3.175403226,,1.372980583,,,,,,,,,,,,,,,,,,garcia
Hyperemic,306,,,,,,,,0.833333333,2.15,2.580000001,0,1.976744186,2.630588235,,1.36416402,,,,,,,,,,,,,,,,,,garcia
Hyperemic,307,,,,,,,,0.833333333,2.636363636,3.163636364,0,2.413793103,3.502597403,,1.621984049,,,,,,,,,,,,,,,,,,garcia
Hyperemic,308,,,,,,,,0.833333333,3.461538462,4.153846156,0,1.666666667,4.153846154,,1.270318241,,,,,,,,,,,,,,,,,,garcia
Hyperemic,309,,,,,,,,0.834951456,2.538461538,3.040250448,0,1.303030303,3.040250447,,0.99201306,,,,,,,,,,,,,,,,,,garcia
Hyperemic,310,,,,,,,,0.835164835,2.916666667,3.492324562,0,2.171428571,3.530701754,,1.48860718,,,,,,,,,,,,,,,,,,garcia
Hyperemic,311,,,,,,,,0.838095238,2.888888889,3.446969697,0,3.384615385,3.446969697,,1.801154235,,,,,,,,,,,,,,,,,,garcia
Hyperemic,312,,,,,,,,0.838709677,2.230769231,2.659763315,0,2.689655172,2.716962525,,1.651947273,,,,,,,,,,,,,,,,,,garcia
Hyperemic,313,,,,,,,,0.838983051,2.533333333,3.019528619,0,2.605263158,2.738047138,,1.519838417,,,,,,,,,,,,,,,,,,garcia
Hyperemic,314,,,,,,,,0.84,2.047619048,2.437641724,0,1.953488372,2.583900227,,1.337835081,,,,,,,,,,,,,,,,,,garcia
Hyperemic,315,,,,,,,,0.841463415,3.333333333,3.961352655,0,1.38,3.913043478,,1.116655353,,,,,,,,,,,,,,,,,,garcia
Hyperemic,316,,,,,,,,0.841463415,3.333333333,3.961352655,0,1.38,3.913043478,,1.116655353,,,,,,,,,,,,,,,,,,garcia
Hyperemic,317,,,,,,,,0.84375,1.923076923,2.279202279,2,3.24,2.231718898,,1.780863251,,,,,,,,,,,,,,,,,,garcia
Hyperemic,318,,,,,,,,0.844444444,2.071428571,2.45300752,0,2.620689655,2.234962406,,1.621984049,,,,,,,,,,,,,,,,,,garcia
Hyperemic,319,,,,,,,,0.847826087,2.466666667,2.90940171,0,2.108108108,2.751282051,,1.410376597,,,,,,,,,,,,,,,,,,garcia
Hyperemic,320,,,,,,,,0.85,3.083333333,3.62745098,0,1.837837838,3.31004902,,1.343429807,,,,,,,,,,,,,,,,,,garcia
Hyperemic,321,,,,,,,,0.85,1.444444444,1.699346405,2,3.269230769,1.580392157,,1.746796573,,,,,,,,,,,,,,,,,,garcia
Hyperemic,322,,,,,,,,0.85,1.916666667,2.254901961,2,3.695652174,2.142156863,,1.853287597,,,,,,,,,,,,,,,,,,garcia
Hyperemic,323,,,,,,,,0.85046729,2.7,3.174725274,0,1.685185185,3.026373626,,1.139984473,,,,,,,,,,,,,,,,,,garcia
Hyperemic,324,,,,,,,,0.85106383,3,3.524999999,0,1.15942029,3.4875,,0.869081864,,,,,,,,,,,,,,,,,,garcia
Hyperemic,325,,,,,,,,0.851851852,2.225806452,2.612903226,0,1.333333333,2.491935484,,0.927073811,,,,,,,,,,,,,,,,,,garcia
Hyperemic,326,,,,,,,,0.852631579,2.842105263,3.333333333,0,1.5,3.333333333,,1.081992526,,,,,,,,,,,,,,,,,,garcia
Hyperemic,327,,,,,,,,0.852941176,1.592592593,1.867177524,2,2.023255814,1.775649212,,1.309806357,,,,,,,,,,,,,,,,,,garcia
Hyperemic,328,,,,,,,,0.853448276,2.642857143,3.096681096,0,2.675675676,2.98989899,,1.494697483,,,,,,,,,,,,,,,,,,garcia
Hyperemic,329,,,,,,,,0.855555556,3.924050633,4.586552686,0,2.483870968,4.433667598,,1.531871974,,,,,,,,,,,,,,,,,,garcia
Hyperemic,330,,,,,,,,0.855932203,1.88,2.196435645,2,2.14893617,2.196435644,,1.286905215,,,,,,,,,,,,,,,,,,garcia
Hyperemic,331,,,,,,,,0.858823529,5.376344086,6.260126678,0,1.46,6.186478126,,1.081893247,,,,,,,,,,,,,,,,,,garcia
Hyperemic,332,,,,,,,,0.858974359,3.5,4.074626866,0,1.914285714,4.179104478,,1.353908606,,,,,,,,,,,,,,,,,,garcia
Hyperemic,333,,,,,,,,0.861702128,2,2.320987653,0,1.840909091,2.148148148,,1.227690009,,,,,,,,,,,,,,,,,,garcia
Hyperemic,334,,,,,,,,0.861702128,2.6,3.017283949,0,2.076923077,2.888888889,,1.332466148,,,,,,,,,,,,,,,,,,garcia
Hyperemic,335,,,,,,,,0.862068966,2.027027027,2.35135135,0,1,2.675675676,,0.729710729,,,,,,,,,,,,,,,,,,garcia
Hyperemic,336,,,,,,,,0.862903226,2.041666667,2.366043614,0,2.183673469,2.308800623,,1.250708771,,,,,,,,,,,,,,,,,,garcia
Hyperemic,337,,,,,,,,0.863157895,2.5,2.896341463,0,2.733333333,2.865853659,,1.560352852,,,,,,,,,,,,,,,,,,garcia
Hyperemic,338,,,,,,,,0.863636364,2.058823529,2.383900927,0,2.714285714,2.188854489,,1.48860718,,,,,,,,,,,,,,,,,,garcia
Hyperemic,339,,,,,,,,0.865168539,1.785714286,2.064007422,2,3.08,1.971243043,,1.683953238,,,,,,,,,,,,,,,,,,garcia
Hyperemic,340,,,,,,,,0.865853659,2.1875,2.526408449,0,2.028571429,2.095070423,,1.353908606,,,,,,,,,,,,,,,,,,garcia
Hyperemic,341,,,,,,,,0.868131868,1.904761905,2.194092828,2,2.46875,2.073538276,,1.469533299,,,,,,,,,,,,,,,,,,garcia
Hyperemic,342,,,,,,,,0.868852459,1.528301887,1.758988964,2,0.654320988,1.758988964,,0.486771959,,,,,,,,,,,,,,,,,,garcia
Hyperemic,343,,,,,,,,0.87,3.466666667,3.98467433,0,1.673076923,3.944827586,,1.082588675,,,,,,,,,,,,,,,,,,garcia
Hyperemic,344,,,,,,,,0.87,2.291666667,2.634099617,0,1.581818182,2.634099617,,1.033869983,,,,,,,,,,,,,,,,,,garcia
Hyperemic,345,,,,,,,,0.87037037,2.157894737,2.479283316,0,2.292682927,2.180851064,,1.321212332,,,,,,,,,,,,,,,,,,garcia
Hyperemic,346,,,,,,,,0.870588235,3.133333333,3.5990991,0,1.574468085,3.641441441,,1.097848979,,,,,,,,,,,,,,,,,,garcia
Hyperemic,347,,,,,,,,0.870588235,2.384615385,2.73908524,0,2.387096774,2.352390852,,1.459321307,,,,,,,,,,,,,,,,,,garcia
Hyperemic,348,,,,,,,,0.871287129,1.592592593,1.827861953,2,2.046511628,2.026936027,,1.247658451,,,,,,,,,,,,,,,,,,garcia
Hyperemic,349,,,,,,,,0.873873874,2.153846154,2.464710547,0,1.732142857,2.464710547,,1.050403991,,,,,,,,,,,,,,,,,,garcia
Hyperemic,350,,,,,,,,0.875,2.25,2.571428571,0,1.069444444,2.62987013,,0.727379702,,,,,,,,,,,,,,,,,,garcia
Hyperemic,351,,,,,,,,0.875,2.388888889,2.73015873,0,1.790697674,2.637085137,,1.175107784,,,,,,,,,,,,,,,,,,garcia
Hyperemic,352,,,,,,,,0.875,3.222222222,3.682539682,0,1.448275862,4.066137566,,0.952977268,,,,,,,,,,,,,,,,,,garcia
Hyperemic,353,,,,,,,,0.875,2.173913043,2.484472049,0,1.82,2.269469661,,1.116655353,,,,,,,,,,,,,,,,,,garcia
Hyperemic,354,,,,,,,,0.875,3.4,3.885714286,0,2.058823529,3.885714286,,1.337694175,,,,,,,,,,,,,,,,,,garcia
Hyperemic,355,,,,,,,,0.88,2.454545455,2.789256199,0,1.62962963,2.789256198,,1.015045736,,,,,,,,,,,,,,,,,,garcia
Hyperemic,356,,,,,,,,0.88,1.733333333,1.969696969,2,3.384615385,1.871212121,,1.64988656,,,,,,,,,,,,,,,,,,garcia
Hyperemic,357,,,,,,,,0.882352941,1.461538462,1.656410257,2,1.315789474,1.734358974,,0.888902298,,,,,,,,,,,,,,,,,,garcia
Hyperemic,358,,,,,,,,0.883116883,2.058823529,2.331314879,0,1.942857143,2.603806228,,1.26675843,,,,,,,,,,,,,,,,,,garcia
Hyperemic,359,,,,,,,,0.88372093,2.025751073,2.292297267,0,1.610169492,2.372261125,,1.052768012,,,,,,,,,,,,,,,,,,garcia
Hyperemic,360,,,,,,,,0.884210526,2.527472527,2.858451073,0,3.652173913,2.948717949,,1.718589023,,,,,,,,,,,,,,,,,,garcia
Hyperemic,361,,,,,,,,0.884210526,2.388888889,2.701719578,0,1.953488372,2.616402116,,1.175107784,,,,,,,,,,,,,,,,,,garcia
Hyperemic,362,,,,,,,,0.886075949,2.6,2.934285716,0,1.794871795,2.822857143,,1.172765305,,,,,,,,,,,,,,,,,,garcia
Hyperemic,363,,,,,,,,0.886792453,2.25,2.537234042,0,2.611111111,2.704787234,,1.367228254,,,,,,,,,,,,,,,,,,garcia
Hyperemic,364,,,,,,,,0.888888889,3.953488372,4.447674418,0,4.235294118,4.228036176,,1.893996676,,,,,,,,,,,,,,,,,,garcia
Hyperemic,365,,,,,,,,0.888888889,3.470588235,3.904411764,0,1.491525424,3.707219251,,0.900340671,,,,,,,,,,,,,,,,,,garcia
Hyperemic,366,,,,,,,,0.888888889,2.923076923,3.288461538,0,2.105263158,3.361538462,,1.241084816,,,,,,,,,,,,,,,,,,garcia
Hyperemic,367,,,,,,,,0.888888889,2.806451613,3.157258064,0,0.91954023,3.33266129,,0.521613504,,,,,,,,,,,,,,,,,,garcia
Hyperemic,368,,,,,,,,0.891304348,2.2,2.468292682,0,1.490909091,2.52195122,,0.919926631,,,,,,,,,,,,,,,,,,garcia
Hyperemic,369,,,,,,,,0.892086331,1.681818182,1.88526393,2,3.351351351,1.763196481,,1.44033982,,,,,,,,,,,,,,,,,,garcia
Hyperemic,370,,,,,,,,0.892473118,2.214285714,2.481067126,0,2.677419355,2.481067126,,1.417928622,,,,,,,,,,,,,,,,,,garcia
Hyperemic,371,,,,,,,,0.894230769,2.571428571,2.875576037,0,1.722222222,2.903225806,,0.977257175,,,,,,,,,,,,,,,,,,garcia
Hyperemic,372,,,,,,,,0.895238095,2.75,3.071808511,0,1.709090909,3.188829787,,0.961319316,,,,,,,,,,,,,,,,,,garcia
Hyperemic,373,,,,,,,,0.895652174,2.466666667,2.754045308,0,2.783783784,2.801941748,,1.343429807,,,,,,,,,,,,,,,,,,garcia
Hyperemic,374,,,,,,,,0.895833333,2.785714286,3.109634553,0,2.205128205,3.077242525,,1.218522795,,,,,,,,,,,,,,,,,,garcia
Hyperemic,375,,,,,,,,0.896551724,1.611111111,1.797008547,2,2.689655172,1.817663818,,1.430098523,,,,,,,,,,,,,,,,,,garcia
Hyperemic,376,,,,,,,,0.897435897,2.7,3.00857143,0,1.944444444,2.982857143,,1.015045736,,,,,,,,,,,,,,,,,,garcia
Hyperemic,377,,,,,,,,0.898876404,2.285714286,2.542857145,0,1.25,2.428571429,,0.742534571,,,,,,,,,,,,,,,,,,garcia
Hyperemic,378,,,,,,,,0.9,1.636363636,1.818181818,2,1.666666667,1.727272727,,0.93586449,,,,,,,,,,,,,,,,,,garcia
Hyperemic,379,,,,,,,,0.904109589,4.4,4.866666667,0,1,5.066666667,,0.606662178,,,,,,,,,,,,,,,,,,garcia
Hyperemic,380,,,,,,,,0.909090909,3.222222222,3.544444445,0,3.448275862,3.415555556,,1.475856014,,,,,,,,,,,,,,,,,,garcia
Hyperemic,381,,,,,,,,0.909090909,3,3.3,0,2.083333333,3.06,,1.038169535,,,,,,,,,,,,,,,,,,garcia
Hyperemic,382,,,,,,,,0.91,3.333333333,3.663003663,0,3.033333333,3.516483516,,1.40065201,,,,,,,,,,,,,,,,,,garcia
Hyperemic,383,,,,,,,,0.91,2.538461538,2.789518174,0,2.757575758,2.928994083,,1.317866639,,,,,,,,,,,,,,,,,,garcia
Hyperemic,384,,,,,,,,0.91,3.055555556,3.357753358,0,1.654545455,3.290598291,,0.87416914,,,,,,,,,,,,,,,,,,garcia
Hyperemic,385,,,,,,,,0.91011236,2.583333333,2.838477364,0,2.612903226,3.061728395,,1.321018609,,,,,,,,,,,,,,,,,,garcia
Hyperemic,386,,,,,,,,0.910714286,1.904761905,2.091503268,2,2.55,2.072829132,,1.196532027,,,,,,,,,,,,,,,,,,garcia
Hyperemic,387,,,,,,,,0.910714286,4.470588235,4.908881198,0,1.342105263,4.952710496,,0.639024825,,,,,,,,,,,,,,,,,,garcia
Hyperemic,388,,,,,,,,0.912621359,2.365591398,2.592084192,0,4.272727273,2.566918325,,1.670049157,,,,,,,,,,,,,,,,,,garcia
Hyperemic,389,,,,,,,,0.916666667,1.703703704,1.858585858,2,2.391304348,1.827609428,,1.075136346,,,,,,,,,,,,,,,,,,garcia
Hyperemic,390,,,,,,,,0.917647059,2,2.179487179,0,2.052631579,2.307692308,,1.086182856,,,,,,,,,,,,,,,,,,garcia
Hyperemic,391,,,,,,,,0.918604651,2.75,2.993670887,0,2.393939394,3.098101266,,1.20872217,,,,,,,,,,,,,,,,,,garcia
Hyperemic,392,,,,,,,,0.921348315,3.466666667,3.762601625,0,1.576923077,4.100813008,,0.813743362,,,,,,,,,,,,,,,,,,garcia
Hyperemic,393,,,,,,,,0.921428571,1.95,2.116279071,2,3.307692308,2.040697674,,1.259915481,,,,,,,,,,,,,,,,,,garcia
Hyperemic,394,,,,,,,,0.922222222,3.19047619,3.459552496,0,1.23880597,3.459552496,,0.593600444,,,,,,,,,,,,,,,,,,garcia
Hyperemic,395,,,,,,,,0.924528302,2.4375,2.636479592,0,2.512820513,2.586734694,,1.121612782,,,,,,,,,,,,,,,,,,garcia
Hyperemic,396,,,,,,,,0.925531915,2.9,3.133333333,0,1.5,3.266666667,,0.718894062,,,,,,,,,,,,,,,,,,garcia
Hyperemic,397,,,,,,,,0.927536232,3.698630137,3.987585616,0,2.37037037,4.045376712,,1.236894486,,,,,,,,,,,,,,,,,,garcia
Hyperemic,398,,,,,,,,0.928571429,1.954545455,2.104895104,2,2.418604651,2.349213287,,1.036805085,,,,,,,,,,,,,,,,,,garcia
Hyperemic,399,,,,,,,,0.928571429,2.679245283,2.885341073,0,1.098591549,3.366231253,,0.476286562,,,,,,,,,,,,,,,,,,garcia
Hyperemic,400,,,,,,,,0.92920354,2.068965517,2.226600985,0,1.75,2.266009852,,0.747439496,,,,,,,,,,,,,,,,,,garcia
Hyperemic,401,,,,,,,,0.93,2.483870968,2.670828998,0,1.207792208,3.124869927,,0.472768599,,,,,,,,,,,,,,,,,,garcia
Hyperemic,402,,,,,,,,0.931034483,2.2,2.362962962,0,1.840909091,2.444444444,,0.891897907,,,,,,,,,,,,,,,,,,garcia
Hyperemic,403,,,,,,,,0.933333333,2.842105263,3.045112783,0,1.555555556,3.214285714,,0.71401574,,,,,,,,,,,,,,,,,,garcia
Hyperemic,404,,,,,,,,0.936842105,3.105263158,3.314606743,0,1.508474576,3.384387936,,0.637099237,,,,,,,,,,,,,,,,,,garcia
Hyperemic,405,,,,,,,,0.94,3.0625,3.257978723,0,1.918367347,3.355718085,,0.7984111,,,,,,,,,,,,,,,,,,garcia
Hyperemic,406,,,,,,,,0.941176471,2.583333333,2.744791665,0,2.580645161,2.615625,,1.116898626,,,,,,,,,,,,,,,,,,garcia
Hyperemic,407,,,,,,,,0.943396226,2.235294118,2.369411766,0,2.631578947,2.324705882,,1.019236067,,,,,,,,,,,,,,,,,,garcia
Hyperemic,408,,,,,,,,0.945652174,2.636363636,2.787878787,0,3,2.787878788,,1.174826018,,,,,,,,,,,,,,,,,,garcia
Hyperemic,409,,,,,,,,0.947368421,2.25,2.375,0,2,2.53125,,0.890106999,,,,,,,,,,,,,,,,,,garcia
Hyperemic,410,,,,,,,,0.947916667,1.421052632,1.499132446,2,3.37037037,1.514748409,,1.236894486,,,,,,,,,,,,,,,,,,garcia
Hyperemic,411,,,,,,,,0.947916667,2.411764706,2.544279249,0,2.219512195,2.597285068,,0.8740543,,,,,,,,,,,,,,,,,,garcia
Hyperemic,412,,,,,,,,0.949367089,3.272727273,3.447272726,0,2.083333333,3.578181818,,0.890106999,,,,,,,,,,,,,,,,,,garcia
Hyperemic,413,,,,,,,,0.95,3.225806452,3.395585739,0,0.76,3.353140917,,0.002712001,,,,,,,,,,,,,,,,,,garcia
Hyperemic,414,,,,,,,,0.954545455,2.428571429,2.544217686,0,1.976470588,2.717687075,,0.745934141,,,,,,,,,,,,,,,,,,garcia
Hyperemic,415,,,,,,,,0.96,0.985915493,1.026995305,2,13.71428571,1.016725352,,2.312515921,,,,,,,,,,,,,,,,,,garcia
Hyperemic,416,,,,,,,,0.96,2.5,2.604166667,0,2.133333333,2.552083333,,0.696286973,,,,,,,,,,,,,,,,,,garcia
Hyperemic,417,,,,,,,,0.963855422,5.487804878,5.693597559,0,1.777777778,5.693597561,,0.571348237,,,,,,,,,,,,,,,,,,garcia
Hyperemic,418,,,,,,,,0.964705882,1.896551724,1.965937763,2,1.490909091,2.289739277,,0.397047885,,,,,,,,,,,,,,,,,,garcia
Hyperemic,419,,,,,,,,0.967032967,2.285714286,2.363636364,0,2.75,2.493506494,,0.867473308,,,,,,,,,,,,,,,,,,garcia
Hyperemic,420,,,,,,,,0.968085106,3.210526316,3.316367844,0,1.491803279,3.775014459,,0.307113594,,,,,,,,,,,,,,,,,,garcia
Hyperemic,421,,,,,,,,0.968085106,2.466666667,2.547985349,0,2.459459459,2.629304029,,0.741369816,,,,,,,,,,,,,,,,,,garcia
Hyperemic,422,,,,,,,,0.97,2.1,2.164948454,0,2.30952381,2.121649485,,0.631274683,,,,,,,,,,,,,,,,,,garcia
Hyperemic,423,,,,,,,,0.972222222,2.473684211,2.544360903,0,2.234042553,2.403007519,,0.533577548,,,,,,,,,,,,,,,,,,garcia
Hyperemic,424,,,,,,,,0.977011494,2.5,2.55882353,0,2.833333333,2.647058824,,0.747439496,,,,,,,,,,,,,,,,,,garcia
Hyperemic,425,,,,,,,,0.977777778,3.166666667,3.238636363,0,1.543859649,3.238636364,,0.189932294,,,,,,,,,,,,,,,,,,garcia
Hyperemic,426,,,,,,,,0.97826087,3.5,3.577777776,0,0.989010989,3.616666667,,-0.216400779,,,,,,,,,,,,,,,,,,garcia
Hyperemic,427,,,,,,,,0.978494624,3.707865169,3.78935671,0,2.757575758,3.870848253,,0.664654125,,,,,,,,,,,,,,,,,,garcia
Hyperemic,428,,,,,,,,0.979591837,2.666666667,2.722222222,0,2,2.916666667,,0.33919953,,,,,,,,,,,,,,,,,,garcia
Hyperemic,429,,,,,,,,0.979591837,2.461538462,2.512820513,0,3,2.564102564,,0.691382049,,,,,,,,,,,,,,,,,,garcia
Hyperemic,430,,,,,,,,0.98,2.933333333,2.993197279,0,2.227272727,2.963265306,,0.414776652,,,,,,,,,,,,,,,,,,garcia
Hyperemic,431,,,,,,,,0.987951807,3.085106383,3.122729632,0,2.827586207,3.386092372,,0.475856014,,,,,,,,,,,,,,,,,,garcia