Condition,Geometry Number,Location,Stenosis Percentage,Length,Width,R_scale,R_micro,R_total,P_d/P_a,CFR,CFR/FFR,discord,HMR,BMR/HMR,HSR,P_Loss_Coeff,Average Flow,Max Flow,v_distal,area,Q_distal,WSS_LMB,WSS_Bif,WSS_LE,WSS_TE,WSS_min,WSS_LE_min,WSS_TE_min,WSS_Area_Bifur,WSS_LE_Area,WSS_TE_Area,WSS_Area_Bifur_min,WSS_LE_Area_min,WSS_TE_Area_min,source
Hyperemic,56,LCX,0.6,0.9,0.57,0.24,0,0.24,0.572520443,3.067225399,5.357407642,1,1.310531256,5.511597682,0.978524569,1.761940814,6.556845,10.417828,42.57799437,0.095,4.044909465,1866.911607,3448.994889,1035.856331,1727.560353,13.28389105,22.32315889,0.194467876,,0.209743864,0.153524985,0.015276951,0,0.061447091,mine
Hyperemic,26,LAD,0.59,2.5,0.78,0.24,0,0.24,0.483869963,2.542233069,5.253959255,1,1.315848432,4.944998975,1.403577309,1.974745804,5.521073759,8.554116,37.41491947,0.095,3.55441735,555.281961,,498.4516702,1382.06823,0.810531592,4.398622813,0.964112148,0.854260056,0.167622329,0.154369602,0,0,0.003152871,mine
Hyperemic,13,LAD,0.59,1.2,0.81,0.24,0,0.24,0.576869098,2.654303317,4.601222923,1,1.510185059,4.653188795,1.107713983,1.861830246,5.882034057,8.897737,38.29584638,0.095,3.638105406,,2642.526706,913.2225482,1168.741477,16.90358109,8.315521377,3.452354719,0.846077949,0.274595829,0.240395398,0,0,0,mine
Hyperemic,9,LAD,0.56,1.2,0.78,0.24,0,0.24,0.62963769,2.84845902,4.52396523,1,1.59223813,4.52143421,0.93657829,1.76744284,6.17815655,9.622707,40.2397734,0.095,3.822778473,675.230019,2536.06953,894.019957,1114.22768,11.8040446,5.01762651,8.50377729,0.85984484,0.2744707,0.2461127,0,0,0,mine
Hyperemic,5,LAD,0.48,1.2,0.71,0.24,0,0.24,0.74404273,3.17262425,4.26403504,1,1.70466146,4.42857883,0.58641861,,6.70194192,10.671385,,0.095,0,554.574982,1365.68185,982.190159,905.258643,6.11657981,3.29462316,3.66183735,,0.27605297,0.25215725,0,0,0.00015104,mine
Hyperemic,18,LAD,0.45,2.5,0.68,0.24,0,0.24,0.698815174,3.190504655,4.565591554,1,1.71049844,4.595104754,0.737213779,1.621534084,6.511574356,10.717489,44.32141733,0.095,4.210534646,769.259048,1876.517458,,,0.249105435,,,,,,,,,mine
Hyperemic,38,LAD,0,0.1,0.251,0.24,0,0.24,0.964578422,3.748997458,3.886669421,0,1.800845216,4.145135925,0.066131252,0.480711818,7.461479057,12.545064,54.9856299,0.095,5.223634841,1010.994858,1929.592179,936.3744589,936.3744589,,25.64289425,4.36929602,0.903215595,0.253257595,0.246738978,0,0,0,mine
Hyperemic,1,LAD,0.45,1.2,0.68,0.24,0,0.24,0.78279574,3.29295731,4.20666229,1,1.82960849,4.36003306,0.50766598,1.46117657,6.83480152,11.063105,44.1525479,0.095,4.194492051,833.409859,2024.27804,1020.27841,834.911297,6.08141458,1.66234155,5.8003689,,0.27519231,0.25529653,,0,0,mine
Hyperemic,58,LCX,0.6,3,0.76,0.24,0,0.24,0.640768073,3.275656845,5.112078741,1,2.06008946,4.573567643,1.154941915,1.973600249,6.725018759,10.989131,30.86840386,0.095,2.932498367,814.901746,1735.756854,888.6050457,595.7586515,0.734339432,20.87221544,0.73899006,0.932497011,0.19098163,0.098250316,0,0,0,mine
Hyperemic,52,LCX,0.3,0.9,0.61,0.24,0,0.24,0.912696236,3.669399535,4.020395167,0,2.112068729,4.100138644,0.202029485,1.079381863,7.382394908,12.34426,42.32404556,0.095,4.020784328,1046.328859,2187.311718,1106.017478,322.0827865,3.207490599,10.41412038,11.47801754,0.890435767,0.192953501,0.243759665,6.92E-05,0,0,mine
Hyperemic,34,LAD,0.59,2.5,0.78,0.43,0,0.43,0.653378853,1.907135156,2.918881055,3,2.522209806,2.579828661,1.338046451,2.070118626,3.869900874,6.417136,28.63563676,0.095,2.720385492,362.853009,1503.760284,379.0663565,1042.439594,1.216785459,1.604850444,1.403350804,0.621188617,0.111729742,0.14663327,0.000376144,0.000804848,0.003321649,mine
Hyperemic,54,LCX,0.3,3,0.9,0.24,0,0.24,0.842737951,3.594209457,4.264919426,0,2.529300165,3.943311326,0.471988863,1.555443341,7.312828839,12.119358,33.04020169,0.095,3.138819161,1084.868221,1863.389237,925.3396628,232.5527115,2.143027843,5.176404848,2.967450936,0.924223152,0.187945616,0.104906821,0,0,0.006228525,mine
Hyperemic,45,LAD,0.59,1.2,0.63,0.43,0,0.43,0.75687112,2.074473934,2.740854922,1,2.675958768,2.626040536,0.859595302,1.841596975,4.163569989,6.954037,31.13517692,0.095,2.957841807,438.439425,1938.923303,643.1548609,800.2244054,14.09999587,2.93199149,3.324824977,0.641197089,0.236326601,0.191061902,0,0,0,mine
Hyperemic,39,LAD,0,0.1,0.251,0.43,0,0.43,0.980134583,2.516764015,2.567773915,0,3.003824285,2.485081513,0.060881662,0.628805605,4.726278621,8.421709,35.99441966,0.095,3.419469868,559.284393,1107.928699,545.2060713,545.2060713,,12.38220519,2.367019543,0.631962901,0.127953558,0.110807818,0,0,0,mine
Hyperemic,31,LAD,0.45,2.5,0.68,0.43,0,0.43,0.833068698,2.250310269,2.70123013,0,3.131865822,2.509660362,0.627567017,1.72811991,4.39696892,7.559204,29.51851328,0.095,2.804258762,438.844546,1102.881711,522.8618905,605.2747147,0.210472919,1.826057334,1.963705688,0.688282732,0.12361164,0.160222875,0,0,0.003498645,mine
Hyperemic,42,LAD,0.45,1.2,0.63,0.43,0,0.43,0.8878546,2.27578338,2.56323881,0,3.20864097,2.48614712,0.40528519,1.52562929,4.53389482,7.645781,30.3868526,0.095,2.886750997,572.029588,1276.5236,617.046179,486.585453,3.39641942,0.73688435,1.63463106,0.67103077,0.23243885,0.18818282,5.77E-05,0.00013082,0.00059152,mine
Hyperemic,35,LAD,0.59,2.5,0.78,0.62,0,0.62,0.752476279,1.449214873,1.925927652,3,3.818442647,1.704063606,1.256059707,2.145273912,2.980505609,4.876324,22.60948404,0.095,2.147900984,254.535953,1127.190525,284.5744351,770.9197411,0.812941709,0.812941709,1.429868362,0.401370868,0.082567827,0.137130202,0,0,0.004732324,mine
Hyperemic,46,LAD,0.59,1.2,0.63,0.62,0,0.62,0.83802784,1.563272461,1.865418291,2,3.972473457,1.768967439,0.767790849,1.903901727,3.151380379,5.240391,24.09325542,0.095,2.288859265,301.783643,1446.800495,471.7756519,552.5574214,6.921315176,0.326305779,2.671673424,0.439854427,0.189431158,0.148597372,0.001170181,0.0023423,0.00029183,mine
Hyperemic,40,LAD,0,0.1,0.251,0.62,0,0.62,0.986495549,1.788928187,1.813417392,2,4.247876024,1.757289563,0.058150523,0.740015632,3.429377322,5.986192,26.61290419,0.095,2.528225898,358.635663,732.675363,371.0658622,371.0658622,,7.043540166,1.795913076,0.292548941,0.088418921,0.082535565,5.21E-05,0,0.000128094,mine
Hyperemic,32,LAD,0.45,2.5,0.68,0.62,0,0.62,0.89239046,1.654142093,1.853607998,2,4.650418109,1.6901533,0.560773985,1.803832517,3.27396046,5.556566,22.15693181,0.095,2.104908522,295.008377,780.2767,378.6503972,395.5863341,0.504660288,4.26662749,2.117969214,0.487318798,0.091146573,0.146186286,0,0,0.007950747,mine
Hyperemic,43,LAD,0.45,1.2,0.63,0.62,0,0.62,0.93058543,1.67347467,1.7983031,2,4.69820211,1.69791621,0.35045001,1.58902493,3.34551825,5.622249,22.7067734,0.095,2.157143473,376.75685,879.953135,428.06515,318.270808,1.55392388,3.47472858,0.82217601,0.47840847,0.1802907,0.12497907,0.00012309,8.16E-05,0.00102128,mine
Hyperemic,36,LAD,0.59,2.5,0.78,0.81,0,0.81,0.814386017,1.122689761,1.378572002,2,5.181668623,1.255747833,1.181000327,2.209576706,2.424657839,3.777631,18.33274896,0.095,1.741611151,187.553552,874.125894,215.2949628,566.7719913,0.440666205,4.471410252,1.459615658,0.254525137,0.059022813,0.128803005,0.000316264,0,0.006148238,mine
Hyperemic,47,LAD,0.59,1.2,0.63,0.81,0,0.81,0.884487256,1.20645291,1.364013898,2,5.288602874,1.328739624,0.690683813,1.952685118,2.527047931,4.044263,19.37083937,0.095,1.84022974,218.421619,1108.984903,351.8535791,393.3311416,5.882394093,0.494837712,3.780897329,0.271407946,0.133467847,0.098850178,0.00266598,0.004257938,0.00029183,mine
Hyperemic,41,LAD,0,0.1,0.251,0.81,0,0.81,0.989914157,1.334209241,1.34780297,2,5.521875104,1.351850243,0.056260199,0.830353168,2.68484431,4.464591,20.91232771,0.095,1.986671132,249.423284,514.053816,266.3086568,266.3086568,,6.753689152,0.8374723,0.110427048,0.071852514,0.053683667,0.000396554,0,0.000703788,mine
Hyperemic,57,LCX,0.6,0.9,0.57,0.81,0,0.81,0.871184874,1.184033324,1.359106843,2,5.710697873,1.264840339,0.844395131,2.088585326,2.578639391,4.021568,17.31867547,0.095,1.64527417,670.195732,1426.242068,294.6259353,667.8932333,9.170895035,8.226743598,0.011393714,0.16890148,0.039919634,0.12585423,0.023433968,0,0.121483366,mine
Hyperemic,44,LAD,0.45,1.2,0.63,0.81,0,0.81,0.95218457,1.28204925,1.34642935,2,6.22899628,1.2806483,0.31279873,1.6442847,2.64187183,4.307206,17.8457399,0.095,1.695345291,265.821498,644.577906,315.580959,219.208238,1.17097914,4.9348762,1.66820069,0.29871774,0.12847612,0.08438457,0.00066179,0,0.00251789,mine
Hyperemic,33,LAD,0.45,2.5,0.68,0.81,0,0.81,0.924239662,1.231007956,1.331914229,2,6.243739234,1.258848139,0.511802095,1.871975308,2.599016575,4.135181,17.28546356,0.095,1.642119038,209.035986,571.315399,275.2650262,266.9543567,0.27694361,4.29348512,1.747718444,0.292128464,0.069904053,0.130199471,0.00036841,0,0.017344086,mine
Non-hyperemic,26,LAD,0.59,2.5,0.78,0.24,0,0.24,0.849784532,,,,6.506869145,,1.150212029,2.237050773,2.231082184,3.364804,16.76028551,0.095,1.592227123,73.584895,779.126378,176.8061617,490.2939095,0.402930656,5.127062708,1.396786086,0.229684946,0.048071808,0.123223979,0.000538601,0,0.008335279,mine
Hyperemic,53,LCX,0.3,0.9,0.61,0.81,0,0.81,0.9845733,1.32500463,1.345765348,2,7.010223977,1.23530641,0.109839076,1.235543064,2.682877897,4.45746,16.06083369,0.095,1.525779201,260.938233,643.138253,327.4876462,78.10411912,0.494207227,5.905872241,0.283072996,0.190958772,0.042847529,0.00846193,0.018778421,0,0.084014607,mine
Non-hyperemic,13,LAD,0.59,1.2,0.81,0.24,0,0.24,0.900848952,,,,7.027176196,,0.773439191,2.091964244,2.222720379,3.352193,15.74041616,0.095,1.495339535,72.690392,962.312151,338.2888943,339.0632085,2.901735294,0.41539289,2.250041501,0.205882151,0.101197326,0.086522796,0.004540238,0.006812163,0.003947194,mine
Non-hyperemic,50,LCX,0.6,0.9,0.57,0.24,0,0.24,0.900407706,,,,7.223121032,,0.798934962,2.129278159,2.252098241,3.396499,14.92064328,0.095,1.417461112,545.600706,1205.501572,221.0773475,544.1888339,7.660404585,3.212417762,0.412724532,0.147530565,0.031475742,0.118833509,0.023547944,0,0.122726622,mine
Hyperemic,59,LCX,0.6,3,0.76,0.81,0,0.81,0.89445266,1.211995277,1.355013331,2,7.435574062,1.267146076,0.877413756,2.20030183,2.598934057,4.065986,13.91415665,0.095,1.321844882,240.665168,562.77639,265.0428276,182.5197886,0.11829174,5.948608702,0.288668435,0.206599152,0.037290765,0.057739542,0.000346291,0,0.008393075,mine
Non-hyperemic,37,LAD,0,0.1,0.251,0.24,0,0.24,0.99304129,,,,7.4647482,,0.052309022,0.845820089,2.156673741,3.346245,18.76336789,0.095,1.78251995,83.699386,411.703468,,,,,,,,,,,,mine
Non-hyperemic,18,LAD,0.45,2.5,0.68,0.24,0,0.24,0.942956412,,,,7.859919513,,0.475481158,1.917389663,2.227354782,3.359183,14.4643169,0.095,1.374110106,72.122823,446.084813,206.188497,203.5953779,0.161950076,1.933647702,1.471505898,0.232543852,0.041728797,0.114279139,0.001099694,0,0.034724326,mine
Non-hyperemic,1,LAD,0.45,1.2,0.68,0.24,0,0.24,0.964778111,,,,7.977153506,,0.291228013,1.707943479,2.227648701,3.359626,14.3497372,0.095,1.363225034,73.296575,502.177701,216.2790132,155.2828522,0.938689647,4.909217475,0.393844593,0.213106964,0.077985447,0.055963395,0.001779327,0,0.006345886,mine
Hyperemic,55,LCX,0.3,3,0.9,0.81,0,0.81,0.964690223,1.293969712,1.34133184,2,8.079212891,1.234503673,0.295716902,1.736052501,2.678678724,4.363152,13.65771127,0.095,1.297482571,267.775446,534.485786,270.9768647,61.44473693,0.379101071,3.989964346,6.289354415,0.195403341,0.042533224,0,0.000587942,0,0,mine
Non-hyperemic,48,LCX,0.3,0.9,0.61,0.24,0,0.24,0.988900287,,,,8.659774615,,0.097199903,1.269181612,2.230621333,3.364109,13.15341434,0.095,1.249574362,82.268671,442.209096,224.7735733,51.99510656,0.214855708,6.147477707,0.175428503,0.129793305,0.027076142,0,0.024261562,0,0.087953811,mine
Non-hyperemic,51,LCX,0.6,3,0.76,0.24,0,0.24,0.917344845,,,,9.421958494,,0.848942952,2.260460888,2.224440172,3.354787,11.72119522,0.095,1.113513546,200.987644,447.142565,197.6419258,135.3643342,0.097713442,8.026376076,0.268712945,0.157146669,0.020166348,0.046331289,0.00098745,0,0.014203652,mine
Non-hyperemic,49,LCX,0.3,3,0.9,0.24,0,0.24,0.97316819,,,,9.973817986,,0.274994182,1.787561838,2.235795276,3.371912,11.28017785,0.095,1.071616896,75.109263,372.074982,186.6719896,43.87251004,1.07383467,3.235495889,7.396480676,0.093976685,0.022234512,0,0.001077717,0,0,mine