Condition,Geometry Number,Stenosis Percentage,Length,Width,Average Flow,Max Flow,v_distal,P_d/P_a,HMR,HSR,P_Loss_Coeff,WSS_TE,WSS_LE,WSS_TE_Area,WSS_LE_Area,R_scale,R_micro,R_total,Location,CFR,BMR/HMR,CFR/FFR,WSS_Area_Bifur,WSS_Bif,WSS_LMB,WSS_min,WSS_TE_min,WSS_LE_min,WSS_TE_Area_min,WSS_LE_Area_min,WSS_Area_Bifur_min,discord,source
Non-hyperemic,68,2.982273990851341816e-01,0.9,0.745,2.2410524597701147,3.379841,12.410847122782881,,8.838165017908977,0.08766336065172484,,44.9317302465487,189.08406344020767,0.0,0.031276489046950226,0.24,0.0,0.24,LAD,,,,0.08682246764383719,364.141066,73.545153,22.236397507489517,7.490161473266714,1.4275493407983375,0.0,0.0,0.000184174706481093,,mine
Non-hyperemic,50,5.985359125502809352e-01,0.9,0.5700000000000001,2.252098241379309,3.396499,14.920643282949193,0.9004077056474769,7.2231210322992885,0.7989349618852493,2.1292781588334404,544.1888338829,221.07734748127987,0.1188335087199356,0.0314757420090166,0.24,0.0,0.24,LCX,,,,0.14753056524668848,1205.5015720000001,545.600706,7.660404585158117,0.41272453187546837,3.21241776207066,0.12272662192933118,0.0,0.02354794446467519,,mine
Non-hyperemic,66,2.048441957096110988e-01,2.0,0.5800000000000001,2.2238716091954025,3.35393,12.893564837595662,,8.487020296563811,0.11390155058682386,,53.52795784868607,184.14643385852537,0.0,0.03300135187306081,0.24,0.0,0.24,LAD,,,,0.05975821967777783,363.091227,73.749309,1.839462031341226,17.15788750033138,1.839462031341226,0.0,0.0007945030076159629,0.0007588111920764093,,mine
Non-hyperemic,61,1.117331976597878418e-01,1.66,0.5800000000000001,2.234540551724138,3.37002,13.123060000518283,,8.341907181408443,0.09499937864827364,,44.41321289840942,198.0860022745096,0.0,0.02141409359180359,0.24,0.0,0.24,LAD,,,,0.05869741877847365,377.23309,71.991405,0.799562331735081,20.049491294452835,0.799562331735081,0.0,0.0007343871979048501,0.0006040401112056268,,mine
Non-hyperemic,60,1.075575169072274795e-01,0.9,0.43,2.2384789540229884,3.37596,13.328269627627856,,8.253912979871107,0.06417401500793321,,40.267460244004845,197.82005370216814,0.0,0.03136918671229758,0.24,0.0,0.24,LAD,,,,0.05905703077632209,376.06429,72.425202,20.40407797843459,17.850898223139616,1.7603390634920044,0.0,0.0,0.0004677119615276039,,mine
Non-hyperemic,67,2.048441957096112098e-01,2.5,0.5800000000000001,2.223087149425287,3.352746,13.532971305063624,,8.060677782904822,0.13306596698090348,,52.21464231881521,189.01292409068438,0.0,0.021916910386492055,0.24,0.0,0.24,LAD,,,,0.057863626069360394,366.42226500000004,71.475381,0.8826350995256874,20.36203514898984,1.0669288917936255,0.0,0.00037589211184592283,0.0003688739716607005,,mine
Non-hyperemic,51,5.951443504385723893e-01,3.0,0.76,2.2244401724137934,3.354787,11.72119521742962,0.9173448448684582,9.421958493757401,0.8489429523704767,2.2604608879187706,135.36433417494894,197.64192582755103,0.04633128904411461,0.02016634844383225,0.24,0.0,0.24,LCX,,,,0.15714666921365658,447.142565,200.987644,0.09771344228188229,0.2687129447131303,8.026376076268996,0.014203652341457198,0.0,0.000987450346447329,,mine
Non-hyperemic,69,3.090435692874629048e-01,1.66,0.9,2.2395507816091964,3.377576,12.243624657302409,,8.912150083392268,0.1683062851664719,,74.91711558555119,209.0199299029579,0.00320548612852185,0.02237135056772157,0.24,0.0,0.24,LAD,,,,0.1900182153095151,387.80905199999995,73.336331,0.8919218519018186,1.4137844557966872,0.8919218519018186,0.04002486246422156,0.0,0.0,,mine
Non-hyperemic,3,4.528590858545522568e-01,1.7,0.6799999999999999,2.2298179540229888,3.362898,14.135673961317474,0.9559217522138562,8.078914117281288,0.3725246103876005,1.8213927293529775,214.42617016738697,210.72133093803038,0.09964921901075964,0.04503302438725756,0.24,0.0,0.24,LAD,,,,0.25108966972904445,458.308797,73.305043,0.2959014506502802,1.514652713506401,6.235184492640925,0.01193592783054887,0.0,0.001156745638130044,,mine
Non-hyperemic,4,4.407935948725615338e-01,2.0,0.6699999999999999,2.240501666666667,3.37901,14.04838566858643,0.956032700203412,8.139973964356635,0.374351918664645,1.8262079218127556,,,,,0.24,0.0,0.24,LAD,,,,,414.588221,72.379322,0.5649356232798711,,,,,,,mine
Non-hyperemic,5,4.813122844963183544e-01,1.2,0.71,2.2302722528735632,3.363583,15.111147043129543,0.9564809770610759,7.549227639449927,0.343483057887729,1.7571621687826702,194.99699505659206,241.2389221216187,0.0606112191697697,0.08837295227537117,0.24,0.0,0.24,LAD,,,,0.2152446740719269,539.581591,73.820153,0.8372863902919129,0.8085037098428268,2.778466274643177,0.0014731756496067755,0.0010415108412944287,0.0021948763713696873,,mine
Non-hyperemic,2,4.528590858545522568e-01,1.5,0.6799999999999999,2.2302837586206894,3.3636,14.01140917313219,0.9589551988075317,8.14415595403404,0.34858277261488163,1.7963783838599552,201.36631330983062,217.22935613893188,0.07959238330146053,0.05031780303230888,0.24,0.0,0.24,LAD,,,,0.2546212398283756,498.09088399999996,72.634057,0.5689746249824182,0.9854800009603408,4.093896732846243,0.011475645550127877,0.0,0.0012217653874017984,,mine
Non-hyperemic,16,5.908588520863007343e-01,2.0,0.81,2.2137170229885053,3.338615,17.67427191998992,0.8710720798498311,6.2478785192862265,0.9247523844196244,2.119238207242911,606.3764481133924,219.4918227036951,0.1400204317526657,0.05202527157940534,0.24,0.0,0.24,LAD,,,,0.23309442366375427,799.287205,72.312544,1.1308421717810158,2.9966114986224253,3.6235834088768195,0.00026660872543844596,0.0,0.0010728641296764189,,mine
Non-hyperemic,11,5.583999396986585317e-01,1.7,0.78,2.2247407126436776,3.35524,,0.9056759204301098,,,,457.58007695583626,218.5433258454826,0.1256843337182265,0.05173095001373966,0.24,0.0,0.24,LAD,,,,0.23736565093066617,,,0.6935590339935441,3.3777435485565483,1.2225345553981608,0.0005772518959142975,0.0,0.0010103833569652426,,mine
Non-hyperemic,18,4.528590858545518127e-01,2.5,0.6799999999999999,2.2273547816091956,3.359183,14.464316897365396,0.9429564124782075,7.859919513069869,0.47548115769180094,1.9173896631070784,203.5953779425802,206.18849700049495,0.11427913856038982,0.04172879725878237,0.24,0.0,0.24,LAD,,,,0.23254385189045745,446.08481299999994,72.122823,0.16195007574354212,1.471505897848199,1.9336477024697274,0.03472432583517972,0.0,0.0010996936663021624,,mine
Non-hyperemic,20,4.528590858545518127e-01,2.7,0.6799999999999999,2.2286388965517245,3.361119,,0.9395129712925312,,,,208.19777033284643,197.35880713035314,0.11291374391053959,0.044996535929644775,0.24,0.0,0.24,LAD,,,,0.22686707393081315,,,0.03829644457649778,1.365481636076209,1.0865002368602807,0.0427262510479657,0.0,0.0009504156831959385,,mine
Non-hyperemic,80,6.182608632229922296e-01,0.9,0.79,2.2387672298850574,3.376394,,,7.550864252144742,0.6523740448670213,,139.67142859278525,213.7914209802328,0.07613685731705559,0.10889645261948483,0.24,0.0,0.24,LAD,,,,0.1740025164790477,1206.01578,72.621974,9.067810785302964,0.21920194358010756,2.791949396484375,0.030072965607565748,0.0,0.00022884524675174714,,mine
Non-hyperemic,74,4.058147879532344460e-01,2.0,0.9,2.2313777931034484,3.36525,12.279237452983557,,8.891377452677842,0.24069153044245636,,112.36267654195329,190.59191173453596,0.06872955623323024,0.03278732019098197,0.24,0.0,0.24,LAD,,,,0.22824353082271576,370.916834,72.971077,0.1463691675501021,0.1463691675501021,2.405232266077529,0.06641727737226667,0.0,0.00029536577112384307,,mine
Non-hyperemic,73,4.058147879532344460e-01,1.66,0.9,2.219674172413793,3.347599,11.930788278712079,,9.160319948464686,0.2271693615211812,,99.18711281608243,209.0196941148098,0.021577148953206567,0.025235538301956104,0.24,0.0,0.24,LAD,,,,0.21097811652881188,390.679194,72.406544,0.2464122733198959,0.1710160132646452,1.7113678722599175,0.07483288191042224,0.0,8.374448450622009e-05,,mine
Non-hyperemic,26,5.883401703217540080e-01,2.5,0.78,2.231082183908047,3.364804,16.76028550576802,0.8497845324176764,6.506869145412376,1.1502120289178175,2.237050772534191,490.2939095107783,176.80616166586108,0.12322397947534353,0.04807180772531175,0.24,0.0,0.24,LAD,,,,0.22968494561823102,779.126378,73.584895,0.4029306558292767,1.3967860861800359,5.127062708344647,0.008335279043436502,0.0,0.0005386010705109561,,mine
Non-hyperemic,10,5.583999396986585317e-01,1.5,0.78,2.2067970804597703,3.328179,14.834154063947,0.9117350346174757,7.516776019343343,0.7276982346234958,2.091242815972011,403.9865432939404,219.93583576235417,0.10815649484475623,0.0684537552652487,0.24,0.0,0.24,LAD,,,,0.23965144497109298,769.6030539999999,74.824396,3.8420654499667717,1.0885457603880122,4.924258209422906,0.001991989850699822,0.0,0.0010235347238137466,,mine
Non-hyperemic,17,4.528590858545518127e-01,2.3,0.6799999999999999,2.203966298850575,3.323909,,0.9464369689996041,,,,232.72388597745817,211.14250822508356,0.11951282117617164,0.04347313045933717,0.24,0.0,0.24,LAD,,,,0.23929424546588596,,,0.26420961873077325,1.696836115362898,4.280223793820011,0.025380927329952393,0.0,0.001158677886861824,,mine
Non-hyperemic,72,3.916117361723976398e-01,0.9,0.745,2.23293156321839,3.367593,11.49621955840506,,9.541164439384735,0.11518651928354272,,49.23816019873041,191.26361867820893,0.0,0.0268677719590123,0.24,0.0,0.24,LAD,,,,0.13498658483043288,377.71490500000004,75.189997,14.756467290201496,4.533511020704935,1.987439787240181,0.0,0.0,0.0006643002293895054,,mine
Non-hyperemic,75,4.058147879532344460e-01,2.5,0.9,2.245895218390804,3.387144,12.68391170185256,,8.567901035305418,0.280620228386275,,107.94053025339525,187.14202158933531,0.08143090920977078,0.02496498724450577,0.24,0.0,0.24,LAD,,,,0.1775753579063419,366.609876,72.216948,0.013657155940785187,1.1341957499759623,1.4688808790231824,0.031330060944316306,0.0,0.00018815865425066987,,mine
Non-hyperemic,81,6.182608632229936729e-01,1.66,0.79,2.229768620689656,3.362823,,,6.3729137270552405,1.086174182362659,,607.1107877703655,195.48367947400348,0.12345571871511046,0.05799765181444805,0.24,0.0,0.24,LAD,,,,0.1989555114707983,960.441831,72.306900,0.9016748341087685,3.881930641904961,4.054002394996517,0.00029478373753192975,0.00014497723240474878,0.0005443923775566173,,mine
Non-hyperemic,62,1.113770310019458476e-01,2.0,0.43,2.2145376781609203,3.339853,13.429491879205235,,8.153385556250777,0.09589613997565509,,44.89863098663997,199.29402426636653,0.0,0.03230180712932269,0.24,0.0,0.24,LAD,,,,0.05846868691198033,378.477252,73.055018,1.120261943106552,22.34067916178347,1.120261943106552,0.0,0.0012219880225503713,0.0008025632197295686,,mine
Non-hyperemic,65,2.048441957096109878e-01,1.66,0.5800000000000001,2.225889873563218,3.356973,12.595212861397744,,8.679724403565057,0.10784118191248354,,48.99948549528125,191.06615077930138,0.0,0.022474336573140314,0.24,0.0,0.24,LAD,,,,0.057470650038258755,376.431805,73.134932,1.7781096360674935,16.31640701972059,1.7781096360674935,0.0,0.0,0.00015953022646784053,,mine
Non-hyperemic,37,1.221245327087672194e-15,0.1,0.251,2.2187762298850573,3.346245,16.78587100446499,0.9743217144409217,1.827670669099138,0.04816832946806391,0.8583719832294402,,,,,0.24,0.0,0.24,LAD,,,,,352.514188,72.727775,,,,,,,,mine
Non-hyperemic,64,1.971887809965851002e-01,0.9,0.43,2.2500520919540223,3.393414,12.535497307942688,,8.768307490141263,0.07448678355683279,,42.66136280754607,188.5161329201262,0.0,0.02247909046932198,0.24,0.0,0.24,LAD,,,,0.05975985054440484,366.918236,72.792531,24.810330483028675,17.62139846876595,2.6254508319050465,0.0,0.0,0.0002543316588637258,,mine
Non-hyperemic,63,1.117331976597892851e-01,2.5,0.5800000000000001,2.228377022988506,3.360724,13.841561576044196,,7.888227221197462,0.11854769166597216,,48.73507364773995,198.57981142278047,0.0,0.02138990385691378,0.24,0.0,0.24,LAD,,,,0.057276879141809386,377.025144,72.850399,0.8192913884124853,23.725751984088014,0.8192913884124853,0.0,0.0006451034072246663,0.0003422491755730598,,mine
Non-hyperemic,9,5.583999396986579766e-01,1.2,0.78,2.2399745977011496,3.378215,,0.9231933104831737,,,,271.2835409558809,293.215572390981,0.07173460594374977,0.09792086055574589,0.24,0.0,0.24,LAD,,,,0.2066367096268743,,,8.342805702361414,3.084397620129963,1.4097864526869799,0.0009562334837220995,0.006394600196336071,0.004004778844411725,,mine
Non-hyperemic,7,4.813122844963170222e-01,1.7,0.71,2.2346099310344827,3.370125,,0.9455677266847731,,,,284.34897046370054,214.35709021676396,0.11420437121924885,0.04769830308653248,0.24,0.0,0.24,LAD,,,,0.24746934579453617,,,0.5730638614908028,1.913321991859252,4.830902876811994,0.007936993801925772,0.0,0.0012579418812578,,mine
Non-hyperemic,1,4.528590858545522568e-01,1.2,0.6799999999999999,2.227648701149425,3.359626,14.349737201114525,0.9647781113941406,7.977153506003446,0.29122801280626165,1.707943479088387,155.28285220997938,216.27901319144493,0.05596339514277292,0.07798544697716997,0.24,0.0,0.24,LAD,,,,0.21310696412245836,502.17770099999996,73.296575,0.938689646812314,0.3938445925995353,4.909217474778357,0.00634588597096732,0.0,0.0017793265176564972,,mine
Non-hyperemic,6,4.813122844963169111e-01,1.5,0.71,2.210532298850574,3.333812,14.100868289002255,0.9492537556593142,8.067110786061132,0.4312604218126099,1.8860480271297075,257.1140475267293,222.24316959668704,0.08787465570191969,0.04990438326697317,0.24,0.0,0.24,LAD,,,,0.24881352636097065,544.47041,73.222563,2.023638888638396,0.6070373220630126,6.7074905998226955,0.005448232521066383,0.0,0.0021995647281918998,,mine
Non-hyperemic,8,4.813122844963170222e-01,2.0,0.71,2.2229496896551715,3.352539,15.305329965313744,0.9420958672358588,7.458188926498674,0.4584034139191364,1.876959426230535,292.1908383218902,183.27597524981385,0.1315565336079811,0.04597185432934013,0.24,0.0,0.24,LAD,,,,0.24504527047705912,486.440241,73.935341,0.463671018790445,2.8385851167314207,3.9321621593859106,0.007730966904337427,0.0,0.0007950191236881267,,mine
Non-hyperemic,70,3.088178607003733145e-01,2.0,0.745,2.22492116091954,3.355512,12.588602321184784,,8.675130947896852,0.14928628813336775,,67.4989193616136,214.9669252229425,0.0,0.0338048880100131,0.24,0.0,0.24,LAD,,,,0.0924217482974152,426.53857400000004,72.029876,0.8775820638263713,,0.8775820638263713,0.0,0.0007959298943752502,0.0009033320989799214,,mine
Non-hyperemic,48,3.025495305936860557e-01,0.9,0.61,2.230621333333334,3.364109,13.153414344756207,0.9889002870717984,8.659774615464519,0.09719990327761374,1.2691816115692471,51.99510656124145,224.7735732943216,0.0,0.0270761424666818,0.24,0.0,0.24,LCX,,,,0.12979330500764247,442.209096,82.268671,0.21485570837454285,0.17542850312406932,6.147477707417214,0.08795381073548944,0.0,0.024261561833250796,,mine
Non-hyperemic,83,6.182608632229936729e-01,2.5,0.79,2.2450671724137945,3.385896,,,5.916585869468815,1.3485994519006685,,573.2919856747492,184.62071846528175,0.11511558239034779,0.021351976247904594,0.24,0.0,0.24,LAD,,,,0.18582817124404194,852.979215,73.738332,0.5006534469300499,2.02185921581647,2.553765858893927,0.00409122918131048,0.00046258521277146804,0.0003391995932285953,,mine
Non-hyperemic,77,4.829328158151106054e-01,1.66,0.69,2.247051183908047,3.388888,,,7.471140466169564,0.4805192795006169,,324.3907782245379,161.6608833981458,0.1223571992157613,0.05797533548948655,0.24,0.0,0.24,LAD,,,,0.22965899407657928,566.905208,72.580563,0.4385971868568071,3.7293101388654795,2.5848090517115114,0.0034709110687693354,0.0,0.00032141679478633103,,mine
Non-hyperemic,79,4.944557232826486404e-01,2.5,0.69,2.2413437586206895,3.38028,,,7.15702250279729,0.6542792257226983,,273.3357389142946,191.4719876735292,0.11202890229362678,0.022770163825473082,0.24,0.0,0.24,LAD,,,,0.1836190656158671,529.12075,72.702594,0.07876246470258026,1.8448484940192258,1.6246770516978466,0.014772356596577428,0.0005412571468501135,0.0004968509987861925,,mine
Non-hyperemic,12,5.583999396986588648e-01,2.0,0.78,2.2313540229885054,3.365214,16.444175182009804,0.9002473891939934,6.809877813482549,0.7545737975124522,2.0622439053839186,539.827613101586,200.69788349164918,0.13623720602752468,0.0442518739037604,0.24,0.0,0.24,LAD,,,,0.23353897126368992,688.576489,72.906778,0.5423775976336767,2.682331630122515,4.221895807132415,0.001874553084632572,0.0,0.0010895777312652857,,mine
Non-hyperemic,15,5.908588520863007343e-01,1.7,0.81,2.2007102758620682,3.318999,16.009564130614084,0.8788557494826271,6.858534730980205,0.9454020755068132,2.171791323049066,572.6853923076028,214.88477384609936,0.1257443932576113,0.054289713139348245,0.24,0.0,0.24,LAD,,,,0.23249633480775517,884.939476,73.594507,1.7171297346827847,4.629122747316066,3.280733021097323,0.0002994330879892305,0.0,0.0005659536321983718,,mine
Non-hyperemic,78,4.829328158151106054e-01,2.0,0.69,2.229771816091953,3.362828,14.778912125676614,,7.340950665806484,0.5347555054853526,,315.62868951324384,183.13582576385647,0.12785923132793975,0.04539702280641859,0.24,0.0,0.24,LAD,,,,0.22243938614210274,542.181737,71.801090,0.5601945470663319,1.9999489342663397,2.256168036139379,0.007327893056800398,0.0,0.00039144938475073316,,mine
Non-hyperemic,49,3.007901338947706060e-01,3.0,0.9,2.2357952758620696,3.371912,11.280177851117182,0.9731681898802419,9.973817985986823,0.27499418204571535,1.7875618384366616,43.87251004231281,186.67198957084653,0.0,0.022234512324554385,0.24,0.0,0.24,LCX,,,,0.09397668469142423,372.074982,75.109263,1.0738346695627479,7.396480675794476,3.2354958886979888,0.0,0.0,0.0010777165826374945,,mine
Non-hyperemic,76,4.980058769521806816e-01,0.9,0.69,2.2483682183908043,3.390874,13.42973512149653,,8.132169964523014,0.29003144955059745,,104.85722724698682,199.867632558675,0.02038042808088674,0.09096958024114572,0.24,0.0,0.24,LAD,,,,0.16249425952902904,665.184074,72.488290,1.0412710490021568,0.3619741358884784,0.9072509689451941,0.014466866224280409,0.0033884317307347526,0.006276169708159676,,mine
Non-hyperemic,82,6.182608632229936729e-01,2.0,0.79,2.239165701149425,3.376995,,,6.20732936224405,1.1907413270302238,,664.7859390593799,192.93982863263747,0.12670337148611954,0.023873220945818067,0.24,0.0,0.24,LAD,,,,0.1916373248652848,925.797219,72.869805,0.7015807615532946,3.369008542385262,0.8931695498947707,0.001734462200287446,0.0,0.00013919531898147405,,mine
Non-hyperemic,71,3.090435692874633489e-01,2.5,0.9,2.2371156666666674,3.373904,13.24723795022439,,8.208855607562766,0.20468585740826145,,79.99429624851169,175.06574911946728,0.03322585214773109,0.02271077146136564,0.24,0.0,0.24,LAD,,,,0.1494278423061315,355.29285100000004,71.583933,0.31094784179909224,6.536665709621767,0.31094784179909224,0.0,0.0001557565801737157,0.00021249789388315578,,mine
Non-hyperemic,25,5.583999396986588648e-01,2.5,0.78,2.229073816091954,3.361775,16.632374913729766,0.880079226245919,6.660137479727859,0.9075192506070395,2.1374558600676288,401.136847704374,187.97213165721092,0.12122973468170985,0.04452184001607584,0.24,0.0,0.24,LAD,,,,0.23154557186121102,660.457401,73.512420,0.3293240105197926,1.4859416519086108,3.0292420692749276,0.00839696803131221,0.0,0.00031499199758615293,,mine
Non-hyperemic,22,4.813122844963170222e-01,2.5,0.71,2.2300898965517244,3.363308,15.0919922461835,0.9297892177750497,7.503014288884842,0.5665719629747614,1.9750627859031178,253.7670243747511,181.29647071920988,0.11847371133003028,0.044966889003711555,0.24,0.0,0.24,LAD,,,,0.2336671911572692,479.266001,72.287610,0.10596013327672447,1.5390425980776377,2.195178172961216,0.0230863995221608,0.0,0.0021963718946901196,,mine
Non-hyperemic,14,5.908588520863007343e-01,1.5,0.81,2.2169028850574715,3.34342,16.42866791292667,0.886219332522125,6.705394173903837,0.8608977448480419,2.1199034990564156,526.3289993863617,241.06127648974456,0.12227827907018002,0.07340976268843519,0.24,0.0,0.24,LAD,,,,0.23219403980162437,936.706734,73.661517,2.3915107059106546,0.962662722816192,0.9899711539731451,0.0004130237029104192,0.0,0.001080331174031596,,mine
Non-hyperemic,13,5.908588520863005122e-01,1.2,0.81,2.222720379310345,3.352193,15.740416156044297,0.9008489519258616,7.027176196100489,0.7734391912822509,2.091964244083393,339.06320847374724,338.28889432788003,0.08652279608641361,0.10119732593478993,0.24,0.0,0.24,LAD,,,,0.2058821509028046,962.312151,72.690392,2.901735293729768,2.2500415013426087,0.41539289023324794,0.003947194069949019,0.006812162796746053,0.004540237849704052,,mine
Hyperemic,57,5.985359125502809352e-01,0.9,0.5700000000000001,2.578639390804597,4.021568,17.31867547063167,0.871184874015162,5.710697872743237,0.8443951311371876,2.088585326089596,667.8932333138738,294.62593529979483,0.12585422986749323,0.03991963350665286,0.24,0.0,0.24,LCX,1.1840333237254008,1.2648403388270182,1.359106842923439,0.16890148042164477,1426.242068,670.195732,9.170895035202573,0.011393714070600528,8.226743597903061,0.1214833661856901,0.0,0.023433968135060244,2,mine
Hyperemic,92,2.982273990851341816e-01,0.9,0.745,7.451273022988503,12.274321,39.096960528590735,0.9426890656164324,2.3507809155459753,0.14291610639707608,0.9634924597598253,264.7950132945944,882.3676985262048,0.18687555420246774,0.258000517709216,0.24,0.0,0.24,LAD,3.631626754039613,3.759671928362703,3.8524120905813857,,1976.155823,1080.360693,31.295791551441738,3.2038913472306745,3.099783261350577,0.0006611775555870974,0.0,0.00020868178740470177,0,mine
Hyperemic,59,5.951443504385723893e-01,3.0,0.76,2.5989340574712645,4.065986,13.91415664844108,0.8944526595136972,7.435574061537173,0.8774137555931402,2.2003018301310364,182.51978861540942,265.042827631728,0.057739541960126914,0.03729076541086709,0.81,0.0,0.81,LCX,1.211995277196436,1.267146075848457,1.355013330560594,0.20659915155063757,562.77639,240.665168,0.1182917395117803,0.28866843534404507,5.948608701557494,0.00839307532401496,0.0,0.00034629131196176266,2,mine
Hyperemic,95,3.090435692874633489e-01,2.5,0.9,7.273192149425287,11.947408,41.8802777295548,0.8580900450436191,2.0049808830679297,0.3315814563378503,1.2991349614465406,446.49258043970497,817.665875779977,0.19572259870067554,0.25982933418363796,0.24,0.0,0.24,LAD,3.541122687545348,4.094231359952895,4.126749527044499,,1745.8551320000001,947.325016,0.6398242668267388,0.7185282605650491,6.527743080074751,0.022534018757299656,0.0,0.0,0,mine
Hyperemic,35,5.883401703217540080e-01,2.5,0.78,2.9805056091954043,4.876324,22.609484041950147,0.7524762786789294,3.8184426474726645,1.2560597065104278,2.145273912120132,770.9197410997666,284.57443510782736,0.13713020168813692,0.08256782661403066,0.62,0.0,0.62,LAD,1.449214872545325,1.7040636055432485,1.925927651951516,0.40137086775107206,1127.190525,254.535953,0.8129417085612887,1.4298683624362236,0.8129417085612887,0.00473232372408208,0.0,0.0,3,mine
Hyperemic,32,4.528590858545518127e-01,2.5,0.6799999999999999,3.2739604597701137,5.556566,22.15693181260629,0.892390459788147,4.650418108917386,0.5607739852040513,1.803832516769092,395.5863340894741,378.6503972045427,0.14618628648696172,0.09114657277755861,0.62,0.0,0.62,LAD,1.6541420934792777,1.6901532999792253,1.8536079978622475,0.4873187981187342,780.2767,295.008377,0.5046602879202745,2.1179692142786073,4.266627489522906,0.00795074674206897,0.0,0.0,2,mine
Hyperemic,94,3.088178607003733145e-01,2.0,0.745,7.376683494252875,12.306007,39.895939393575496,0.9007144043524945,2.2166152875756215,0.24433712626869988,1.1876150460317667,388.52649107029987,953.3500623637241,0.21564348617148899,0.24275191296779225,0.24,0.0,0.24,LAD,3.66740068281681,3.9136836222875204,4.07165763653267,,1927.829155,1019.421368,0.3691789383077043,,14.460387712639243,0.007449042842249646,0.0,0.0,0,mine
Hyperemic,93,3.090435692874629048e-01,1.66,0.9,7.324861252873563,12.241098,39.047508829410155,0.8860443883128815,2.235752530283645,0.28754377379965834,1.2676649162657627,430.0645835787221,917.5520624801386,0.21112736712801497,0.27860745253543806,0.24,0.0,0.24,LAD,3.624225776118731,3.986197024346698,4.0903433551671435,0.9165664287722468,1945.891685,854.119079,1.7536831997797404,3.909043776632259,9.163103881224995,0.0006884419653576181,0.0,0.0,0,mine
Hyperemic,58,5.951443504385723893e-01,3.0,0.76,6.725018758620688,10.989131,30.868403864904842,0.6407680732658327,2.0600894596554786,1.154941915356269,1.9736002492568907,595.7586515005607,888.6050456617386,0.09825031577537102,0.19098162987341988,0.24,0.0,0.24,LCX,3.2756568449800243,4.573567642704746,5.1120787405727475,0.9324970113433937,1735.756854,814.901746,0.7343394324868007,0.7389900601018516,20.87221544489923,0.0,0.0,0.0,1,mine
Hyperemic,56,5.985359125502809352e-01,0.9,0.5700000000000001,6.556845,10.417828,42.57799437302996,0.5725204434051464,1.3105312559727094,0.9785245691400833,1.7619408141240716,1727.5603525630877,1035.856330639133,0.1535249854322838,0.20974386397361602,0.24,0.0,0.24,LCX,3.0672253988592373,5.511597681764641,5.357407642278204,,3448.9948889999996,1866.911607,13.283891052481215,0.19446787575133023,22.323158889057314,0.0614470907738903,0.0,0.015276951287763477,1,mine
Hyperemic,33,4.528590858545518127e-01,2.5,0.6799999999999999,2.599016574712644,4.135181,17.285463556794816,0.9242396619474421,6.243739234486017,0.5118020948375821,1.8719753081377628,266.9543567388504,275.26502616691073,0.13019947137384932,0.06990405330664987,0.81,0.0,0.81,LAD,1.2310079563989222,1.2588481385733106,1.3319142286158727,0.2921284640910084,571.3153990000001,209.035986,0.27694360990675776,1.7477184441671059,4.293485120164274,0.01734408556713282,0.0,0.00036841047777691927,2,mine
Hyperemic,34,5.883401703217540080e-01,2.5,0.78,3.8699008735632203,6.417136,28.635636758840054,0.6533788530461884,2.5222098057043003,1.338046451358861,2.0701186256049287,1042.4395937926877,379.06635649288506,0.1466332696489874,0.1117297417582138,0.43,0.0,0.43,LAD,1.9071351555692397,2.5798286608418772,2.9188810545027257,0.6211886174997983,1503.760284,362.853009,1.216785458933648,1.4033508037201832,1.604850443863464,0.003321648956283079,0.0008048483573979366,0.0003761437703078231,3,mine
Hyperemic,111,4.525374451060918402e-01,1.2,0.63,4.5410628045977,7.626985,28.360123,0.8889360184311332,3.2101839803613754,0.40108152559367605,1.5510788279282102,440.49523074135374,562.3598071506252,0.17220010105316189,0.2222343731135349,0.24,0.19,0.43,LAD,2.270188705528532,2.4849521257362466,2.5538268879408736,0.6075428609586504,1168.753391,518.472116,2.629587146422291,1.2300363823238074,0.8643965371477126,0.00010391822850698305,0.00029720608582322765,0.0001310074742704122,0,mine
Hyperemic,116,5.883401703217540080e-01,2.5,0.78,2.427707344827587,4.038931,15.573272,0.8166381838493407,5.194848557988097,1.166412353792242,2.275026521567999,439.797154195298,173.44518845571412,0.12024687624549293,0.0410192876929608,0.24,0.5700000000000001,0.81,LAD,1.200346587795307,1.252561854841137,1.469863412628224,0.21811198419236527,720.038195,150.960787,0.3490536152957259,1.3737480971494567,5.967180364220549,0.010032206760505785,0.0,0.0004201541757749829,2,mine
Hyperemic,110,1.221245327087672194e-15,0.1,0.251,2.685654551724138,5.023058,17.512849,0.9898963582279641,5.513633383021434,0.05627637287615729,0.9075235752387643,206.79723770214628,206.79723770214628,0.03204688506968395,0.04299937322490722,0.24,0.5700000000000001,0.81,LAD,1.501102878002059,0.3314820812582912,1.5164242857597914,0.0598552293886495,397.139867,195.253419,,1.1796007781868574,6.01875724444008,0.001548386233849482,0.0,0.0009648959300071628,2,mine
Hyperemic,103,4.944557232826486404e-01,2.5,0.69,6.1067292183908055,9.954753,38.85618488292384,0.6214384575111933,1.5205101546264728,0.9262488707418363,1.7778218144192954,1117.7019262520391,571.0289508765883,0.15714926184026268,0.19548502124415731,0.24,0.0,0.24,LAD,2.944949234974618,4.706987638997701,4.738923379104798,0.8664577161739683,1822.759157,688.197819,0.7048849075325394,2.312529555876469,5.556452433423626,0.000506247944479506,0.0,0.0,1,mine
Hyperemic,104,6.182608632229922296e-01,0.9,0.79,6.229532206896553,9.86633,34.475306023081764,0.6092226570253605,1.731645436564977,1.1107397186753882,1.9086584518725014,586.5090309577638,680.2403063880718,0.1258824250249073,0.3257684032428406,0.24,0.0,0.24,LAD,2.922150080825875,4.360514047912261,4.7965223340408905,0.8667588052806204,3936.998691,790.071542,18.388692409648385,2.6325480168583484,2.610195741575552,0.0,0.0,0.0,1,mine
Hyperemic,3,4.528590858545522568e-01,1.7,0.6799999999999999,6.790127793103449,8.919556,45.36924175286357,0.7459706653071306,1.785816657750426,0.6081335882893033,1.5277917496882705,,,,,0.24,0.0,0.24,LAD,2.652342116828997,4.523932556132727,3.555558201121724,,2082.0361080000002,853.378861,1.1392962820648316,,,,,,1,mine
Hyperemic,4,4.407935948725615338e-01,2.0,0.6699999999999999,6.762165206896554,10.876202,42.88318483980808,0.7479367253707507,1.790297888994485,0.603350969613224,1.54883726283578,1001.1011708572669,841.1157410064193,0.20974856204508438,0.2306085094703569,0.24,0.0,0.24,LAD,3.218754013749589,4.5467148313113555,4.3035111187434465,0.9065415447865215,1783.614223,781.208763,0.2749542307485164,7.1777998199202875,1.661024744610349,0.0,0.0,0.0,1,mine
Hyperemic,105,6.182608632229936729e-01,1.66,0.79,5.636134655172415,8.970219,36.82002712321218,0.4854320423995582,1.302850696108104,1.3810485571590094,1.97467912420623,1837.3815561315628,546.8623969262701,0.18532831570747765,0.25708164269341727,0.24,0.0,0.24,LAD,2.6674668871956686,4.891515003286646,5.495036697639506,0.8694731353088281,2565.304714,635.728847,2.146444544145116,4.240137628100795,1.1662791232446703,0.0,0.0,0.0,1,mine
Hyperemic,102,4.829328158151106054e-01,2.0,0.69,6.343399793103448,10.37623,41.387258697637236,0.6602578837271678,1.5527288145548812,0.7989717146227467,1.6862190227307816,1349.616545033686,627.5281643998342,0.1944380562723952,0.23596293326201484,0.24,0.0,0.24,LAD,3.0855666718607075,4.727773837256254,4.673275015578198,0.9065772779674406,2016.9645639999999,738.104042,0.6354246012495598,6.304345123373613,4.108480374279441,0.0,0.0,0.0,1,mine
Hyperemic,5,4.813122844963183544e-01,1.2,0.71,6.701941919540231,10.671385,,0.7440427260355219,1.7046614561576394,0.5864186075378639,,905.2586431544573,982.1901587301684,0.25215725021616037,0.2760529649898376,0.24,0.0,0.24,LAD,3.1726242521739465,4.428578831403934,4.264035036104203,,1365.681849,554.574982,6.11657980511664,3.661837349076865,3.2946231640161283,0.00015103683112510102,0.0,0.0,1,mine
Hyperemic,2,4.528590858545522568e-01,1.5,0.6799999999999999,6.758107022988508,10.629883,41.88579453318272,0.7605385350066943,1.8455259175423024,0.5810781696865688,1.542722081703005,,,,,0.24,0.0,0.24,LAD,3.1602696515638007,4.4129187656598505,4.155305097769943,,1900.432391,745.969052,3.4716827247900253,,,,,,1,mine
Hyperemic,16,5.908588520863007343e-01,2.0,0.81,5.723283206896553,7.86791,40.61337659185862,0.5170823897728608,1.2625121137312798,1.1790951401646894,1.863434030978628,,,,,0.24,0.0,0.24,LAD,2.3566389056539916,4.9487671851488155,4.557569455593323,,2169.667977,581.733328,0.7341192484426368,,,,,,1,mine
Hyperemic,29,5.744822650154264299e-01,3.0,0.6699999999999999,5.710921896551725,8.978154,39.22059127972817,0.5218719525590396,,,,1059.1460137415613,555.8838788379963,0.15022434067439644,0.16587062931237898,0.24,0.0,0.24,LAD,,,,0.8749396498089799,1830.526006,641.741912,,0.8687001676422706,3.858521911399193,0.0002386836165743811,0.0,0.0,,mine
Hyperemic,11,5.583999396986585317e-01,1.7,0.78,5.999472436781613,9.301468,40.076509405559634,0.5897835616470474,1.4967669656608036,1.0410571837286555,1.8151389769207467,1616.8743237681167,685.0532819002452,0.1971204706129845,0.22679635213458615,0.24,0.0,0.24,LAD,2.772221361214101,,4.700404591596809,0.8904057626403128,2346.957536,694.570039,2.3939692676470035,9.381607927292322,1.3443801270665623,0.0,0.0004465721421845994,0.0002060665901003062,1,mine
Hyperemic,27,4.407935948725619779e-01,3.0,0.6699999999999999,6.518807241379308,10.476556,41.5390693273732,0.6908273680772723,1.7142826332692163,0.7672094333239904,1.6670114518860637,931.1602990863101,689.4221650493502,0.16883242330995393,0.1970180567653972,0.24,0.0,0.24,LAD,,,,0.9060391386550679,1641.570559,807.217486,,1.1047179436472,1.5669983834350605,0.0,0.0,0.0,,mine
Hyperemic,18,4.528590858545518127e-01,2.5,0.6799999999999999,6.511574356321841,10.717489,44.32141732818487,0.6988151738335279,1.710498439765139,0.7372137791636029,1.6215340837889312,,,,,0.24,0.0,0.24,LAD,3.1905046554474707,4.5951047544650665,4.565591553980072,,1876.517458,769.259048,0.24910543478014224,,,,,,1,mine
Hyperemic,87,1.117331976597892851e-01,2.5,0.5800000000000001,7.4895322183908055,12.616206,44.02522207487703,0.9190806492490631,2.0545491064470114,0.18089030588931124,1.0142680176357821,228.7479913807293,905.6923312107253,0.30027500597382684,0.25988387318474165,0.24,0.0,0.24,LAD,3.754014313582431,3.8393958053593527,4.084531990364129,,1941.872063,1040.859337,1.5519494801002156,67.94763266245519,1.5519494801002156,0.0,0.0,0.0,0,mine
Hyperemic,45,5.885181794294424007e-01,1.2,0.63,4.1635699885057464,6.954037,31.135176921251997,0.7568711198149919,2.6759587677888668,0.8595953017639165,1.8415969750612968,800.2244054301929,643.1548609246648,0.19106190213997723,0.2363266009707142,0.43,0.0,0.43,LAD,2.0744739339292217,2.62604053570938,2.740854921821171,0.6411970885104128,1938.923303,438.439425,14.099995865580711,3.3248249766003624,2.931991490019778,0.0,0.0,0.0,1,mine
Hyperemic,89,2.048441957096109878e-01,1.66,0.5800000000000001,7.4661003563218395,12.452738,39.70169225227384,0.932418819267343,2.299125841820929,0.16663932112107277,1.02352274885987,245.4314955268868,918.1260622813408,0.23801104765331796,0.27283952198638906,0.24,0.0,0.24,LAD,3.70951389838405,3.775228065241803,3.978377336161915,,1932.360311,947.215095,4.362939738652074,34.17916654701156,4.362939738652074,0.0,0.0,,0,mine
Hyperemic,42,4.525374451060918402e-01,1.2,0.63,4.533894816091955,7.645781,30.386852633695835,0.8878546018955159,3.208640971021866,0.4052851878014498,1.5256292917545848,486.585453214505,617.0461792914975,0.18818282037022646,0.23243885069333553,0.43,0.0,0.43,LAD,2.2757833758876735,2.486147118997529,2.563238813009488,0.6710307695376518,1276.5235950000001,572.029588,3.3964194196624065,1.6346310550879493,0.7368843463735306,0.0005915221433868994,0.00013082337504037974,5.7666517467495204e-05,0,mine
Hyperemic,26,5.883401703217540080e-01,2.5,0.78,5.521073758620689,8.554116,37.41491946706594,0.4838699627372058,1.3158484317111423,1.4035773087657295,1.9747458035257996,1382.0682300726066,498.45167022310807,0.15436960153166765,0.16762232891311166,0.24,0.0,0.24,LAD,2.542233069147564,4.944998974502542,5.253959255429695,0.8542600556361211,,555.281961,0.8105315919675893,0.9641121483925308,4.398622812674697,0.0031528710311348545,0.0,0.0,1,mine
Hyperemic,10,5.583999396986585317e-01,1.5,0.78,4.644740482758621,7.042027,37.77470077296363,0.6034385529576421,1.6162439707701814,1.0621463356636076,1.849537602148693,1425.0936520585053,723.0299951160384,0.2119117026157337,0.24314465535758917,0.24,0.0,0.24,LAD,2.115879885066278,4.650768173174628,3.5063717336184195,0.8796688121457623,2343.246802,828.289080,6.554413139143866,7.991082504656526,0.9551967596682551,0.0,0.00023344319421472054,0.00010667399067943322,1,mine
Hyperemic,28,4.791821992728508839e-01,3.0,0.6699999999999999,6.26949251724138,10.018652,42.215288630699185,0.6341173095287673,1.5450343648895741,0.8914775260060365,1.7251949160339646,1087.7114303819303,702.9437028692568,0.16163791075152942,0.18892419147929976,0.24,0.0,0.24,LAD,,,,0.896448050344565,1719.913802,776.568645,0.6199882322180928,1.8407738849780304,2.9468878609798588,0.00012477848617099312,0.0,0.0,,mine
Hyperemic,88,1.971887809965851002e-01,0.9,0.43,7.529893551724139,12.589395,39.77078412398227,0.955572398391019,2.3573700823947332,0.10960163671733375,0.8408071658169932,,852.1112578170527,,0.270316769622192,0.24,0.0,0.24,LAD,3.7099496259519174,3.719529468717946,3.8824369898070357,,1891.5382020000002,1044.787504,84.72044971874178,,9.104427070039604,,0.0,,0,mine
Hyperemic,43,4.525374451060918402e-01,1.2,0.63,3.345518252873563,5.622249,22.706773389437632,0.9305854312075453,4.6982021133792164,0.3504500101369882,1.5890249309172095,318.27080780434557,428.0651502712763,0.1249790736996265,0.18029069984457766,0.62,0.0,0.62,LAD,1.673474666525381,1.697916205709128,1.7983031008274528,0.4784084697921411,879.953135,376.756850,1.5539238746983945,0.8221760058685452,3.4747285776189045,0.0010212787304176981,8.15505608154954e-05,0.00012309315188520128,2,mine
Hyperemic,44,4.525374451060918402e-01,1.2,0.63,2.641871827586207,4.307206,17.845739915414583,0.9521845720622448,6.228996279391036,0.3127987277473944,1.6442846985201878,219.20823757035095,315.5809588680083,0.08438456743055289,0.12847612285610127,0.81,0.0,0.81,LAD,1.2820492519107782,1.2806483016206447,1.3464293473418827,0.29871774129805934,644.577906,265.821498,1.170979141765698,1.6682006892103798,4.934876195125481,0.002517894270148114,0.0,0.0006617863568095172,2,mine
Hyperemic,86,1.113770310019458476e-01,2.0,0.43,7.493182551724139,12.631045,42.4966948049477,0.9376209580254835,2.1706434577333726,0.14441087115501475,0.9317990137180282,212.6642977426254,979.650865313902,0.31319419713780444,0.23133299808557833,0.24,0.0,0.24,LAD,3.7819164496161957,3.756206726260193,4.033523800044375,0.9248529689574373,2003.333109,949.370312,4.646975943657963,65.27433742433041,4.646975943657963,0.0,0.0,0.0,0,mine
Hyperemic,31,4.528590858545518127e-01,2.5,0.6799999999999999,4.39696891954023,7.559204,29.518513275610733,0.8330686984997977,3.1318658217770725,0.6275670166154661,1.7281199097737925,605.2747147487365,522.8618905069973,0.1602228747408965,0.12361164046920929,0.43,0.0,0.43,LAD,2.2503102688957406,2.509660362336347,2.701230130177898,0.6882827319874221,1102.881711,438.844546,0.21047291935441584,1.9637056876320207,1.8260573343842634,0.003498644986276411,0.0,0.0,0,mine
Hyperemic,36,5.883401703217540080e-01,2.5,0.78,2.4246578390804605,3.777631,18.332748956475193,0.8143860169028653,5.181668622997408,1.181000326923234,2.209576706274208,566.7719912810163,215.29496278790998,0.1288030046416231,0.059022813305579694,0.81,0.0,0.81,LAD,1.1226897614244395,1.2557478331465335,1.378572001633897,0.254525137154013,874.125894,187.553552,0.4406662047319519,1.4596156582377064,4.471410251735233,0.006148238292262398,0.0,0.0003162636153380569,2,mine
Hyperemic,38,1.221245327087672194e-15,0.1,0.251,7.461479057471265,12.545064,54.98562990226893,0.964578422484488,1.8008452159937658,0.06613125166895184,0.4807118179117628,936.374458853519,936.374458853519,0.246738978350091,0.2532575951228662,0.24,0.0,0.24,LAD,3.7489974583451002,1.0148960348547051,3.88666942050053,0.9032155951429448,1929.592179,1010.994858,,4.369296020094136,25.64289425477569,0.0,0.0,0.0,0,mine
Hyperemic,53,3.025495305936860557e-01,0.9,0.61,2.6828778965517244,4.45746,16.06083368563955,0.9845733001599538,7.010223977318492,0.10983907555894298,1.2355430640122143,78.10411912282758,327.48764622021844,0.008461929556350152,0.04284752873359605,0.81,0.0,0.81,LCX,1.3250046297548623,1.2353064101066003,1.3457653478309863,0.19095877163430824,643.138253,260.938233,0.49420722737386985,0.28307299595399865,5.9058722413658415,0.08401460734621552,0.0,0.018778420599756755,2,mine
Hyperemic,98,4.058147879532344460e-01,2.0,0.9,7.178217183908046,11.764026,39.83858545579484,0.8391464266479334,2.074949386858641,0.39774110072082014,1.3998508415159185,638.2716610565534,772.7755376904504,0.21020448452801901,0.2538017178682272,0.24,0.0,0.24,LAD,3.4957361265879205,4.285105703777623,4.1658237651705665,,1779.039753,904.389907,0.4192609412398228,4.804038087851483,6.716936457167476,0.0,0.0,0.0,0,mine
Hyperemic,54,3.007901338947706060e-01,3.0,0.9,7.312828839080461,12.119358,33.04020168775742,0.8427379507108205,2.529300164705266,0.47198886300719006,1.5554433412811453,232.55271146695515,925.3396628426545,0.10490682091280513,0.18794561553358097,0.24,0.0,0.24,LCX,3.594209457423563,3.9433113258619708,4.264919426485981,0.9242231515101843,1863.3892369999999,1084.868221,2.1430278430587597,2.9674509363776087,5.176404848367747,0.006228524867171272,0.0,0.0,0,mine
Hyperemic,96,3.916117361723976398e-01,0.9,0.745,7.430936758620687,12.285924,37.16366309346329,0.9263184144450602,2.44565604463464,0.19453334002720546,1.1194298089256105,338.0850954423585,895.7689062087742,0.193373336863056,0.29104681545101607,0.24,0.0,0.24,LAD,3.648280537463999,3.9012699518055505,3.938473510374523,,1898.2557390000002,1001.229248,4.082003389731907,0.5109381576396892,7.018690653757756,0.0036396223816133597,0.0,0.0,0,mine
Hyperemic,91,2.048441957096112098e-01,2.5,0.5800000000000001,7.447860241379311,12.426984,42.84841928399195,0.9102725726031675,2.082481476328134,0.20527445415400952,1.080954380734553,259.1238709593554,856.0939946475044,0.2339780218799537,0.26544814165025427,0.24,0.0,0.24,LAD,3.7065092315373724,3.8707080348765186,4.07186741981868,,1853.613765,999.603756,6.813019877073231,48.15929761477047,8.349790135195938,0.0,0.0,0.0,0,mine
Hyperemic,39,1.221245327087672194e-15,0.1,0.251,4.726278620689654,8.421709,35.994419658251026,0.9801345828098009,3.0038242848749523,0.060881662204007835,0.6288056051554942,545.206071327034,545.206071327034,0.11080781797420228,0.12795355838441888,0.43,0.0,0.43,LAD,2.5167640145894876,0.6084479302940394,2.5677739146542042,0.6319629009989032,1107.928699,559.284393,,2.36701954306081,12.382205189233677,0.0,0.0,0.0,0,mine
Hyperemic,30,5.891022860976811160e-01,3.0,0.6699999999999999,5.458982977011495,8.576897,37.33391360567796,0.46954648881869165,1.291723808554953,1.4592792109857442,1.9925891571904355,1166.2347275081481,532.3045266068085,0.14646902993489097,0.15882195261575457,0.24,0.0,0.24,LAD,,,,0.8521015753267414,1840.200601,596.237418,,1.7197856658889694,4.616771148741651,0.001130923609697221,0.0,0.0,,mine
Hyperemic,90,2.048441957096110988e-01,2.0,0.5800000000000001,7.43101511494253,12.107212,40.53392954223963,0.9277427714462592,2.212383997517603,0.17231148662905893,1.0290498009151128,247.97284862631201,814.4667631085815,0.24031824585937903,0.23758162349836964,0.24,0.0,0.24,LAD,3.6098582856529506,3.8361425078497398,3.8910120313042578,,1797.3269890000001,960.002738,7.87367630499969,35.965650573621645,7.87367630499969,0.0,0.0,0.0,0,mine
Hyperemic,97,4.058147879532344460e-01,1.66,0.9,7.189452103448272,11.819316,38.62075102847954,0.8494838429169274,2.1677092654893473,0.3840864909148527,1.398162597325716,603.253188312496,825.1230002791011,0.20790189754631716,0.27859146282906644,0.24,0.0,0.24,LAD,3.5306845294194438,4.225806520413059,4.156270373896583,0.9159878473309466,1800.281676,956.872246,0.6836883219436792,5.910061844150923,11.244383037278103,0.0,0.0,0.0,0,mine
Hyperemic,55,3.007901338947706060e-01,3.0,0.9,2.6786787241379306,4.363152,13.657711265982023,0.9646902231417522,8.079212891367535,0.29571690221488606,1.7360525007305168,61.44473692777238,270.97686473379787,0.0,0.042533224290969264,0.81,0.0,0.81,LCX,1.2939697121395815,1.2345036725846936,1.3413318401066088,0.1954033407466782,534.485786,267.775446,0.3791010713990418,6.289354415098256,3.989964346347378,0.0,0.0,0.0005879417650930478,2,mine
Hyperemic,52,3.025495305936860557e-01,0.9,0.61,7.3823949080459785,12.34426,42.32404555877313,0.9126962358029159,2.1120687294224996,0.20202948482561042,1.0793818630013445,322.08278645447564,1106.0174778485587,0.24375966528453363,0.19295350104538497,0.24,0.0,0.24,LCX,3.6693995349139996,4.100138643609553,4.020395166510093,0.8904357673507558,2187.311718,1046.328859,3.2074905986691657,11.478017536415903,10.414120380224864,0.0,0.0,6.917683382804999e-05,0,mine
Hyperemic,99,4.058147879532344460e-01,2.5,0.9,7.108032045977007,11.659506,40.381695961340725,0.8157116556005558,1.9900803580543631,0.4496057055083739,1.44720153901034,631.8463008447188,780.5529542917068,0.1914348814016365,0.2587242091584432,0.24,0.0,0.24,LAD,3.442282347606125,4.305304054999054,4.219974452947831,,1732.2124,847.591193,0.6580354014822514,3.4289668800633035,8.491129764114707,0.0003553495288070921,0.0,0.0,0,mine
Hyperemic,115,5.883401703217540080e-01,2.5,0.78,2.9934841839080457,4.872295,20.008623,0.7556240045961108,3.825090444068897,1.237070658281801,2.191731584554186,646.2471759940215,241.12928016801905,0.1316767804179239,0.07525076049347003,0.24,0.38,0.62,LAD,1.4480174773924426,1.701102036816355,1.9163201123638516,0.2931842685387284,971.537636,214.731895,0.7016650764221519,1.451679227356238,2.835247260767683,0.0054485950985139805,0.0,0.0001708608976105535,3,mine
Hyperemic,112,4.525374451060918402e-01,1.2,0.63,3.3501309999999997,5.813001,19.851737,0.9318002862051495,4.705911519446937,0.34443198131784075,1.6398592367904006,260.8487920767079,361.70551756359873,0.10187672590148153,0.14428076640164136,0.24,0.38,0.62,LAD,1.7302524150009555,1.695134613780618,1.856891911943473,0.38851501884074674,741.765313,312.921526,2.0079724511253496,0.5182349940181683,3.923985130918288,0.0014629705024329354,0.0,0.000310060705356229,2,mine
Hyperemic,113,4.525374451060918402e-01,1.2,0.63,2.643248655172415,4.750686,14.921026,0.952862944528674,6.242037757349396,0.30878656968639745,1.7164139956203848,167.66154933474965,249.05461314634104,0.06001810766424762,0.08576973948423999,0.24,0.5700000000000001,0.81,LAD,1.4140520403163923,1.2779726454892264,1.4840036003455268,0.22321260755532876,513.944442,208.856477,1.2296494484908085,1.3018746437968967,5.251371486148211,0.003996547299896433,0.0,0.0015447072970123168,2,mine
Hyperemic,114,5.883401703217540080e-01,2.5,0.78,3.8760169770114943,6.152654,26.672461,0.6564050157058651,2.526625462305038,1.3225612468916177,2.0959069840777906,951.4213386885559,349.43139581912,0.14330025673067942,0.10244000379773845,0.24,0.19,0.43,LAD,1.8285326574742542,2.5753200236793963,2.78567746090109,0.5530936416213713,1376.376872,327.242436,1.3295773392340877,1.3828207953210263,3.1961094736046944,0.004102829264561419,0.00032146243685694006,0.00015023462730622943,3,mine
Hyperemic,9,5.583999396986579766e-01,1.2,0.78,6.17815655172414,9.622707,40.23977336044536,0.6296376913093262,1.5922381336964673,0.9365782883087361,1.7674428395825625,1114.227683762254,894.0199568751415,0.24611269687793272,0.27447070013929287,0.24,0.0,0.24,LAD,2.8484590234783753,,4.523965230790154,0.8598448436866624,2536.069532,675.230019,11.804044583698165,8.503777285952857,5.017626507912249,0.0,0.0,0.0,1,mine
Hyperemic,7,4.813122844963170222e-01,1.7,0.71,6.520036149425287,10.051321,40.690896935475436,0.7077159550196611,1.745610643582668,0.7209306731722623,1.6489505205343546,,,,,0.24,0.0,0.24,LAD,2.982477207818701,,4.21422915035997,,1956.971145,854.802792,1.0051501107166607,,,,,,1,mine
Hyperemic,109,1.221245327087672194e-15,0.1,0.251,3.4330807126436786,6.187513,23.261153,0.9864639348924329,4.237119800929089,0.0581409288928461,0.7984050079708325,309.2447946037971,309.2447946037971,0.06512601000335136,0.07898146013122782,0.24,0.38,0.62,LAD,1.8490914442905406,0.43134741403780413,1.874464315304311,0.21153375916775802,604.115309,294.853569,,2.0400293495286617,7.440433689035037,0.0006578152199982379,0.0,0.0003778586312099108,2,mine
Hyperemic,107,6.182608632229936729e-01,2.5,0.79,5.381528793103448,8.583473,36.1622373850825,0.4313608868084832,1.1808125155343643,1.5565995949396776,2.034475900149253,1337.2259322407613,471.2076589664077,0.14313673623467504,0.15386598357578374,0.24,0.0,0.24,LAD,2.5350669364918472,5.010605656386803,5.876904962914204,,2106.672789,685.528138,0.47860158830502925,1.1356984533404038,0.7276483968236219,0.0017617224738368043,0.00017355212008469563,6.85921475604957e-05,1,mine
Hyperemic,100,4.980058769521806816e-01,0.9,0.69,6.9011387586206885,11.167432,38.57780825987837,0.7675911407325787,1.9577549022976155,0.5927629429567739,1.5870977751493478,557.9601136950087,826.567910677607,0.18488416589885812,0.2857389083128153,0.24,0.0,0.24,LAD,3.2933786392534783,4.153824339798165,4.290537585035598,0.8519860684276246,2780.484192,905.946114,6.841795528281082,2.343825945531465,4.308568545639232,0.0011868360023177163,0.0,0.00036366341654902885,1,mine
Hyperemic,1,4.528590858545522568e-01,1.2,0.6799999999999999,6.834801517241383,11.063105,44.15254785953153,0.7827957385073367,1.8296084925168028,0.5076659745179392,1.4611765663540384,834.9112970551733,1020.278408579613,0.2552965294965516,0.2751923116871046,0.24,0.0,0.24,LAD,3.292957311319772,4.36003305550364,4.206662286638021,,2024.27804,833.409859,6.081414577109654,5.800368902956477,1.6623415456538202,0.0,0.0,,1,mine
Hyperemic,6,4.813122844963169111e-01,1.5,0.71,6.671608126436781,9.237415,40.47352856616462,0.7182265696914918,1.7736896142234237,0.6958509027548013,1.6358994060794059,,,,,0.24,0.0,0.24,LAD,2.7708266092989047,4.548208841823299,3.857872607649547,,1967.172652,818.044982,6.5277998492500355,,,,,,1,mine
Hyperemic,8,4.813122844963170222e-01,2.0,0.71,6.467248103448277,9.958848,43.6085124100638,0.6968829783228887,1.6053858157157246,0.6982804606212716,1.6050128974271054,,,,,0.24,0.0,0.24,LAD,2.970539045183367,4.645729925783361,4.262608124440398,,1837.066068,768.942716,0.2998333398156842,,,,,,1,mine
Hyperemic,101,4.829328158151106054e-01,1.66,0.69,6.536936839080457,10.566863,41.91661781888759,0.6804581247725437,1.6123212470682096,0.7571430717054976,1.6573459995710131,1344.2407077661499,654.3807928358958,0.21740795127820586,0.2556259674509181,0.24,0.0,0.24,LAD,3.118091539171551,4.633779080784821,4.582341551456724,0.9127237697581637,2187.223462,817.744377,2.4302514845828784,7.0581643901626805,1.8796814463132525,0.0,0.0,0.0,1,mine
Hyperemic,106,6.182608632229936729e-01,2.0,0.79,5.530506528735634,8.80037,36.613752508726414,0.4621054540174216,1.2491510623731163,1.454022101919428,1.9994810463047519,1760.5766910096352,496.5907203739743,0.16391340051873857,0.21631925680554423,0.24,0.0,0.24,LAD,2.6059766153044346,4.969238348524052,5.6393548110042175,0.851102959995269,2353.279592,666.986987,1.4577036745711562,4.440677750969987,1.4732560796032914,0.0,0.0007777370516774118,0.0003049433158119458,1,mine
Hyperemic,108,1.221245327087672194e-15,0.1,0.251,4.734063298850575,8.236356,33.306986,0.9801965587464581,3.0022044448630014,0.06065516025785761,0.6608866998356888,494.6262292382081,494.6262292382081,0.10475278074122787,0.11129559329534222,0.24,0.19,0.43,LAD,2.461372672951323,0.6087762184971848,2.5111011163914854,0.5289523737633897,996.795059,498.321819,,1.6575513001826927,9.536176424642681,0.0,0.0,0.0,0,mine
Hyperemic,84,1.075575169072274795e-01,0.9,0.43,7.540075137931037,12.704771,42.21282727646991,0.9603568198240049,2.2430431348900313,0.0925920046626733,0.741683325956433,183.87136941904916,900.4731887750416,0.3034828634000793,0.2335228311835859,0.24,0.0,0.24,LAD,3.7633061410680217,3.679783438616649,3.9186540496038607,0.9104545633699057,1902.3054280000001,1068.732764,81.25501415862131,52.910630632366974,5.294938492758576,0.0,0.0,0.0,0,mine
Hyperemic,41,1.221245327087672194e-15,0.1,0.251,2.6848443103448285,4.464591,20.912327707476624,0.9899141566166537,5.521875103972297,0.056260199037269254,0.8303531681724793,266.3086567563984,266.3086567563984,0.05368366734716016,0.07185251399751443,0.81,0.0,0.81,LAD,1.3342092405068966,0.3309873249006226,1.3478029701756977,0.1104270482542194,514.053816,249.423284,,0.8374723002253599,6.753689151613659,0.0007037876550675505,0.0,0.0003965541567252707,2,mine
Hyperemic,46,5.885181794294424007e-01,1.2,0.63,3.1513803793103454,5.240391,24.09325542265212,0.838027839958139,3.972473456829449,0.7677908487428824,1.9039017265054892,552.5574214107638,471.77565193879076,0.14859737238566215,0.18943115792259435,0.62,0.0,0.62,LAD,1.5632724607443544,1.7689674386670642,1.865418290664953,0.4398544268775754,1446.800495,301.783643,6.92131517578787,2.671673424443566,0.3263057789376667,0.0002918304560650058,0.002342299975855244,0.001170180691517149,2,mine
Hyperemic,12,5.583999396986588648e-01,2.0,0.78,5.969609988505748,8.709118,40.42812982188547,0.5777991208942236,1.417515595784849,1.0357861565456994,1.8091407304882439,,,,,0.24,0.0,0.24,LAD,2.587983409078888,4.804093749467398,4.479036598521693,,2048.599702,661.602462,1.3253958737831455,,,,,,1,mine
Hyperemic,15,5.908588520863007343e-01,1.7,0.81,5.6681633793103465,9.272831,40.41234969945265,0.5260450530088574,1.4513301076042668,1.3076162968966223,1.9105205019860638,,,,,0.24,0.0,0.24,LAD,2.79386375229399,4.725689004207109,5.311073141575476,,2670.552745,686.982560,0.8259944437131592,,,,,,1,mine
Hyperemic,47,5.885181794294424007e-01,1.2,0.63,2.5270479310344833,4.044263,19.3708393692609,0.8844872559476733,5.288602874350548,0.6906838126963308,1.952685117740625,393.33114164443566,351.85357907858145,0.09885017815307427,0.1334678467638394,0.81,0.0,0.81,LAD,1.206452910080058,1.3287396242553835,1.3640138984110275,0.2714079461714206,1108.984903,218.421619,5.88239409332784,3.7808973293528445,0.49483771244608366,0.0002918304560650058,0.0042579376556619855,0.0026659798246696865,2,mine
Hyperemic,40,1.221245327087672194e-15,0.1,0.251,3.429377321839081,5.986192,26.612904190534834,0.9864955494291824,4.247876023669794,0.0581505226514236,0.740015631833998,371.0658622187311,371.0658622187311,0.08253556501833,0.08841892133208663,0.62,0.0,0.62,LAD,1.7889281866689377,0.43025518139302715,1.813417392206248,0.29254894131752934,732.6753630000001,358.635663,,1.7959130763531197,7.043540166483901,0.00012809397067215138,0.0,5.2091739179235385e-05,2,mine
Hyperemic,85,1.117331976597878418e-01,1.66,0.5800000000000001,7.519632252873565,12.671243,41.36921383169776,0.9395705535762842,2.2373413683322725,0.14389691102449068,0.941928483259544,213.6075108915705,876.1074506591019,0.2698835109681496,0.27769091421952496,0.24,0.0,0.24,LAD,3.7599904451605632,3.728491011466234,4.001818097479667,,1885.374155,947.585162,11.02711935558676,54.24575856446431,11.02711935558676,0.0,0.0,0.0,0,mine
Hyperemic,25,5.908588520863014004e-01,2.5,0.81,,,,,,,,,,,,0.24,0.0,0.24,LAD,,,,,,,,,,,,,,mine
Hyperemic,22,4.813122844963170222e-01,2.5,0.71,6.339156459770118,9.590172,40.71175240608149,0.661776336582346,1.6172687340051173,0.8265610686095878,1.7081094291252676,,,,,0.24,0.0,0.24,LAD,2.85141057554051,4.639312027200237,4.308722476035079,,1733.477824,736.532308,0.5635368408773177,,,,,,1,mine
Hyperemic,14,5.908588520863007343e-01,1.5,0.81,5.788441356321839,9.039884,39.470801279669786,0.5451438695672088,1.4144430551846792,1.180180372035752,1.8762267243736035,,,,,0.24,0.0,0.24,LAD,2.7037835509747508,4.74066039585336,4.959761453653128,,2592.773447,682.219004,4.386170626703445,,,,,,1,mine
Hyperemic,13,5.908588520863005122e-01,1.2,0.81,5.8820340574712615,8.897737,,0.5768690979759261,1.5101850592421517,1.1077139832632845,,1168.7414772287102,913.2225482059446,0.24039539824402795,0.2745958286935022,0.24,0.0,0.24,LAD,2.654303317261267,4.6531887950387345,4.601222923145792,0.8460779493842456,2642.526706,,16.903581091850505,3.452354719242726,8.315521376549851,0.0,0.0,0.0,1,mine
