Condition,Geometry Number,Stenosis Percentage,Length,Width,Average Flow,Max Flow,v_distal,P_d/P_a,HMR,HSR,P_Loss_Coeff,WSS_TE,WSS_LE,WSS_TE_Area,WSS_LE_Area,R_scale,R_micro,R_total,Location,CFR,BMR/HMR,CFR/FFR,WSS_Area_Bifur,WSS_Bif,WSS_LMB,WSS_min,WSS_TE_min,WSS_LE_min,WSS_TE_Area_min,WSS_LE_Area_min,WSS_Area_Bifur_min,discord,source,Location_num
Hyperemic,55,3.01E-01,3,0.9,2.678678724,4.363152,13.65771127,0.964690223,8.079212891,0.295716902,1.736052501,61.44473693,270.9768647,0,0.042533224,0.81,0,0.81,LCX,1.293969712,1.234503673,1.34133184,0.195403341,534.485786,267.775446,0.379101071,6.289354415,3.989964346,0,0,0.000587942,1,mine,1
Hyperemic,59,5.95E-01,3,0.76,2.598934057,4.065986,13.91415665,0.89445266,7.435574062,0.877413756,2.20030183,182.5197886,265.0428276,0.057739542,0.037290765,0.81,0,0.81,LCX,1.211995277,1.267146076,1.355013331,0.206599152,562.77639,240.665168,0.11829174,0.288668435,5.948608702,0.008393075,0,0.000346291,1,mine,1
Hyperemic,53,3.03E-01,0.9,0.61,2.682877897,4.45746,16.06083369,0.9845733,7.010223977,0.109839076,1.235543064,78.10411912,327.4876462,0.00846193,0.042847529,0.81,0,0.81,LCX,1.32500463,1.23530641,1.345765348,0.190958772,643.138253,260.938233,0.494207227,0.283072996,5.905872241,0.084014607,0,0.018778421,1,mine,1
Hyperemic,33,4.53E-01,2.5,0.68,2.599016575,4.135181,17.28546356,0.924239662,6.243739234,0.511802095,1.871975308,266.9543567,275.2650262,0.130199471,0.069904053,0.81,0,0.81,LAD,1.231007956,1.258848139,1.331914229,0.292128464,571.315399,209.035986,0.27694361,1.747718444,4.29348512,0.017344086,0,0.00036841,1,mine,0
Hyperemic,113,4.53E-01,1.2,0.63,2.643248655,4.750686,14.921026,0.952862945,6.242037757,0.30878657,1.716413996,167.6615493,249.0546131,0.060018108,0.085769739,0.24,0.57,0.81,LAD,1.41405204,1.277972645,1.4840036,0.223212608,513.944442,208.856477,1.229649448,1.301874644,5.251371486,0.003996547,0,0.001544707,1,mine,0
Hyperemic,44,4.53E-01,1.2,0.63,2.641871828,4.307206,17.84573992,0.952184572,6.228996279,0.312798728,1.644284699,219.2082376,315.5809589,0.084384567,0.128476123,0.81,0,0.81,LAD,1.282049252,1.280648302,1.346429347,0.298717741,644.577906,265.821498,1.170979142,1.668200689,4.934876195,0.002517894,0,0.000661786,1,mine,0
Hyperemic,57,5.99E-01,0.9,0.57,2.578639391,4.021568,17.31867547,0.871184874,5.710697873,0.844395131,2.088585326,667.8932333,294.6259353,0.12585423,0.039919634,0.24,0,0.24,LCX,1.184033324,1.264840339,1.359106843,0.16890148,1426.242068,670.195732,9.170895035,0.011393714,8.226743598,0.121483366,0,0.023433968,1,mine,1
Hyperemic,41,1.22E-15,0.1,0.251,2.68484431,4.464591,20.91232771,0.989914157,5.521875104,0.056260199,0.830353168,266.3086568,266.3086568,0.053683667,0.071852514,0.81,0,0.81,LAD,1.334209241,0.330987325,1.34780297,0.110427048,514.053816,249.423284,,0.8374723,6.753689152,0.000703788,0,0.000396554,1,mine,0
Hyperemic,110,1.22E-15,0.1,0.251,2.685654552,5.023058,17.512849,0.989896358,5.513633383,0.056276373,0.907523575,206.7972377,206.7972377,0.032046885,0.042999373,0.24,0.57,0.81,LAD,1.501102878,0.331482081,1.516424286,0.059855229,397.139867,195.253419,,1.179600778,6.018757244,0.001548386,0,0.000964896,1,mine,0
Hyperemic,47,5.89E-01,1.2,0.63,2.527047931,4.044263,19.37083937,0.884487256,5.288602874,0.690683813,1.952685118,393.3311416,351.8535791,0.098850178,0.133467847,0.81,0,0.81,LAD,1.20645291,1.328739624,1.364013898,0.271407946,1108.984903,218.421619,5.882394093,3.780897329,0.494837712,0.00029183,0.004257938,0.00266598,1,mine,0
Hyperemic,116,5.88E-01,2.5,0.78,2.427707345,4.038931,15.573272,0.816638184,5.194848558,1.166412354,2.275026522,439.7971542,173.4451885,0.120246876,0.041019288,0.24,0.57,0.81,LAD,1.200346588,1.252561855,1.469863413,0.218111984,720.038195,150.960787,0.349053615,1.373748097,5.967180364,0.010032207,0,0.000420154,1,mine,0
Hyperemic,36,5.88E-01,2.5,0.78,2.424657839,3.777631,18.33274896,0.814386017,5.181668623,1.181000327,2.209576706,566.7719913,215.2949628,0.128803005,0.059022813,0.81,0,0.81,LAD,1.122689761,1.255747833,1.378572002,0.254525137,874.125894,187.553552,0.440666205,1.459615658,4.471410252,0.006148238,0,0.000316264,1,mine,0
Hyperemic,112,4.53E-01,1.2,0.63,3.350131,5.813001,19.851737,0.931800286,4.705911519,0.344431981,1.639859237,260.8487921,361.7055176,0.101876726,0.144280766,0.24,0.38,0.62,LAD,1.730252415,1.695134614,1.856891912,0.388515019,741.765313,312.921526,2.007972451,0.518234994,3.923985131,0.001462971,0,0.000310061,1,mine,0
Hyperemic,409,,,,,,,0.47,4.7,,3.124927879,,,,,,,,,1.25,1.728723404,2.659574468,,,,,,,,,,0,garcia,0
Hyperemic,43,4.53E-01,1.2,0.63,3.345518253,5.622249,22.70677339,0.930585431,4.698202113,0.35045001,1.589024931,318.2708078,428.0651503,0.124979074,0.1802907,0.62,0,0.62,LAD,1.673474667,1.697916206,1.798303101,0.47840847,879.953135,376.75685,1.553923875,0.822176006,3.474728578,0.001021279,8.16E-05,0.000123093,1,mine,0
Hyperemic,32,4.53E-01,2.5,0.68,3.27396046,5.556566,22.15693181,0.89239046,4.650418109,0.560773985,1.803832517,395.5863341,378.6503972,0.146186286,0.091146573,0.62,0,0.62,LAD,1.654142093,1.6901533,1.853607998,0.487318798,780.2767,295.008377,0.504660288,2.117969214,4.26662749,0.007950747,0,0,1,mine,0
Hyperemic,408,,,,,,,0.471910112,4.615384615,,3.154667083,,,,,,,,,1.166666667,1.555555556,2.472222225,,,,,,,,,,0,garcia,0
Hyperemic,407,,,,,,,0.574074074,4.428571429,,2.77115377,,,,,,,,,1.555555556,2.082437276,2.70967742,,,,,,,,,,0,garcia,0
Hyperemic,406,,,,,,,0.352380952,4.404761905,,3.38460235,,,,,,,,,1.012048193,1.148811462,2.872028659,,,,,,,,,,0,garcia,0
Hyperemic,405,,,,,,,0.777777778,4.375,,2.117350781,,,,,,,,,2.4,3.017142857,3.085714285,,,,,,,,,,1,garcia,0
Hyperemic,404,,,,,,,0.6,4.285714286,,2.710455929,,,,,,,,,1.272727273,1.633333333,2.121212122,,,,,,,,,,0,garcia,0
Hyperemic,403,,,,,,,0.912621359,4.272727273,,1.670049157,,,,,,,,,2.365591398,2.566918325,2.592084192,,,,,,,,,,0,garcia,0
Hyperemic,40,1.22E-15,0.1,0.251,3.429377322,5.986192,26.61290419,0.986495549,4.247876024,0.058150523,0.740015632,371.0658622,371.0658622,0.082535565,0.088418921,0.62,0,0.62,LAD,1.788928187,0.430255181,1.813417392,0.292548941,732.675363,358.635663,,1.795913076,7.043540166,0.000128094,0,5.21E-05,1,mine,0
Hyperemic,402,,,,,,,0.809090909,4.238095238,,2.078432715,,,,,,,,,2.1,2.666292135,2.595505618,,,,,,,,,,0,garcia,0
Hyperemic,109,1.22E-15,0.1,0.251,3.433080713,6.187513,23.261153,0.986463935,4.237119801,0.058140929,0.798405008,309.2447946,309.2447946,0.06512601,0.07898146,0.24,0.38,0.62,LAD,1.849091444,0.431347414,1.874464315,0.211533759,604.115309,294.853569,,2.04002935,7.440433689,0.000657815,0,0.000377859,1,mine,0
Hyperemic,401,,,,,,,0.888888889,4.235294118,,1.893996676,,,,,,,,,3.953488372,4.228036176,4.447674418,,,,,,,,,,0,garcia,0
Hyperemic,400,,,,,,,0.79,4.157894737,,2.165364102,,,,,,,,,1.727272727,1.945914845,2.186421173,,,,,,,,,,0,garcia,0
Hyperemic,399,,,,,,,0.707317073,4.142857143,,2.48860718,,,,,,,,,1.166666667,1.367816092,1.649425288,,,,,,,,,,0,garcia,0
Hyperemic,398,,,,,,,0.822222222,4.111111111,,2.094226982,,,,,,,,,3,3.445945946,3.64864865,,,,,,,,,,0,garcia,0
Hyperemic,46,5.89E-01,1.2,0.63,3.151380379,5.240391,24.09325542,0.83802784,3.972473457,0.767790849,1.903901727,552.5574214,471.7756519,0.148597372,0.189431158,0.62,0,0.62,LAD,1.563272461,1.768967439,1.865418291,0.439854427,1446.800495,301.783643,6.921315176,2.671673424,0.326305779,0.00029183,0.0023423,0.001170181,1,mine,0
Hyperemic,397,,,,,,,0.367521368,3.909090909,,3.187098359,,,,,,,,,1.30952381,1.492248062,3.56312292,,,,,,,,,,0,garcia,0
Hyperemic,115,5.88E-01,2.5,0.78,2.993484184,4.872295,20.008623,0.755624005,3.825090444,1.237070658,2.191731585,646.247176,241.1292802,0.13167678,0.07525076,0.24,0.38,0.62,LAD,1.448017477,1.701102037,1.916320112,0.293184269,971.537636,214.731895,0.701665076,1.451679227,2.835247261,0.005448595,0,0.000170861,0,mine,0
Hyperemic,35,5.88E-01,2.5,0.78,2.980505609,4.876324,22.60948404,0.752476279,3.818442647,1.256059707,2.145273912,770.9197411,284.5744351,0.137130202,0.082567827,0.62,0,0.62,LAD,1.449214873,1.704063606,1.925927652,0.401370868,1127.190525,254.535953,0.812941709,1.429868362,0.812941709,0.004732324,0,0,0,mine,0
Hyperemic,396,,,,,,,0.618181818,3.777777778,,2.51335629,,,,,,,,,1.125,1.422794118,1.819852942,,,,,,,,,,0,garcia,0
Hyperemic,395,,,,,,,0.6125,3.769230769,,2.664126999,,,,,,,,,1.666666667,2.414965986,2.721088436,,,,,,,,,,0,garcia,0
Hyperemic,394,,,,,,,0.85,3.695652174,,1.853287597,,,,,,,,,1.916666667,2.142156863,2.254901961,,,,,,,,,,1,garcia,0
Hyperemic,393,,,,,,,0.265822785,3.684210526,,3.652330292,,,,,,,,,0.93442623,1.290398126,3.515222482,,,,,,,,,,0,garcia,0
Hyperemic,392,,,,,,,0.55,3.666666667,,2.701682005,,,,,,,,,1.363636364,1.561983471,2.479338844,,,,,,,,,,0,garcia,0
Hyperemic,391,,,,,,,0.884210526,3.652173913,,1.718589023,,,,,,,,,2.527472527,2.948717949,2.858451073,,,,,,,,,,0,garcia,0
Hyperemic,390,,,,,,,0.487804878,3.636363636,,2.94111593,,,,,,,,,1.428571429,2.357142857,2.92857143,,,,,,,,,,0,garcia,0
Hyperemic,389,,,,,,,0.747252747,3.578947368,,2.204872644,,,,,,,,,1.583333333,1.979166667,2.118872549,,,,,,,,,,0,garcia,0
Hyperemic,388,,,,,,,0.804123711,3.545454545,,1.994560249,,,,,,,,,2.365591398,2.911497105,2.941825201,,,,,,,,,,0,garcia,0
Hyperemic,387,,,,,,,0.602272727,3.533333333,,2.592537536,,,,,,,,,2.459016393,4.314877822,4.082895145,,,,,,,,,,1,garcia,0
Hyperemic,386,,,,,,,0.81,3.52173913,,1.955949938,,,,,,,,,1.533333333,1.817283951,1.893004115,,,,,,,,,,1,garcia,0
Hyperemic,385,,,,,,,0.909090909,3.448275862,,1.475856014,,,,,,,,,3.222222222,3.415555556,3.544444445,,,,,,,,,,0,garcia,0
Hyperemic,384,,,,,,,0.272,3.434343434,,3.368423013,,,,,,,,,1.302631579,1.494195046,4.789086688,,,,,,,,,,0,garcia,0
Hyperemic,383,,,,,,,0.72,3.428571429,,2.203371451,,,,,,,,,1.05,1.166666667,1.458333333,,,,,,,,,,0,garcia,0
Hyperemic,382,,,,,,,0.824175824,3.409090909,,1.919926631,,,,,,,,,2.558139535,3.240310078,3.10387597,,,,,,,,,,0,garcia,0
Hyperemic,380,,,,,,,0.838095238,3.384615385,,1.801154235,,,,,,,,,2.888888889,3.446969697,3.446969697,,,,,,,,,,0,garcia,0
Hyperemic,381,,,,,,,0.88,3.384615385,,1.64988656,,,,,,,,,1.733333333,1.871212121,1.969696969,,,,,,,,,,1,garcia,0
Hyperemic,379,,,,,,,0.947916667,3.37037037,,1.236894486,,,,,,,,,1.421052632,1.514748409,1.499132446,,,,,,,,,,1,garcia,0
Hyperemic,378,,,,,,,0.892086331,3.351351351,,1.44033982,,,,,,,,,1.681818182,1.763196481,1.88526393,,,,,,,,,,1,garcia,0
Hyperemic,376,,,,,,,0.43,3.307692308,,2.928640161,,,,,,,,,1.3,1.813953488,3.023255814,,,,,,,,,,0,garcia,0
Hyperemic,377,,,,,,,0.921428571,3.307692308,,1.259915481,,,,,,,,,1.95,2.040697674,2.116279071,,,,,,,,,,1,garcia,0
Hyperemic,375,,,,,,,0.323529412,3.3,,3.2395011,,,,,,,,,1.333333333,1.696969697,4.121212117,,,,,,,,,,0,garcia,0
Hyperemic,374,,,,,,,0.85,3.269230769,,1.746796573,,,,,,,,,1.444444444,1.580392157,1.699346405,,,,,,,,,,1,garcia,0
Hyperemic,372,,,,,,,0.81,3.24,,1.883525593,,,,,,,,,1.923076923,2.279202279,2.374169041,,,,,,,,,,1,garcia,0
Hyperemic,373,,,,,,,0.84375,3.24,,1.780863251,,,,,,,,,1.923076923,2.231718898,2.279202279,,,,,,,,,,1,garcia,0
Hyperemic,371,,,,,,,0.804347826,3.217391304,,1.932468843,,,,,,,,,2.875,3.846283784,3.574324325,,,,,,,,,,0,garcia,0
Hyperemic,111,4.53E-01,1.2,0.63,4.541062805,7.626985,28.360123,0.888936018,3.21018398,0.401081526,1.551078828,440.4952307,562.3598072,0.172200101,0.222234373,0.24,0.19,0.43,LAD,2.270188706,2.484952126,2.553826888,0.607542861,1168.753391,518.472116,2.629587146,1.230036382,0.864396537,0.000103918,0.000297206,0.000131007,0,mine,0
Hyperemic,42,4.53E-01,1.2,0.63,4.533894816,7.645781,30.38685263,0.887854602,3.208640971,0.405285188,1.525629292,486.5854532,617.0461793,0.18818282,0.232438851,0.43,0,0.43,LAD,2.275783376,2.486147119,2.563238813,0.67103077,1276.523595,572.029588,3.39641942,1.634631055,0.736884346,0.000591522,0.000130823,5.77E-05,0,mine,0
Hyperemic,31,4.53E-01,2.5,0.68,4.39696892,7.559204,29.51851328,0.833068698,3.131865822,0.627567017,1.72811991,605.2747147,522.8618905,0.160222875,0.12361164,0.43,0,0.43,LAD,2.250310269,2.509660362,2.70123013,0.688282732,1102.881711,438.844546,0.210472919,1.963705688,1.826057334,0.003498645,0,0,0,mine,0
Hyperemic,370,,,,,,,0.821052632,3.12,,1.835220914,,,,,,,,,3.012048193,3.629904232,3.668520233,,,,,,,,,,0,garcia,0
Hyperemic,369,,,,,,,0.865168539,3.08,,1.683953238,,,,,,,,,1.785714286,1.971243043,2.064007422,,,,,,,,,,1,garcia,0
Hyperemic,367,,,,,,,0.798076923,3.074074074,,1.860143776,,,,,,,,,4.426229508,5.226150504,5.546118902,,,,,,,,,,1,garcia,0
Hyperemic,368,,,,,,,0.798076923,3.074074074,,1.860143776,,,,,,,,,4.426229508,5.226150504,5.546118902,,,,,,,,,,1,garcia,0
Hyperemic,366,,,,,,,0.479166667,3.066666667,,2.747439496,,,,,,,,,1.5,2.184782609,3.13043478,,,,,,,,,,0,garcia,0
Hyperemic,365,,,,,,,0.49,3.0625,,2.69998222,,,,,,,,,1.6,2.12244898,3.265306122,,,,,,,,,,0,garcia,0
Hyperemic,364,,,,,,,0.585106383,3.055555556,,2.481171606,,,,,,,,,2.045454545,2.938016529,3.495867768,,,,,,,,,,1,garcia,0
Hyperemic,363,,,,,,,0.91,3.033333333,,1.40065201,,,,,,,,,3.333333333,3.516483516,3.663003663,,,,,,,,,,0,garcia,0
Hyperemic,39,1.22E-15,0.1,0.251,4.726278621,8.421709,35.99441966,0.980134583,3.003824285,0.060881662,0.628805605,545.2060713,545.2060713,0.110807818,0.127953558,0.43,0,0.43,LAD,2.516764015,0.60844793,2.567773915,0.631962901,1107.928699,559.284393,,2.367019543,12.38220519,0,0,0,0,mine,0
Hyperemic,108,1.22E-15,0.1,0.251,4.734063299,8.236356,33.306986,0.980196559,3.002204445,0.06065516,0.6608867,494.6262292,494.6262292,0.104752781,0.111295593,0.24,0.19,0.43,LAD,2.461372673,0.608776218,2.511101116,0.528952374,996.795059,498.321819,,1.6575513,9.536176425,0,0,0,0,mine,0
Hyperemic,361,,,,,,,0.945652174,3,,1.174826018,,,,,,,,,2.636363636,2.787878788,2.787878787,,,,,,,,,,0,garcia,0
Hyperemic,362,,,,,,,0.979591837,3,,0.691382049,,,,,,,,,2.461538462,2.564102564,2.512820513,,,,,,,,,,0,garcia,0
Hyperemic,360,,,,,,,0.80952381,2.956521739,,1.88131632,,,,,,,,,1.4375,1.670036765,1.775735293,,,,,,,,,,1,garcia,0
Hyperemic,359,,,,,,,0.65,2.954545455,,2.259874692,,,,,,,,,1.375,1.565384615,2.115384615,,,,,,,,,,0,garcia,0
Hyperemic,358,,,,,,,0.53,2.944444444,,2.562204857,,,,,,,,,1.285714286,1.576819407,2.425876011,,,,,,,,,,0,garcia,0
Hyperemic,357,,,,,,,0.451923077,2.9375,,2.7482869,,,,,,,,,1.333333333,1.843971631,2.950354609,,,,,,,,,,0,garcia,0
Hyperemic,356,,,,,,,0.693181818,2.904761905,,2.187577184,,,,,,,,,1.4,1.698360656,2.019672132,,,,,,,,,,0,garcia,0
Hyperemic,355,,,,,,,0.654867257,2.846153846,,2.161769921,,,,,,,,,2.6,3.372972973,3.970270268,,,,,,,,,,1,garcia,0
Hyperemic,353,,,,,,,0.78021978,2.84,,1.905801988,,,,,,,,,1.923076923,2.491874323,2.464788733,,,,,,,,,,0,garcia,0
Hyperemic,354,,,,,,,0.788888889,2.84,,1.883525593,,,,,,,,,2.5,2.992957746,3.169014084,,,,,,,,,,1,garcia,0
Hyperemic,352,,,,,,,0.977011494,2.833333333,,0.747439496,,,,,,,,,2.5,2.647058824,2.55882353,,,,,,,,,,0,garcia,0
Hyperemic,351,,,,,,,0.987951807,2.827586207,,0.475856014,,,,,,,,,3.085106383,3.386092372,3.122729632,,,,,,,,,,0,garcia,0
Hyperemic,350,,,,,,,0.768421053,2.807692308,,1.913127994,,,,,,,,,1.857142857,2.467710372,2.416829744,,,,,,,,,,0,garcia,0
Hyperemic,348,,,,,,,0.311111111,2.8,,3.193043699,,,,,,,,,1.075268817,2.073732719,3.456221199,,,,,,,,,,0,garcia,0
Hyperemic,349,,,,,,,0.769230769,2.8,,1.926991287,,,,,,,,,2.5,2.821428571,3.250000001,,,,,,,,,,1,garcia,0
Hyperemic,347,,,,,,,0.895652174,2.783783784,,1.343429807,,,,,,,,,2.466666667,2.801941748,2.754045308,,,,,,,,,,0,garcia,0
Hyperemic,346,,,,,,,0.5,2.777777778,,2.589077004,,,,,,,,,1.058823529,1.503529412,2.117647058,,,,,,,,,,0,garcia,0
Hyperemic,345,,,,,,,0.769230769,2.75862069,,1.856067255,,,,,,,,,2.416666667,3.020833333,3.141666668,,,,,,,,,,1,garcia,0
Hyperemic,343,,,,,,,0.91,2.757575758,,1.317866639,,,,,,,,,2.538461538,2.928994083,2.789518174,,,,,,,,,,0,garcia,0
Hyperemic,344,,,,,,,0.978494624,2.757575758,,0.664654125,,,,,,,,,3.707865169,3.870848253,3.78935671,,,,,,,,,,0,garcia,0
Hyperemic,341,,,,,,,0.445945946,2.75,,2.855073374,,,,,,,,,1.558441558,1.794569067,3.49468713,,,,,,,,,,0,garcia,0
Hyperemic,342,,,,,,,0.967032967,2.75,,0.867473308,,,,,,,,,2.285714286,2.493506494,2.363636364,,,,,,,,,,0,garcia,0
Hyperemic,340,,,,,,,0.863157895,2.733333333,,1.560352852,,,,,,,,,2.5,2.865853659,2.896341463,,,,,,,,,,0,garcia,0
Hyperemic,339,,,,,,,0.63963964,2.730769231,,2.172765305,,,,,,,,,1.181818182,1.33162612,1.847631241,,,,,,,,,,0,garcia,0
Hyperemic,338,,,,,,,0.863636364,2.714285714,,1.48860718,,,,,,,,,2.058823529,2.188854489,2.383900927,,,,,,,,,,0,garcia,0
Hyperemic,337,,,,,,,0.738636364,2.708333333,,2.001957362,,,,,,,,,2.666666667,3.569230769,3.610256409,,,,,,,,,,1,garcia,0
Hyperemic,336,,,,,,,0.73,2.703703704,,1.969288245,,,,,,,,,1.8,2.194520548,2.465753425,,,,,,,,,,0,garcia,0
Hyperemic,334,,,,,,,0.838709677,2.689655172,,1.651947273,,,,,,,,,2.230769231,2.716962525,2.659763315,,,,,,,,,,0,garcia,0
Hyperemic,335,,,,,,,0.896551724,2.689655172,,1.430098523,,,,,,,,,1.611111111,1.817663818,1.797008547,,,,,,,,,,1,garcia,0
Hyperemic,333,,,,,,,0.892473118,2.677419355,,1.417928622,,,,,,,,,2.214285714,2.481067126,2.481067126,,,,,,,,,,0,garcia,0
Hyperemic,45,5.89E-01,1.2,0.63,4.163569989,6.954037,31.13517692,0.75687112,2.675958768,0.859595302,1.841596975,800.2244054,643.1548609,0.191061902,0.236326601,0.43,0,0.43,LAD,2.074473934,2.626040536,2.740854922,0.641197089,1938.923303,438.439425,14.09999587,3.324824977,2.93199149,0,0,0,1,mine,0
Hyperemic,332,,,,,,,0.853448276,2.675675676,,1.494697483,,,,,,,,,2.642857143,2.98989899,3.096681096,,,,,,,,,,0,garcia,0
Hyperemic,331,,,,,,,0.673469388,2.64,,2.10992197,,,,,,,,,2.272727273,3.099173554,3.374655647,,,,,,,,,,1,garcia,0
Hyperemic,330,,,,,,,0.79,2.633333333,,1.768628795,,,,,,,,,2.727272727,2.934407365,3.452243958,,,,,,,,,,1,garcia,0
Hyperemic,329,,,,,,,0.943396226,2.631578947,,1.019236067,,,,,,,,,2.235294118,2.324705882,2.369411766,,,,,,,,,,0,garcia,0
Hyperemic,328,,,,,,,0.7,2.625,,2.07159329,,,,,,,,,2.181818182,2.83982684,3.116883117,,,,,,,,,,1,garcia,0
Hyperemic,327,,,,,,,0.844444444,2.620689655,,1.621984049,,,,,,,,,2.071428571,2.234962406,2.45300752,,,,,,,,,,0,garcia,0
Hyperemic,326,,,,,,,0.91011236,2.612903226,,1.321018609,,,,,,,,,2.583333333,3.061728395,2.838477364,,,,,,,,,,0,garcia,0
Hyperemic,325,,,,,,,0.886792453,2.611111111,,1.367228254,,,,,,,,,2.25,2.704787234,2.537234042,,,,,,,,,,0,garcia,0
Hyperemic,324,,,,,,,0.838983051,2.605263158,,1.519838417,,,,,,,,,2.533333333,2.738047138,3.019528619,,,,,,,,,,0,garcia,0
Hyperemic,323,,,,,,,0.941176471,2.580645161,,1.116898626,,,,,,,,,2.583333333,2.615625,2.744791665,,,,,,,,,,0,garcia,0
Hyperemic,322,,,,,,,0.46,2.555555556,,2.622500759,,,,,,,,,0.9,0.97826087,1.956521739,,,,,,,,,,0,garcia,0
Hyperemic,321,,,,,,,0.910714286,2.55,,1.196532027,,,,,,,,,1.904761905,2.072829132,2.091503268,,,,,,,,,,1,garcia,0
Hyperemic,320,,,,,,,0.346774194,2.529411765,,2.848239186,,,,,,,,,1.214285714,1.524916944,3.501661124,,,,,,,,,,0,garcia,0
Hyperemic,54,3.01E-01,3,0.9,7.312828839,12.119358,33.04020169,0.842737951,2.529300165,0.471988863,1.555443341,232.5527115,925.3396628,0.104906821,0.187945616,0.24,0,0.24,LCX,3.594209457,3.943311326,4.264919426,0.924223152,1863.389237,1084.868221,2.143027843,2.967450936,5.176404848,0.006228525,0,0,0,mine,1
Hyperemic,114,5.88E-01,2.5,0.78,3.876016977,6.152654,26.672461,0.656405016,2.526625462,1.322561247,2.095906984,951.4213387,349.4313958,0.143300257,0.102440004,0.24,0.19,0.43,LAD,1.828532657,2.575320024,2.785677461,0.553093642,1376.376872,327.242436,1.329577339,1.382820795,3.196109474,0.004102829,0.000321462,0.000150235,0,mine,0
Hyperemic,34,5.88E-01,2.5,0.78,3.869900874,6.417136,28.63563676,0.653378853,2.522209806,1.338046451,2.070118626,1042.439594,379.0663565,0.14663327,0.111729742,0.43,0,0.43,LAD,1.907135156,2.579828661,2.918881055,0.621188617,1503.760284,362.853009,1.216785459,1.403350804,1.604850444,0.003321649,0.000804848,0.000376144,0,mine,0
Hyperemic,319,,,,,,,0.924528302,2.512820513,,1.121612782,,,,,,,,,2.4375,2.586734694,2.636479592,,,,,,,,,,0,garcia,0
Hyperemic,317,,,,,,,0.804597701,2.5,,1.736784868,,,,,,,,,2,2.142857143,2.485714286,,,,,,,,,,0,garcia,0
Hyperemic,318,,,,,,,0.817307692,2.5,,1.616447776,,,,,,,,,3.4,4.28,4.160000002,,,,,,,,,,0,garcia,0
Hyperemic,316,,,,,,,0.855555556,2.483870968,,1.531871974,,,,,,,,,3.924050633,4.433667598,4.586552686,,,,,,,,,,0,garcia,0
Hyperemic,315,,,,,,,0.774193548,2.482758621,,1.798075308,,,,,,,,,1.611111111,1.857253086,2.081018519,,,,,,,,,,0,garcia,0
Hyperemic,314,,,,,,,0.696629213,2.48,,2.036135756,,,,,,,,,2.272727273,3.262463343,3.262463346,,,,,,,,,,1,garcia,0
Hyperemic,313,,,,,,,0.868131868,2.46875,,1.469533299,,,,,,,,,1.904761905,2.073538276,2.194092828,,,,,,,,,,1,garcia,0
Hyperemic,312,,,,,,,0.968085106,2.459459459,,0.741369816,,,,,,,,,2.466666667,2.629304029,2.547985349,,,,,,,,,,0,garcia,0
Hyperemic,96,3.92E-01,0.9,0.745,7.430936759,12.285924,37.16366309,0.926318414,2.445656045,0.19453334,1.119429809,338.0850954,895.7689062,0.193373337,0.291046815,0.24,0,0.24,LAD,3.648280537,3.901269952,3.93847351,,1898.255739,1001.229248,4.08200339,0.510938158,7.018690654,0.003639622,0,0,0,mine,0
Hyperemic,311,,,,,,,0.708860759,2.434782609,,2.038924173,,,,,,,,,2.090909091,2.875,2.949675327,,,,,,,,,,1,garcia,0
Hyperemic,310,,,,,,,0.928571429,2.418604651,,1.036805085,,,,,,,,,1.954545455,2.349213287,2.104895104,,,,,,,,,,1,garcia,0
Hyperemic,309,,,,,,,0.833333333,2.413793103,,1.621984049,,,,,,,,,2.636363636,3.502597403,3.163636364,,,,,,,,,,0,garcia,0
Hyperemic,307,,,,,,,0.727272727,2.4,,1.877773264,,,,,,,,,3.296703297,4.441391941,4.532967035,,,,,,,,,,1,garcia,0
Hyperemic,308,,,,,,,0.75,2.4,,1.826620742,,,,,,,,,1.875,1.796875,2.5,,,,,,,,,,0,garcia,0
Hyperemic,306,,,,,,,0.918604651,2.393939394,,1.20872217,,,,,,,,,2.75,3.098101266,2.993670887,,,,,,,,,,0,garcia,0
Hyperemic,305,,,,,,,0.916666667,2.391304348,,1.075136346,,,,,,,,,1.703703704,1.827609428,1.858585858,,,,,,,,,,1,garcia,0
Hyperemic,304,,,,,,,0.870588235,2.387096774,,1.459321307,,,,,,,,,2.384615385,2.352390852,2.73908524,,,,,,,,,,0,garcia,0
Hyperemic,303,,,,,,,0.696629213,2.384615385,,2.002069078,,,,,,,,,2.166666667,2.830645161,3.110215056,,,,,,,,,,1,garcia,0
Hyperemic,302,,,,,,,0.927536232,2.37037037,,1.236894486,,,,,,,,,3.698630137,4.045376712,3.987585616,,,,,,,,,,0,garcia,0
Hyperemic,301,,,,,,,0.739583333,2.366666667,,1.844349509,,,,,,,,,1.428571429,1.830985915,1.931589539,,,,,,,,,,0,garcia,0
Hyperemic,88,1.97E-01,0.9,0.43,7.529893552,12.589395,39.77078412,0.955572398,2.357370082,0.109601637,0.840807166,,852.1112578,,0.27031677,0.24,0,0.24,LAD,3.709949626,3.719529469,3.88243699,,1891.538202,1044.787504,84.72044972,,9.10442707,,0,,0,mine,0
Hyperemic,92,2.98E-01,0.9,0.745,7.451273023,12.274321,39.09696053,0.942689066,2.350780916,0.142916106,0.96349246,264.7950133,882.3676985,0.186875554,0.258000518,0.24,0,0.24,LAD,3.631626754,3.759671928,3.852412091,,1976.155823,1080.360693,31.29579155,3.203891347,3.099783261,0.000661178,0,0.000208682,0,mine,0
Hyperemic,300,,,,,,,0.757894737,2.322580645,,1.779656458,,,,,,,,,4.769230769,6.623931624,6.292735041,,,,,,,,,,1,garcia,0
Hyperemic,299,,,,,,,0.97,2.30952381,,0.631274683,,,,,,,,,2.1,2.121649485,2.164948454,,,,,,,,,,0,garcia,0
Hyperemic,298,,,,,,,0.638297872,2.307692308,,2.102184231,,,,,,,,,2.166666667,3.286111111,3.394444447,,,,,,,,,,1,garcia,0
Hyperemic,297,,,,,,,0.811764706,2.3,,1.650529483,,,,,,,,,2,2.173913043,2.463768116,,,,,,,,,,0,garcia,0
Hyperemic,89,2.05E-01,1.66,0.58,7.466100356,12.452738,39.70169225,0.932418819,2.299125842,0.166639321,1.023522749,245.4314955,918.1260623,0.238011048,0.272839522,0.24,0,0.24,LAD,3.709513898,3.775228065,3.978377336,,1932.360311,947.215095,4.362939739,34.17916655,4.362939739,0,0,,0,mine,0
Hyperemic,296,,,,,,,0.87037037,2.292682927,,1.321212332,,,,,,,,,2.157894737,2.180851064,2.479283316,,,,,,,,,,0,garcia,0
Hyperemic,295,,,,,,,0.823529412,2.27027027,,1.519521066,,,,,,,,,2.176470588,2.642857143,2.642857142,,,,,,,,,,0,garcia,0
Hyperemic,293,,,,,,,0.755555556,2.266666667,,1.788832181,,,,,,,,,1.764705882,2.179930796,2.335640137,,,,,,,,,,0,garcia,0
Hyperemic,294,,,,,,,0.790697674,2.266666667,,1.701682005,,,,,,,,,4.285714286,5.168067227,5.42016807,,,,,,,,,,1,garcia,0
Hyperemic,292,,,,,,,0.802631579,2.259259259,,1.71401574,,,,,,,,,1.588235294,2.135004822,1.978784956,,,,,,,,,,1,garcia,0
Hyperemic,84,1.08E-01,0.9,0.43,7.540075138,12.704771,42.21282728,0.96035682,2.243043135,0.092592005,0.741683326,183.8713694,900.4731888,0.303482863,0.233522831,0.24,0,0.24,LAD,3.763306141,3.679783439,3.91865405,0.910454563,1902.305428,1068.732764,81.25501416,52.91063063,5.294938493,0,0,0,0,mine,0
Hyperemic,85,1.12E-01,1.66,0.58,7.519632253,12.671243,41.36921383,0.939570554,2.237341368,0.143896911,0.941928483,213.6075109,876.1074507,0.269883511,0.277690914,0.24,0,0.24,LAD,3.759990445,3.728491011,4.001818097,,1885.374155,947.585162,11.02711936,54.24575856,11.02711936,0,0,0,0,mine,0
Hyperemic,93,3.09E-01,1.66,0.9,7.324861253,12.241098,39.04750883,0.886044388,2.23575253,0.287543774,1.267664916,430.0645836,917.5520625,0.211127367,0.278607453,0.24,0,0.24,LAD,3.624225776,3.986197024,4.090343355,0.916566429,1945.891685,854.119079,1.7536832,3.909043777,9.163103881,0.000688442,0,0,0,mine,0
Hyperemic,291,,,,,,,0.972222222,2.234042553,,0.533577548,,,,,,,,,2.473684211,2.403007519,2.544360903,,,,,,,,,,0,garcia,0
Hyperemic,290,,,,,,,0.98,2.227272727,,0.414776652,,,,,,,,,2.933333333,2.963265306,2.993197279,,,,,,,,,,0,garcia,0
Hyperemic,289,,,,,,,0.819672131,2.222222222,,1.436649663,,,,,,,,,1.875,2.04375,2.2875,,,,,,,,,,1,garcia,0
Hyperemic,288,,,,,,,0.947916667,2.219512195,,0.8740543,,,,,,,,,2.411764706,2.597285068,2.544279249,,,,,,,,,,0,garcia,0
Hyperemic,94,3.09E-01,2,0.745,7.376683494,12.306007,39.89593939,0.900714404,2.216615288,0.244337126,1.187615046,388.5264911,953.3500624,0.215643486,0.242751913,0.24,0,0.24,LAD,3.667400683,3.913683622,4.071657637,,1927.829155,1019.421368,0.369178938,,14.46038771,0.007449043,0,0,0,mine,0
Hyperemic,90,2.05E-01,2,0.58,7.431015115,12.107212,40.53392954,0.927742771,2.212383998,0.172311487,1.029049801,247.9728486,814.4667631,0.240318246,0.237581623,0.24,0,0.24,LAD,3.609858286,3.836142508,3.891012031,,1797.326989,960.002738,7.873676305,35.96565057,7.873676305,0,0,0,0,mine,0
Hyperemic,287,,,,,,,0.895833333,2.205128205,,1.218522795,,,,,,,,,2.785714286,3.077242525,3.109634553,,,,,,,,,,0,garcia,0
Hyperemic,286,,,,,,,0.679012346,2.2,,2.01974534,,,,,,,,,2.083333333,2.916666667,3.068181816,,,,,,,,,,1,garcia,0
Hyperemic,285,,,,,,,0.333333333,2.197802198,,3.084629216,,,,,,,,,0.91,1.0465,2.730000003,,,,,,,,,,0,garcia,0
Hyperemic,284,,,,,,,0.79,2.194444444,,1.610266303,,,,,,,,,2.4,2.612658228,3.037974684,,,,,,,,,,1,garcia,0
Hyperemic,283,,,,,,,0.716814159,2.189189189,,1.76939854,,,,,,,,,2.3125,3.083333333,3.226080248,,,,,,,,,,1,garcia,0
Hyperemic,282,,,,,,,0.862903226,2.183673469,,1.250708771,,,,,,,,,2.041666667,2.308800623,2.366043614,,,,,,,,,,0,garcia,0
Hyperemic,281,,,,,,,0.835164835,2.171428571,,1.48860718,,,,,,,,,2.916666667,3.530701754,3.492324562,,,,,,,,,,0,garcia,0
Hyperemic,86,1.11E-01,2,0.43,7.493182552,12.631045,42.4966948,0.937620958,2.170643458,0.144410871,0.931799014,212.6642977,979.6508653,0.313194197,0.231332998,0.24,0,0.24,LAD,3.78191645,3.756206726,4.0335238,0.924852969,2003.333109,949.370312,4.646975944,65.27433742,4.646975944,0,0,0,0,mine,0
Hyperemic,97,4.06E-01,1.66,0.9,7.189452103,11.819316,38.62075103,0.849483843,2.167709265,0.384086491,1.398162597,603.2531883,825.1230003,0.207901898,0.278591463,0.24,0,0.24,LAD,3.530684529,4.22580652,4.156270374,0.915987847,1800.281676,956.872246,0.683688322,5.910061844,11.24438304,0,0,0,0,mine,0
Hyperemic,280,,,,,,,0.52,2.166666667,,2.321470763,,,,,,,,,1.043478261,1.204013378,2.006688963,,,,,,,,,,0,garcia,0
Hyperemic,279,,,,,,,0.855932203,2.14893617,,1.286905215,,,,,,,,,1.88,2.196435644,2.196435645,,,,,,,,,,1,garcia,0
Hyperemic,278,,,,,,,0.756302521,2.142857143,,1.616551427,,,,,,,,,2.8,3.173333333,3.702222222,,,,,,,,,,1,garcia,0
Hyperemic,276,,,,,,,0.744186047,2.133333333,,1.788832181,,,,,,,,,2.142857143,2.678571429,2.879464284,,,,,,,,,,1,garcia,0
Hyperemic,277,,,,,,,0.96,2.133333333,,0.696286973,,,,,,,,,2.5,2.552083333,2.604166667,,,,,,,,,,0,garcia,0
Hyperemic,275,,,,,,,0.757894737,2.117647059,,1.699422011,,,,,,,,,3.090909091,3.648989899,4.078282828,,,,,,,,,,1,garcia,0
Hyperemic,52,3.03E-01,0.9,0.61,7.382394908,12.34426,42.32404556,0.912696236,2.112068729,0.202029485,1.079381863,322.0827865,1106.017478,0.243759665,0.192953501,0.24,0,0.24,LCX,3.669399535,4.100138644,4.020395167,0.890435767,2187.311718,1046.328859,3.207490599,11.47801754,10.41412038,0,0,6.92E-05,0,mine,1
Hyperemic,274,,,,,,,0.847826087,2.108108108,,1.410376597,,,,,,,,,2.466666667,2.751282051,2.90940171,,,,,,,,,,0,garcia,0
Hyperemic,273,,,,,,,0.888888889,2.105263158,,1.241084816,,,,,,,,,2.923076923,3.361538462,3.288461538,,,,,,,,,,0,garcia,0
Hyperemic,272,,,,,,,0.530120482,2.095238095,,2.347278027,,,,,,,,,1.4,1.877272727,2.640909091,,,,,,,,,,0,garcia,0
Hyperemic,269,,,,,,,0.757575758,2.083333333,,1.66825825,,,,,,,,,1.5,2.04,1.979999999,,,,,,,,,,0,garcia,0
Hyperemic,270,,,,,,,0.909090909,2.083333333,,1.038169535,,,,,,,,,3,3.06,3.3,,,,,,,,,,0,garcia,0
Hyperemic,271,,,,,,,0.949367089,2.083333333,,0.890106999,,,,,,,,,3.272727273,3.578181818,3.447272726,,,,,,,,,,0,garcia,0
Hyperemic,91,2.05E-01,2.5,0.58,7.447860241,12.426984,42.84841928,0.910272573,2.082481476,0.205274454,1.080954381,259.123871,856.0939946,0.233978022,0.265448142,0.24,0,0.24,LAD,3.706509232,3.870708035,4.07186742,,1853.613765,999.603756,6.813019877,48.15929761,8.349790135,0,0,0,0,mine,0
Hyperemic,267,,,,,,,0.801980198,2.076923077,,1.519552791,,,,,,,,,2.294117647,2.803921569,2.860566449,,,,,,,,,,0,garcia,0
Hyperemic,268,,,,,,,0.861702128,2.076923077,,1.332466148,,,,,,,,,2.6,2.888888889,3.017283949,,,,,,,,,,0,garcia,0
Hyperemic,98,4.06E-01,2,0.9,7.178217184,11.764026,39.83858546,0.839146427,2.074949387,0.397741101,1.399850842,638.2716611,772.7755377,0.210204485,0.253801718,0.24,0,0.24,LAD,3.495736127,4.285105704,4.165823765,,1779.039753,904.389907,0.419260941,4.804038088,6.716936457,0,0,0,0,mine,0
Hyperemic,266,,,,,,,0.830357143,2.066666667,,1.372980583,,,,,,,,,2.8125,3.175403226,3.387096774,,,,,,,,,,0,garcia,0
Hyperemic,58,5.95E-01,3,0.76,6.725018759,10.989131,30.86840386,0.640768073,2.06008946,1.154941915,1.973600249,595.7586515,888.6050457,0.098250316,0.19098163,0.24,0,0.24,LCX,3.275656845,4.573567643,5.112078741,0.932497011,1735.756854,814.901746,0.734339432,0.73899006,20.87221544,0,0,0,1,mine,1
Hyperemic,265,,,,,,,0.875,2.058823529,,1.337694175,,,,,,,,,3.4,3.885714286,3.885714286,,,,,,,,,,0,garcia,0
Hyperemic,87,1.12E-01,2.5,0.58,7.489532218,12.616206,44.02522207,0.919080649,2.054549106,0.180890306,1.014268018,228.7479914,905.6923312,0.300275006,0.259883873,0.24,0,0.24,LAD,3.754014314,3.839395805,4.08453199,,1941.872063,1040.859337,1.55194948,67.94763266,1.55194948,0,0,0,0,mine,0
Hyperemic,264,,,,,,,0.917647059,2.052631579,,1.086182856,,,,,,,,,2,2.307692308,2.179487179,,,,,,,,,,0,garcia,0
Hyperemic,263,,,,,,,0.808080808,2.051282051,,1.497276396,,,,,,,,,2.6,3.2825,3.2175,,,,,,,,,,0,garcia,0
Hyperemic,262,,,,,,,0.871287129,2.046511628,,1.247658451,,,,,,,,,1.592592593,2.026936027,1.827861953,,,,,,,,,,1,garcia,0
Hyperemic,261,,,,,,,0.865853659,2.028571429,,1.353908606,,,,,,,,,2.1875,2.095070423,2.526408449,,,,,,,,,,0,garcia,0
Hyperemic,260,,,,,,,0.852941176,2.023255814,,1.309806357,,,,,,,,,1.592592593,1.775649212,1.867177524,,,,,,,,,,1,garcia,0
Hyperemic,95,3.09E-01,2.5,0.9,7.273192149,11.947408,41.88027773,0.858090045,2.004980883,0.331581456,1.299134961,446.4925804,817.6658758,0.195722599,0.259829334,0.24,0,0.24,LAD,3.541122688,4.09423136,4.126749527,,1745.855132,947.325016,0.639824267,0.718528261,6.52774308,0.022534019,0,0,0,mine,0
Hyperemic,257,,,,,,,0.8,2,,1.543319513,,,,,,,,,2,2.527777778,2.5,,,,,,,,,,0,garcia,0
Hyperemic,258,,,,,,,0.947368421,2,,0.890106999,,,,,,,,,2.25,2.53125,2.375,,,,,,,,,,0,garcia,0
Hyperemic,259,,,,,,,0.979591837,2,,0.33919953,,,,,,,,,2.666666667,2.916666667,2.722222222,,,,,,,,,,0,garcia,0
Hyperemic,99,4.06E-01,2.5,0.9,7.108032046,11.659506,40.38169596,0.815711656,1.990080358,0.449605706,1.447201539,631.8463008,780.5529543,0.191434881,0.258724209,0.24,0,0.24,LAD,3.442282348,4.305304055,4.219974453,,1732.2124,847.591193,0.658035401,3.42896688,8.491129764,0.00035535,0,0,0,mine,0
Hyperemic,256,,,,,,,0.738095238,1.987179487,,1.754765502,,,,,,,,,3.627906977,4.681170293,4.915228808,,,,,,,,,,1,garcia,0
Hyperemic,255,,,,,,,0.8125,1.97826087,,1.397355641,,,,,,,,,3.066666667,3.504761905,3.774358975,,,,,,,,,,0,garcia,0
Hyperemic,254,,,,,,,0.833333333,1.976744186,,1.36416402,,,,,,,,,2.15,2.630588235,2.580000001,,,,,,,,,,0,garcia,0
Hyperemic,253,,,,,,,0.954545455,1.976470588,,0.745934141,,,,,,,,,2.428571429,2.717687075,2.544217686,,,,,,,,,,0,garcia,0
Hyperemic,252,,,,,,,0.782178218,1.975,,1.538954708,,,,,,,,,1.538461538,1.927945472,1.966893865,,,,,,,,,,0,garcia,0
Hyperemic,100,4.98E-01,0.9,0.69,6.901138759,11.167432,38.57780826,0.767591141,1.957754902,0.592762943,1.587097775,557.9601137,826.5679107,0.184884166,0.285738908,0.24,0,0.24,LAD,3.293378639,4.15382434,4.290537585,0.851986068,2780.484192,905.946114,6.841795528,2.343825946,4.308568546,0.001186836,0,0.000363663,1,mine,0
Hyperemic,251,,,,,,,0.45,1.956521739,,2.417559027,,,,,,,,,1.4375,1.756944444,3.194444444,,,,,,,,,,0,garcia,0
Hyperemic,249,,,,,,,0.84,1.953488372,,1.337835081,,,,,,,,,2.047619048,2.583900227,2.437641724,,,,,,,,,,0,garcia,0
Hyperemic,250,,,,,,,0.884210526,1.953488372,,1.175107784,,,,,,,,,2.388888889,2.616402116,2.701719578,,,,,,,,,,0,garcia,0
Hyperemic,248,,,,,,,0.710280374,1.948717949,,1.709884489,,,,,,,,,1.625,2.202302632,2.287828947,,,,,,,,,,0,garcia,0
Hyperemic,247,,,,,,,0.897435897,1.944444444,,1.015045736,,,,,,,,,2.7,2.982857143,3.00857143,,,,,,,,,,0,garcia,0
Hyperemic,246,,,,,,,0.883116883,1.942857143,,1.26675843,,,,,,,,,2.058823529,2.603806228,2.331314879,,,,,,,,,,0,garcia,0
Hyperemic,245,,,,,,,0.7,1.931034483,,1.856067255,,,,,,,,,2.071428571,2.62627551,2.959183673,,,,,,,,,,1,garcia,0
Hyperemic,244,,,,,,,0.772727273,1.924528302,,1.429221525,,,,,,,,,1.177777778,1.270152505,1.524183006,,,,,,,,,,0,garcia,0
Hyperemic,243,,,,,,,0.776595745,1.921052632,,1.563304111,,,,,,,,,1.9,2.394520548,2.446575341,,,,,,,,,,0,garcia,0
Hyperemic,242,,,,,,,0.94,1.918367347,,0.7984111,,,,,,,,,3.0625,3.355718085,3.257978723,,,,,,,,,,0,garcia,0
Hyperemic,241,,,,,,,0.758241758,1.916666667,,1.630469689,,,,,,,,,2,2.492753623,2.63768116,,,,,,,,,,1,garcia,0
Hyperemic,240,,,,,,,0.858974359,1.914285714,,1.353908606,,,,,,,,,3.5,4.179104478,4.074626866,,,,,,,,,,0,garcia,0
Hyperemic,239,,,,,,,0.701149425,1.90625,,1.805325401,,,,,,,,,1.333333333,1.704918033,1.901639345,,,,,,,,,,0,garcia,0
Hyperemic,238,,,,,,,0.647058824,1.896551724,,1.952977268,,,,,,,,,2.230769231,3.163636364,3.447552445,,,,,,,,,,1,garcia,0
Hyperemic,237,,,,,,,0.653061224,1.882352941,,1.869173092,,,,,,,,,2,2.75,3.062500002,,,,,,,,,,1,garcia,0
Hyperemic,235,,,,,,,0.666666667,1.875,,1.867473308,,,,,,,,,1.777777778,2.666666667,2.666666666,,,,,,,,,,0,garcia,0
Hyperemic,236,,,,,,,0.697674419,1.875,,1.805325401,,,,,,,,,2.461538462,3.487179487,3.528205127,,,,,,,,,,1,garcia,0
Hyperemic,234,,,,,,,0.702970297,1.868421053,,1.718206071,,,,,,,,,2.923076923,4.158179848,4.158179848,,,,,,,,,,1,garcia,0
Hyperemic,233,,,,,,,0.78,1.857142857,,1.49657611,,,,,,,,,3.230769231,3.727810651,4.142011835,,,,,,,,,,1,garcia,0
Hyperemic,2,4.53E-01,1.5,0.68,6.758107023,10.629883,41.88579453,0.760538535,1.845525918,0.58107817,1.542722082,,,,,0.24,0,0.24,LAD,3.160269652,4.412918766,4.155305098,,1900.432391,745.969052,3.471682725,,,,,,1,mine,0
Hyperemic,231,,,,,,,0.861702128,1.840909091,,1.227690009,,,,,,,,,2,2.148148148,2.320987653,,,,,,,,,,0,garcia,0
Hyperemic,232,,,,,,,0.931034483,1.840909091,,0.891897907,,,,,,,,,2.2,2.444444444,2.362962962,,,,,,,,,,0,garcia,0
Hyperemic,230,,,,,,,0.85,1.837837838,,1.343429807,,,,,,,,,3.083333333,3.31004902,3.62745098,,,,,,,,,,0,garcia,0
Hyperemic,1,4.53E-01,1.2,0.68,6.834801517,11.063105,44.15254786,0.782795739,1.829608493,0.507665975,1.461176566,834.9112971,1020.278409,0.255296529,0.275192312,0.24,0,0.24,LAD,3.292957311,4.360033056,4.206662287,,2024.27804,833.409859,6.081414577,5.800368903,1.662341546,0,0,,1,mine,0
Hyperemic,229,,,,,,,0.703296703,1.828571429,,1.743879685,,,,,,,,,2.5,3.5546875,3.554687501,,,,,,,,,,1,garcia,0
Hyperemic,228,,,,,,,0.79245283,1.826086957,,1.417559027,,,,,,,,,1.642857143,2.092687075,2.073129252,,,,,,,,,,0,garcia,0
Hyperemic,227,,,,,,,0.875,1.82,,1.116655353,,,,,,,,,2.173913043,2.269469661,2.484472049,,,,,,,,,,0,garcia,0
Hyperemic,226,,,,,,,0.715517241,1.804347826,,1.593650286,,,,,,,,,2.875,3.983433735,4.018072291,,,,,,,,,,1,garcia,0
Hyperemic,38,1.22E-15,0.1,0.251,7.461479057,12.545064,54.9856299,0.964578422,1.800845216,0.066131252,0.480711818,936.3744589,936.3744589,0.246738978,0.253257595,0.24,0,0.24,LAD,3.748997458,1.014896035,3.886669421,0.903215595,1929.592179,1010.994858,,4.36929602,25.64289425,0,0,0,0,mine,0
Hyperemic,225,,,,,,,0.741176471,1.8,,1.654938602,,,,,,,,,2.916666667,3.75,3.935185183,,,,,,,,,,1,garcia,0
Hyperemic,224,,,,,,,0.886075949,1.794871795,,1.172765305,,,,,,,,,2.6,2.822857143,2.934285716,,,,,,,,,,0,garcia,0
Hyperemic,223,,,,,,,0.581081081,1.791666667,,2.13159122,,,,,,,,,1.5,1.988372093,2.581395349,,,,,,,,,,0,garcia,0
Hyperemic,222,,,,,,,0.875,1.790697674,,1.175107784,,,,,,,,,2.388888889,2.637085137,2.73015873,,,,,,,,,,0,garcia,0
Hyperemic,4,4.41E-01,2,0.67,6.762165207,10.876202,42.88318484,0.747936725,1.790297889,0.60335097,1.548837263,1001.101171,841.115741,0.209748562,0.230608509,0.24,0,0.24,LAD,3.218754014,4.546714831,4.303511119,0.906541545,1783.614223,781.208763,0.274954231,7.17779982,1.661024745,0,0,0,1,mine,0
Hyperemic,221,,,,,,,0.755555556,1.789473684,,1.583507497,,,,,,,,,1.80952381,2.075630252,2.394957982,,,,,,,,,,0,garcia,0
Hyperemic,3,4.53E-01,1.7,0.68,6.790127793,8.919556,45.36924175,0.745970665,1.785816658,0.608133588,1.52779175,,,,,0.24,0,0.24,LAD,2.652342117,4.523932556,3.555558201,,2082.036108,853.378861,1.139296282,,,,,,1,mine,0
Hyperemic,220,,,,,,,0.771186441,1.784313725,,1.416875421,,,,,,,,,2.217391304,2.63162924,2.875298613,,,,,,,,,,1,garcia,0
Hyperemic,219,,,,,,,0.963855422,1.777777778,,0.571348237,,,,,,,,,5.487804878,5.693597561,5.693597559,,,,,,,,,,0,garcia,0
Hyperemic,6,4.81E-01,1.5,0.71,6.671608126,9.237415,40.47352857,0.71822657,1.773689614,0.695850903,1.635899406,,,,,0.24,0,0.24,LAD,2.770826609,4.548208842,3.857872608,,1967.172652,818.044982,6.527799849,,,,,,1,mine,0
Hyperemic,218,,,,,,,0.277108434,1.769230769,,2.950916555,,,,,,,,,1.007751938,2.409841591,3.636670034,,,,,,,,,,0,garcia,0
Hyperemic,217,,,,,,,0.74,1.761904762,,1.569126777,,,,,,,,,1.909090909,2.167076167,2.57985258,,,,,,,,,,0,garcia,0
Hyperemic,216,,,,,,,0.92920354,1.75,,0.747439496,,,,,,,,,2.068965517,2.266009852,2.226600985,,,,,,,,,,0,garcia,0
Hyperemic,215,,,,,,,0.873873874,1.732142857,,1.050403991,,,,,,,,,2.153846154,2.464710547,2.464710547,,,,,,,,,,0,garcia,0
Hyperemic,104,6.18E-01,0.9,0.79,6.229532207,9.86633,34.47530602,0.609222657,1.731645437,1.110739719,1.908658452,586.509031,680.2403064,0.125882425,0.325768403,0.24,0,0.24,LAD,2.922150081,4.360514048,4.796522334,0.866758805,3936.998691,790.071542,18.38869241,2.632548017,2.610195742,0,0,0,1,mine,0
Hyperemic,214,,,,,,,0.894230769,1.722222222,,0.977257175,,,,,,,,,2.571428571,2.903225806,2.875576037,,,,,,,,,,0,garcia,0
Hyperemic,213,,,,,,,0.395604396,1.714285714,,2.49657611,,,,,,,,,1.4,2.372222222,3.538888885,,,,,,,,,,0,garcia,0
Hyperemic,18,4.53E-01,2.5,0.68,6.511574356,10.717489,44.32141733,0.698815174,1.71049844,0.737213779,1.621534084,,,,,0.24,0,0.24,LAD,3.190504655,4.595104754,4.565591554,,1876.517458,769.259048,0.249105435,,,,,,1,mine,0
Hyperemic,212,,,,,,,0.895238095,1.709090909,,0.961319316,,,,,,,,,2.75,3.188829787,3.071808511,,,,,,,,,,0,garcia,0
Hyperemic,211,,,,,,,0.674698795,1.696969697,,1.794987894,,,,,,,,,1.941176471,3.085084034,2.877100842,,,,,,,,,,0,garcia,0
Hyperemic,210,,,,,,,0.616161616,1.694444444,,1.867830605,,,,,,,,,1.714285714,2.304449649,2.782201405,,,,,,,,,,0,garcia,0
Hyperemic,209,,,,,,,0.85046729,1.685185185,,1.139984473,,,,,,,,,2.7,3.026373626,3.174725274,,,,,,,,,,0,garcia,0
Hyperemic,208,,,,,,,0.87,1.673076923,,1.082588675,,,,,,,,,3.466666667,3.944827586,3.98467433,,,,,,,,,,0,garcia,0
Hyperemic,206,,,,,,,0.833333333,1.666666667,,1.270318241,,,,,,,,,3.461538462,4.153846154,4.153846156,,,,,,,,,,0,garcia,0
Hyperemic,207,,,,,,,0.9,1.666666667,,0.93586449,,,,,,,,,1.636363636,1.727272727,1.818181818,,,,,,,,,,1,garcia,0
Hyperemic,205,,,,,,,0.679487179,1.65625,,1.788292062,,,,,,,,,2.909090909,4.061749571,4.281303605,,,,,,,,,,1,garcia,0
Hyperemic,204,,,,,,,0.91,1.654545455,,0.87416914,,,,,,,,,3.055555556,3.290598291,3.357753358,,,,,,,,,,0,garcia,0
Hyperemic,203,,,,,,,0.622807018,1.651162791,,1.767183554,,,,,,,,,2.6875,4.012323944,4.315140842,,,,,,,,,,1,garcia,0
Hyperemic,202,,,,,,,0.88,1.62962963,,1.015045736,,,,,,,,,2.454545455,2.789256198,2.789256199,,,,,,,,,,0,garcia,0
Hyperemic,201,,,,,,,0.764705882,1.625,,1.351433987,,,,,,,,,2.074074074,2.347578348,2.712250713,,,,,,,,,,1,garcia,0
Hyperemic,200,,,,,,,0.336633663,1.619047619,,2.582288223,,,,,,,,,1.3125,2.007352941,3.898897063,,,,,,,,,,0,garcia,0
Hyperemic,22,4.81E-01,2.5,0.71,6.33915646,9.590172,40.71175241,0.661776337,1.617268734,0.826561069,1.708109429,,,,,0.24,0,0.24,LAD,2.851410576,4.639312027,4.308722476,,1733.477824,736.532308,0.563536841,,,,,,1,mine,0
Hyperemic,10,5.58E-01,1.5,0.78,4.644740483,7.042027,37.77470077,0.603438553,1.616243971,1.062146336,1.849537602,1425.093652,723.0299951,0.211911703,0.243144655,0.24,0,0.24,LAD,2.115879885,4.650768173,3.506371734,0.879668812,2343.246802,828.28908,6.554413139,7.991082505,0.95519676,0,0.000233443,0.000106674,1,mine,0
Hyperemic,101,4.83E-01,1.66,0.69,6.536936839,10.566863,41.91661782,0.680458125,1.612321247,0.757143072,1.657346,1344.240708,654.3807928,0.217407951,0.255625967,0.24,0,0.24,LAD,3.118091539,4.633779081,4.582341551,0.91272377,2187.223462,817.744377,2.430251485,7.05816439,1.879681446,0,0,0,1,mine,0
Hyperemic,199,,,,,,,0.88372093,1.610169492,,1.052768012,,,,,,,,,2.025751073,2.372261125,2.292297267,,,,,,,,,,0,garcia,0
Hyperemic,8,4.81E-01,2,0.71,6.467248103,9.958848,43.60851241,0.696882978,1.605385816,0.698280461,1.605012897,,,,,0.24,0,0.24,LAD,2.970539045,4.645729926,4.262608124,,1837.066068,768.942716,0.29983334,,,,,,1,mine,0
Hyperemic,198,,,,,,,0.56043956,1.59375,,1.992412044,,,,,,,,,2.133333333,3.262745098,3.80653595,,,,,,,,,,1,garcia,0
Hyperemic,197,,,,,,,0.38,1.583333333,,2.432621216,,,,,,,,,1.090909091,1.66507177,2.870813397,,,,,,,,,,0,garcia,0
Hyperemic,196,,,,,,,0.87,1.581818182,,1.033869983,,,,,,,,,2.291666667,2.634099617,2.634099617,,,,,,,,,,0,garcia,0
Hyperemic,195,,,,,,,0.921348315,1.576923077,,0.813743362,,,,,,,,,3.466666667,4.100813008,3.762601625,,,,,,,,,,0,garcia,0
Hyperemic,194,,,,,,,0.870588235,1.574468085,,1.097848979,,,,,,,,,3.133333333,3.641441441,3.5990991,,,,,,,,,,0,garcia,0
Hyperemic,193,,,,,,,0.76744186,1.571428571,,1.455183424,,,,,,,,,3,4,3.909090911,,,,,,,,,,1,garcia,0
Hyperemic,192,,,,,,,0.743902439,1.564102564,,1.54074209,,,,,,,,,3.545454545,4.82414307,4.766020864,,,,,,,,,,1,garcia,0
Hyperemic,190,,,,,,,0.694444444,1.5625,,1.732774734,,,,,,,,,3.2,4.352,4.608000003,,,,,,,,,,1,garcia,0
Hyperemic,191,,,,,,,0.815217391,1.5625,,1.268618456,,,,,,,,,3,3.88,3.680000001,,,,,,,,,,0,garcia,0
Hyperemic,189,,,,,,,0.464285714,1.56,,2.257984506,,,,,,,,,1.5625,2.524038462,3.365384617,,,,,,,,,,0,garcia,0
Hyperemic,188,,,,,,,0.933333333,1.555555556,,0.71401574,,,,,,,,,2.842105263,3.214285714,3.045112783,,,,,,,,,,0,garcia,0
Hyperemic,102,4.83E-01,2,0.69,6.343399793,10.37623,41.3872587,0.660257884,1.552728815,0.798971715,1.686219023,1349.616545,627.5281644,0.194438056,0.235962933,0.24,0,0.24,LAD,3.085566672,4.727773837,4.673275016,0.906577278,2016.964564,738.104042,0.635424601,6.304345123,4.108480374,0,0,0,1,mine,0
Hyperemic,187,,,,,,,0.977777778,1.543859649,,0.189932294,,,,,,,,,3.166666667,3.238636364,3.238636363,,,,,,,,,,0,garcia,0
Hyperemic,186,,,,,,,0.7625,1.525,,1.475285628,,,,,,,,,2.222222222,2.550091075,2.914389799,,,,,,,,,,1,garcia,0
Hyperemic,185,,,,,,,0.712765957,1.522727273,,1.545110421,,,,,,,,,1.76,2.364179104,2.469253733,,,,,,,,,,0,garcia,0
Hyperemic,103,4.94E-01,2.5,0.69,6.106729218,9.954753,38.85618488,0.621438458,1.520510155,0.926248871,1.777821814,1117.701926,571.0289509,0.157149262,0.195485021,0.24,0,0.24,LAD,2.944949235,4.706987639,4.738923379,0.866457716,1822.759157,688.197819,0.704884908,2.312529556,5.556452433,0.000506248,0,0,1,mine,0
Hyperemic,184,,,,,,,0.936842105,1.508474576,,0.637099237,,,,,,,,,3.105263158,3.384387936,3.314606743,,,,,,,,,,0,garcia,0
Hyperemic,181,,,,,,,0.692307692,1.5,,1.60131146,,,,,,,,,2.1,2.8,3.033333335,,,,,,,,,,1,garcia,0
Hyperemic,182,,,,,,,0.852631579,1.5,,1.081992526,,,,,,,,,2.842105263,3.333333333,3.333333333,,,,,,,,,,0,garcia,0
Hyperemic,183,,,,,,,0.925531915,1.5,,0.718894062,,,,,,,,,2.9,3.266666667,3.133333333,,,,,,,,,,0,garcia,0
Hyperemic,180,,,,,,,0.968085106,1.491803279,,0.307113594,,,,,,,,,3.210526316,3.775014459,3.316367844,,,,,,,,,,0,garcia,0
Hyperemic,179,,,,,,,0.888888889,1.491525424,,0.900340671,,,,,,,,,3.470588235,3.707219251,3.904411764,,,,,,,,,,0,garcia,0
Hyperemic,177,,,,,,,0.891304348,1.490909091,,0.919926631,,,,,,,,,2.2,2.52195122,2.468292682,,,,,,,,,,0,garcia,0
Hyperemic,178,,,,,,,0.964705882,1.490909091,,0.397047885,,,,,,,,,1.896551724,2.289739277,1.965937763,,,,,,,,,,1,garcia,0
Hyperemic,176,,,,,,,0.65,1.477272727,,1.657814701,,,,,,,,,2.2,2.876923077,3.384615385,,,,,,,,,,1,garcia,0
Hyperemic,175,,,,,,,0.858823529,1.46,,1.081893247,,,,,,,,,5.376344086,6.186478126,6.260126678,,,,,,,,,,0,garcia,0
Hyperemic,174,,,,,,,0.680851064,1.454545455,,1.590867911,,,,,,,,,2.933333333,4.4,4.308333332,,,,,,,,,,1,garcia,0
Hyperemic,15,5.91E-01,1.7,0.81,5.668163379,9.272831,40.4123497,0.526045053,1.451330108,1.307616297,1.910520502,,,,,0.24,0,0.24,LAD,2.793863752,4.725689004,5.311073142,,2670.552745,686.98256,0.825994444,,,,,,1,mine,0
Hyperemic,173,,,,,,,0.875,1.448275862,,0.952977268,,,,,,,,,3.222222222,4.066137566,3.682539682,,,,,,,,,,0,garcia,0
Hyperemic,172,,,,,,,0.81981982,1.444444444,,1.103000906,,,,,,,,,2.25,2.521978022,2.744505494,,,,,,,,,,0,garcia,0
Hyperemic,171,,,,,,,0.617886179,1.433962264,,1.624198128,,,,,,,,,2.12,2.594210526,3.431052631,,,,,,,,,,1,garcia,0
Hyperemic,170,,,,,,,0.790123457,1.422222222,,1.324675903,,,,,,,,,1.5,1.828125,1.898437499,,,,,,,,,,0,garcia,0
Hyperemic,12,5.58E-01,2,0.78,5.969609989,8.709118,40.42812982,0.577799121,1.417515596,1.035786157,1.80914073,,,,,0.24,0,0.24,LAD,2.587983409,4.804093749,4.479036599,,2048.599702,661.602462,1.325395874,,,,,,1,mine,0
Hyperemic,14,5.91E-01,1.5,0.81,5.788441356,9.039884,39.47080128,0.54514387,1.414443055,1.180180372,1.876226724,,,,,0.24,0,0.24,LAD,2.703783551,4.740660396,4.959761454,,2592.773447,682.219004,4.386170627,,,,,,1,mine,0
Hyperemic,169,,,,,,,0.72,1.411764706,,1.432669689,,,,,,,,,1.821428571,2.150297619,2.529761904,,,,,,,,,,0,garcia,0
Hyperemic,168,,,,,,,0.25,1.4,,2.847810041,,,,,,,,,1.071428571,1.632653061,4.285714284,,,,,,,,,,0,garcia,0
Hyperemic,166,,,,,,,0.841463415,1.38,,1.116655353,,,,,,,,,3.333333333,3.913043478,3.961352655,,,,,,,,,,0,garcia,0
Hyperemic,167,,,,,,,0.841463415,1.38,,1.116655353,,,,,,,,,3.333333333,3.913043478,3.961352655,,,,,,,,,,0,garcia,0
Hyperemic,165,,,,,,,0.790322581,1.361111111,,1.40199036,,,,,,,,,1.714285714,2.16909621,2.169096209,,,,,,,,,,0,garcia,0
Hyperemic,164,,,,,,,0.742268041,1.358490566,,1.350040279,,,,,,,,,1.827586207,2.512931034,2.462164752,,,,,,,,,,0,garcia,0
Hyperemic,163,,,,,,,0.81,1.35,,1.12310311,,,,,,,,,2.5,2.87037037,3.086419753,,,,,,,,,,0,garcia,0
Hyperemic,162,,,,,,,0.910714286,1.342105263,,0.639024825,,,,,,,,,4.470588235,4.952710496,4.908881198,,,,,,,,,,0,garcia,0
Hyperemic,161,,,,,,,0.851851852,1.333333333,,0.927073811,,,,,,,,,2.225806452,2.491935484,2.612903226,,,,,,,,,,0,garcia,0
Hyperemic,160,,,,,,,0.733333333,1.32,,1.382923243,,,,,,,,,3.125,4.308712121,4.261363638,,,,,,,,,,1,garcia,0
Hyperemic,159,,,,,,,0.79,1.316666667,,1.166568803,,,,,,,,,4.285714286,5.153707052,5.424954792,,,,,,,,,,1,garcia,0
Hyperemic,26,5.88E-01,2.5,0.78,5.521073759,8.554116,37.41491947,0.483869963,1.315848432,1.403577309,1.974745804,1382.06823,498.4516702,0.154369602,0.167622329,0.24,0,0.24,LAD,2.542233069,4.944998975,5.253959255,0.854260056,,555.281961,0.810531592,0.964112148,4.398622813,0.003152871,0,0,1,mine,0
Hyperemic,158,,,,,,,0.882352941,1.315789474,,0.888902298,,,,,,,,,1.461538462,1.734358974,1.656410257,,,,,,,,,,1,garcia,0
Hyperemic,157,,,,,,,0.663551402,1.314814815,,1.492166991,,,,,,,,,1.542857143,2.129577465,2.325150905,,,,,,,,,,0,garcia,0
Hyperemic,156,,,,,,,0.784313725,1.31147541,,1.17241502,,,,,,,,,1.967741935,2.435080645,2.508870969,,,,,,,,,,0,garcia,0
Hyperemic,56,5.99E-01,0.9,0.57,6.556845,10.417828,42.57799437,0.572520443,1.310531256,0.978524569,1.761940814,1727.560353,1035.856331,0.153524985,0.209743864,0.24,0,0.24,LCX,3.067225399,5.511597682,5.357407642,,3448.994889,1866.911607,13.28389105,0.194467876,22.32315889,0.061447091,0,0.015276951,1,mine,1
Hyperemic,155,,,,,,,0.774193548,1.309090909,,1.242145925,,,,,,,,,2.5,3.090277778,3.229166668,,,,,,,,,,1,garcia,0
Hyperemic,154,,,,,,,0.834951456,1.303030303,,0.99201306,,,,,,,,,2.538461538,3.040250447,3.040250448,,,,,,,,,,0,garcia,0
Hyperemic,105,6.18E-01,1.66,0.79,5.636134655,8.970219,36.82002712,0.485432042,1.302850696,1.381048557,1.974679124,1837.381556,546.8623969,0.185328316,0.257081643,0.24,0,0.24,LAD,2.667466887,4.891515003,5.495036698,0.869473135,2565.304714,635.728847,2.146444544,4.240137628,1.166279123,0,0,0,1,mine,0
Hyperemic,153,,,,,,,0.707317073,1.288888889,,1.474438224,,,,,,,,,3.214285714,4.322660099,4.544334976,,,,,,,,,,1,garcia,0
Hyperemic,152,,,,,,,0.791666667,1.288135593,,1.159977982,,,,,,,,,3.470588235,4.064241486,4.383900927,,,,,,,,,,1,garcia,0
Hyperemic,151,,,,,,,0.804347826,1.275862069,,1.129068527,,,,,,,,,2.761904762,3.284427284,3.433719434,,,,,,,,,,0,garcia,0
Hyperemic,16,5.91E-01,2,0.81,5.723283207,7.86791,40.61337659,0.51708239,1.262512114,1.17909514,1.863434031,,,,,0.24,0,0.24,LAD,2.356638906,4.948767185,4.557569456,,2169.667977,581.733328,0.734119248,,,,,,1,mine,0
Hyperemic,150,,,,,,,0.588888889,1.261904762,,1.722355153,,,,,,,,,1.68,2.757735849,2.852830188,,,,,,,,,,0,garcia,0
Hyperemic,148,,,,,,,0.666666667,1.25,,1.515290789,,,,,,,,,2.666666667,3.288888889,3.999999999,,,,,,,,,,1,garcia,0
Hyperemic,149,,,,,,,0.898876404,1.25,,0.742534571,,,,,,,,,2.285714286,2.428571429,2.542857145,,,,,,,,,,0,garcia,0
Hyperemic,106,6.18E-01,2,0.79,5.530506529,8.80037,36.61375251,0.462105454,1.249151062,1.454022102,1.999481046,1760.576691,496.5907204,0.163913401,0.216319257,0.24,0,0.24,LAD,2.605976615,4.969238349,5.639354811,0.85110296,2353.279592,666.986987,1.457703675,4.440677751,1.47325608,0,0.000777737,0.000304943,1,mine,0
Hyperemic,147,,,,,,,0.922222222,1.23880597,,0.593600444,,,,,,,,,3.19047619,3.459552496,3.459552496,,,,,,,,,,0,garcia,0
Hyperemic,146,,,,,,,0.93,1.207792208,,0.472768599,,,,,,,,,2.483870968,3.124869927,2.670828998,,,,,,,,,,0,garcia,0
Hyperemic,145,,,,,,,0.551282051,1.194444444,,1.832115052,,,,,,,,,3,4.88372093,5.441860468,,,,,,,,,,1,garcia,0
Hyperemic,144,,,,,,,0.568807339,1.192307692,,1.64074318,,,,,,,,,1.368421053,1.986417657,2.405772498,,,,,,,,,,0,garcia,0
Hyperemic,107,6.18E-01,2.5,0.79,5.381528793,8.583473,36.16223739,0.431360887,1.180812516,1.556599595,2.0344759,1337.225932,471.207659,0.143136736,0.153865984,0.24,0,0.24,LAD,2.535066936,5.010605656,5.876904963,,2106.672789,685.528138,0.478601588,1.135698453,0.727648397,0.001761722,0.000173552,6.86E-05,1,mine,0
Hyperemic,143,,,,,,,0.85106383,1.15942029,,0.869081864,,,,,,,,,3,3.4875,3.524999999,,,,,,,,,,0,garcia,0
Hyperemic,142,,,,,,,0.43,1.102564103,,1.974397651,,,,,,,,,1.344827586,1.876503609,3.127506014,,,,,,,,,,0,garcia,0
Hyperemic,141,,,,,,,0.928571429,1.098591549,,0.476286562,,,,,,,,,2.679245283,3.366231253,2.885341073,,,,,,,,,,0,garcia,0
Hyperemic,140,,,,,,,0.823529412,1.076923077,,1.047826568,,,,,,,,,2.6,3.296428571,3.157142856,,,,,,,,,,0,garcia,0
Hyperemic,139,,,,,,,0.75257732,1.073529412,,1.115845426,,,,,,,,,3.777777778,5.01978691,5.019786908,,,,,,,,,,1,garcia,0
Hyperemic,138,,,,,,,0.723809524,1.070422535,,1.16053331,,,,,,,,,2.62962963,3.460038986,3.633040935,,,,,,,,,,1,garcia,0
Hyperemic,137,,,,,,,0.875,1.069444444,,0.727379702,,,,,,,,,2.25,2.62987013,2.571428571,,,,,,,,,,0,garcia,0
Hyperemic,136,,,,,,,0.777777778,1.044776119,,1.0495324,,,,,,,,,2.481481481,2.977777778,3.190476189,,,,,,,,,,1,garcia,0
Hyperemic,135,,,,,,,0.670212766,1.032786885,,1.321354033,,,,,,,,,1.605263158,2.038429407,2.395154553,,,,,,,,,,0,garcia,0
Hyperemic,134,,,,,,,0.453333333,1.03030303,,1.976407986,,,,,,,,,1.064516129,1.565464896,2.348197345,,,,,,,,,,0,garcia,0
Hyperemic,132,,,,,,,0.862068966,1,,0.729710729,,,,,,,,,2.027027027,2.675675676,2.35135135,,,,,,,,,,0,garcia,0
Hyperemic,133,,,,,,,0.904109589,1,,0.606662178,,,,,,,,,4.4,5.066666667,4.866666667,,,,,,,,,,0,garcia,0
Hyperemic,131,,,,,,,0.97826087,0.989010989,,-0.216400779,,,,,,,,,3.5,3.616666667,3.577777776,,,,,,,,,,0,garcia,0
Hyperemic,130,,,,,,,0.773809524,0.984848485,,1.040317739,,,,,,,,,2.129032258,2.55483871,2.751364764,,,,,,,,,,1,garcia,0
Hyperemic,129,,,,,,,0.769230769,0.967741935,,1.071141136,,,,,,,,,1.9375,2.260416667,2.518750001,,,,,,,,,,0,garcia,0
Hyperemic,128,,,,,,,0.53,0.963636364,,1.592024488,,,,,,,,,1.018518519,1.191474493,1.921733055,,,,,,,,,,0,garcia,0
Hyperemic,127,,,,,,,0.505882353,0.955555556,,1.717476272,,,,,,,,,1.285714286,1.88372093,2.541528239,,,,,,,,,,0,garcia,0
Hyperemic,126,,,,,,,0.802469136,0.942028986,,0.927073811,,,,,,,,,2.15625,2.687019231,2.68701923,,,,,,,,,,0,garcia,0
Hyperemic,125,,,,,,,0.788990826,0.924731183,,0.825413948,,,,,,,,,2.447368421,2.845777234,3.101897184,,,,,,,,,,1,garcia,0
Hyperemic,124,,,,,,,0.888888889,0.91954023,,0.521613504,,,,,,,,,2.806451613,3.33266129,3.157258064,,,,,,,,,,0,garcia,0
Hyperemic,123,,,,,,,0.703703704,0.890625,,1.168503303,,,,,,,,,3.2,4.715789474,4.547368419,,,,,,,,,,1,garcia,0
Hyperemic,122,,,,,,,0.602564103,0.854545455,,1.411288324,,,,,,,,,1.375,1.960106383,2.281914892,,,,,,,,,,0,garcia,0
Hyperemic,121,,,,,,,0.736842105,0.853658537,,0.970964313,,,,,,,,,3.416666667,4.783333333,4.636904764,,,,,,,,,,1,garcia,0
Hyperemic,120,,,,,,,0.727272727,0.769230769,,0.843706586,,,,,,,,,2.476190476,3.311904762,3.404761906,,,,,,,,,,1,garcia,0
Hyperemic,119,,,,,,,0.512195122,0.763636364,,1.521986622,,,,,,,,,2.5,4.345238095,4.88095238,,,,,,,,,,1,garcia,0
Hyperemic,118,,,,,,,0.95,0.76,,0.002712001,,,,,,,,,3.225806452,3.353140917,3.395585739,,,,,,,,,,0,garcia,0
Hyperemic,117,,,,,,,0.868852459,0.654320988,,0.486771959,,,,,,,,,1.528301887,1.758988964,1.758988964,,,,,,,,,,1,garcia,0