GeometryNumber,ColumnName,ImputedValue,NeighborGeometryNumbers
92,WSS_Area_Bifur,0.8851875421027533,"[np.float64(93.0), np.float64(29.0), np.float64(103.0), np.float64(97.0), np.float64(100.0)]"
95,WSS_Area_Bifur,0.9032202578956916,"[np.float64(101.0), np.float64(84.0), np.float64(28.0), np.float64(27.0), np.float64(52.0)]"
94,WSS_Area_Bifur,0.885388845402191,"[np.float64(11.0), np.float64(9.0), np.float64(29.0), np.float64(92.0), np.float64(93.0)]"
94,WSS_TE_min,12.059511345634306,"[np.float64(98.0), np.float64(11.0), np.float64(89.0), np.float64(9.0), np.float64(99.0)]"
56,WSS_Area_Bifur,0.905746578961837,"[np.float64(86.0), np.float64(52.0), np.float64(4.0), np.float64(28.0), np.float64(84.0)]"
110,WSS_min,2.31073824379617,"[np.float64(57.0), np.float64(33.0), np.float64(44.0), np.float64(36.0), np.float64(53.0)]"
3,WSS_TE,810.2889365631224,"[np.float64(1.0), np.float64(87.0), np.float64(4.0), np.float64(91.0), np.float64(56.0)]"
3,WSS_LE,931.807361216679,"[np.float64(1.0), np.float64(87.0), np.float64(4.0), np.float64(91.0), np.float64(56.0)]"
3,WSS_TE_Area,0.23056462096554003,"[np.float64(1.0), np.float64(87.0), np.float64(4.0), np.float64(91.0), np.float64(56.0)]"
3,WSS_LE_Area,0.24817533999321467,"[np.float64(1.0), np.float64(87.0), np.float64(4.0), np.float64(91.0), np.float64(56.0)]"
3,WSS_Area_Bifur,0.9048049820802234,"[np.float64(4.0), np.float64(56.0), np.float64(86.0), np.float64(52.0), np.float64(28.0)]"
3,WSS_TE_min,25.85591337517075,"[np.float64(1.0), np.float64(87.0), np.float64(4.0), np.float64(91.0), np.float64(56.0)]"
3,WSS_LE_min,7.109652958923528,"[np.float64(1.0), np.float64(87.0), np.float64(4.0), np.float64(91.0), np.float64(56.0)]"
3,WSS_TE_Area_min,0.01228941815477806,"[np.float64(1.0), np.float64(87.0), np.float64(4.0), np.float64(91.0), np.float64(56.0)]"
3,WSS_LE_Area_min,0.0,"[np.float64(1.0), np.float64(87.0), np.float64(4.0), np.float64(91.0), np.float64(56.0)]"
3,WSS_Area_Bifur_min,0.00305539025755268,"[np.float64(87.0), np.float64(4.0), np.float64(91.0), np.float64(56.0), np.float64(86.0)]"
5,v_distal,CouldNotImpute,[]
5,P_Loss_Coeff,CouldNotImpute,[]
5,WSS_Area_Bifur,CouldNotImpute,[]
2,WSS_TE,798.695277418629,"[np.float64(95.0), np.float64(101.0), np.float64(84.0), np.float64(28.0), np.float64(27.0)]"
2,WSS_LE,752.9771450619044,"[np.float64(95.0), np.float64(101.0), np.float64(84.0), np.float64(28.0), np.float64(27.0)]"
2,WSS_TE_Area,0.20941674948808875,"[np.float64(95.0), np.float64(101.0), np.float64(84.0), np.float64(28.0), np.float64(27.0)]"
2,WSS_LE_Area,0.22698407621256775,"[np.float64(95.0), np.float64(101.0), np.float64(84.0), np.float64(28.0), np.float64(27.0)]"
2,WSS_Area_Bifur,0.9057771560046787,"[np.float64(95.0), np.float64(101.0), np.float64(84.0), np.float64(28.0), np.float64(27.0)]"
2,WSS_TE_min,12.726563022343987,"[np.float64(95.0), np.float64(101.0), np.float64(84.0), np.float64(28.0), np.float64(27.0)]"
2,WSS_LE_min,3.6432498527123003,"[np.float64(95.0), np.float64(101.0), np.float64(84.0), np.float64(28.0), np.float64(27.0)]"
2,WSS_TE_Area_min,0.004531759448694101,"[np.float64(95.0), np.float64(101.0), np.float64(84.0), np.float64(28.0), np.float64(27.0)]"
2,WSS_LE_Area_min,0.0,"[np.float64(95.0), np.float64(101.0), np.float64(84.0), np.float64(28.0), np.float64(27.0)]"
2,WSS_Area_Bifur_min,0.0,"[np.float64(95.0), np.float64(101.0), np.float64(84.0), np.float64(28.0), np.float64(27.0)]"
16,WSS_TE,799.8895296143403,"[np.float64(90.0), np.float64(99.0), np.float64(9.0), np.float64(11.0), np.float64(94.0)]"
16,WSS_LE,825.4886037078797,"[np.float64(90.0), np.float64(99.0), np.float64(9.0), np.float64(11.0), np.float64(94.0)]"
16,WSS_TE_Area,0.2181259561846843,"[np.float64(90.0), np.float64(99.0), np.float64(9.0), np.float64(11.0), np.float64(94.0)]"
16,WSS_LE_Area,0.2480649595796968,"[np.float64(90.0), np.float64(99.0), np.float64(9.0), np.float64(11.0), np.float64(94.0)]"
16,WSS_Area_Bifur,0.889651173670335,"[np.float64(9.0), np.float64(11.0), np.float64(94.0), np.float64(102.0), np.float64(27.0)]"
16,WSS_TE_min,13.867902802512887,"[np.float64(90.0), np.float64(99.0), np.float64(9.0), np.float64(11.0), np.float64(94.0)]"
16,WSS_LE_min,7.43744008334649,"[np.float64(90.0), np.float64(99.0), np.float64(9.0), np.float64(11.0), np.float64(94.0)]"
16,WSS_TE_Area_min,0.00156087847421132,"[np.float64(90.0), np.float64(99.0), np.float64(9.0), np.float64(11.0), np.float64(94.0)]"
16,WSS_LE_Area_min,8.93144284369e-05,"[np.float64(90.0), np.float64(99.0), np.float64(9.0), np.float64(11.0), np.float64(94.0)]"
16,WSS_Area_Bifur_min,4.121331802006e-05,"[np.float64(90.0), np.float64(99.0), np.float64(9.0), np.float64(11.0), np.float64(94.0)]"
29,HMR,1.9641224994923405,"[np.float64(92.0), np.float64(93.0), np.float64(14.0), np.float64(103.0), np.float64(89.0)]"
29,HSR,0.5407056888190791,"[np.float64(92.0), np.float64(93.0), np.float64(14.0), np.float64(103.0), np.float64(89.0)]"
29,P_Loss_Coeff,1.3817457327356713,"[np.float64(92.0), np.float64(93.0), np.float64(14.0), np.float64(103.0), np.float64(89.0)]"
29,CFR,3.3228198428983524,"[np.float64(92.0), np.float64(93.0), np.float64(14.0), np.float64(103.0), np.float64(89.0)]"
29,BMR/HMR,4.193749010560453,"[np.float64(92.0), np.float64(93.0), np.float64(14.0), np.float64(103.0), np.float64(89.0)]"
29,CFR/FFR,4.323963522933674,"[np.float64(92.0), np.float64(93.0), np.float64(14.0), np.float64(103.0), np.float64(89.0)]"
29,WSS_min,8.500694004821906,"[np.float64(92.0), np.float64(93.0), np.float64(14.0), np.float64(103.0), np.float64(89.0)]"
11,BMR/HMR,4.18986237079785,"[np.float64(94.0), np.float64(98.0), np.float64(99.0), np.float64(88.0), np.float64(15.0)]"
27,CFR,3.3330081990603944,"[np.float64(102.0), np.float64(85.0), np.float64(95.0), np.float64(2.0), np.float64(101.0)]"
27,BMR/HMR,4.319438811024011,"[np.float64(102.0), np.float64(85.0), np.float64(95.0), np.float64(2.0), np.float64(101.0)]"
27,CFR/FFR,4.3078978578658065,"[np.float64(102.0), np.float64(85.0), np.float64(95.0), np.float64(2.0), np.float64(101.0)]"
27,WSS_min,3.6408604866071927,"[np.float64(102.0), np.float64(85.0), np.float64(95.0), np.float64(2.0), np.float64(101.0)]"
18,WSS_TE,626.8346533631295,"[np.float64(1.0), np.float64(87.0), np.float64(3.0), np.float64(4.0), np.float64(91.0)]"
18,WSS_LE,910.9975673321882,"[np.float64(1.0), np.float64(87.0), np.float64(3.0), np.float64(4.0), np.float64(91.0)]"
18,WSS_TE_Area,0.24597254807219127,"[np.float64(1.0), np.float64(87.0), np.float64(3.0), np.float64(4.0), np.float64(91.0)]"
18,WSS_LE_Area,0.25586163519713445,"[np.float64(1.0), np.float64(87.0), np.float64(3.0), np.float64(4.0), np.float64(91.0)]"
18,WSS_Area_Bifur,0.9064763684273549,"[np.float64(3.0), np.float64(4.0), np.float64(56.0), np.float64(86.0), np.float64(52.0)]"
18,WSS_TE_min,30.988202475054635,"[np.float64(1.0), np.float64(87.0), np.float64(3.0), np.float64(4.0), np.float64(91.0)]"
18,WSS_LE_min,4.06695177289677,"[np.float64(1.0), np.float64(87.0), np.float64(3.0), np.float64(4.0), np.float64(91.0)]"
18,WSS_TE_Area_min,0.002457883630955612,"[np.float64(1.0), np.float64(87.0), np.float64(3.0), np.float64(4.0), np.float64(91.0)]"
18,WSS_LE_Area_min,0.0,"[np.float64(1.0), np.float64(87.0), np.float64(3.0), np.float64(4.0), np.float64(91.0)]"
18,WSS_Area_Bifur_min,0.003666468309063216,"[np.float64(87.0), np.float64(3.0), np.float64(4.0), np.float64(91.0), np.float64(56.0)]"
87,WSS_Area_Bifur,0.9096844886426748,"[np.float64(18.0), np.float64(4.0), np.float64(3.0), np.float64(56.0), np.float64(86.0)]"
89,WSS_Area_Bifur,0.8791533287281798,"[np.float64(94.0), np.float64(11.0), np.float64(29.0), np.float64(9.0), np.float64(92.0)]"
89,WSS_Area_Bifur_min,4.121331802006e-05,"[np.float64(98.0), np.float64(94.0), np.float64(11.0), np.float64(29.0), np.float64(9.0)]"
26,WSS_Bif,2200.0574896,"[np.float64(30.0), np.float64(96.0), np.float64(10.0), np.float64(105.0), np.float64(106.0)]"
28,CFR,3.4985966632667145,"[np.float64(84.0), np.float64(52.0), np.float64(86.0), np.float64(101.0), np.float64(2.0)]"
28,BMR/HMR,4.116565330986213,"[np.float64(84.0), np.float64(52.0), np.float64(86.0), np.float64(101.0), np.float64(2.0)]"
28,CFR/FFR,4.142043933077,"[np.float64(84.0), np.float64(52.0), np.float64(86.0), np.float64(101.0), np.float64(2.0)]"
88,WSS_TE,800.6663310368222,"[np.float64(98.0), np.float64(89.0), np.float64(94.0), np.float64(11.0), np.float64(9.0)]"
88,WSS_TE_Area,0.22141843716874857,"[np.float64(98.0), np.float64(89.0), np.float64(94.0), np.float64(11.0), np.float64(9.0)]"
88,WSS_Area_Bifur,0.8779464860532652,"[np.float64(89.0), np.float64(94.0), np.float64(11.0), np.float64(9.0), np.float64(29.0)]"
88,WSS_TE_min,13.785620238748503,"[np.float64(98.0), np.float64(89.0), np.float64(94.0), np.float64(11.0), np.float64(9.0)]"
88,WSS_TE_Area_min,0.00148980856844992,"[np.float64(98.0), np.float64(89.0), np.float64(94.0), np.float64(11.0), np.float64(9.0)]"
88,WSS_Area_Bifur_min,4.9455981624072e-05,"[np.float64(98.0), np.float64(89.0), np.float64(94.0), np.float64(11.0), np.float64(9.0)]"
38,WSS_min,1.8643198227741056,"[np.float64(3.0), np.float64(18.0), np.float64(1.0), np.float64(87.0), np.float64(8.0)]"
98,WSS_Area_Bifur,0.8785478533021223,"[np.float64(94.0), np.float64(88.0), np.float64(89.0), np.float64(11.0), np.float64(9.0)]"
96,WSS_Area_Bifur,0.8613213076825443,"[np.float64(30.0), np.float64(26.0), np.float64(105.0), np.float64(106.0), np.float64(10.0)]"
91,WSS_Area_Bifur,0.9048049820802234,"[np.float64(4.0), np.float64(56.0), np.float64(86.0), np.float64(52.0), np.float64(28.0)]"
39,WSS_min,1.795056957744159,"[np.float64(107.0), np.float64(106.0), np.float64(105.0), np.float64(96.0), np.float64(26.0)]"
30,CFR,2.715967398835589,"[np.float64(26.0), np.float64(96.0), np.float64(10.0), np.float64(105.0), np.float64(106.0)]"
30,BMR/HMR,4.671558090258683,"[np.float64(26.0), np.float64(96.0), np.float64(10.0), np.float64(105.0), np.float64(106.0)]"
30,CFR/FFR,4.7666392016132715,"[np.float64(26.0), np.float64(96.0), np.float64(10.0), np.float64(105.0), np.float64(106.0)]"
30,WSS_min,3.010219267911927,"[np.float64(26.0), np.float64(96.0), np.float64(10.0), np.float64(105.0), np.float64(106.0)]"
90,WSS_Area_Bifur,0.8807676957403248,"[np.float64(16.0), np.float64(9.0), np.float64(11.0), np.float64(94.0), np.float64(98.0)]"
99,WSS_Area_Bifur,0.8812116642279652,"[np.float64(9.0), np.float64(90.0), np.float64(16.0), np.float64(11.0), np.float64(94.0)]"
9,BMR/HMR,4.514631604258942,"[np.float64(99.0), np.float64(11.0), np.float64(15.0), np.float64(12.0), np.float64(6.0)]"
7,WSS_TE,882.1621373231483,"[np.float64(16.0), np.float64(90.0), np.float64(99.0), np.float64(9.0), np.float64(11.0)]"
7,WSS_LE,799.916311976711,"[np.float64(16.0), np.float64(90.0), np.float64(99.0), np.float64(9.0), np.float64(11.0)]"
7,WSS_TE_Area,0.21862245018732337,"[np.float64(16.0), np.float64(90.0), np.float64(99.0), np.float64(9.0), np.float64(11.0)]"
7,WSS_LE_Area,0.2491275689020777,"[np.float64(16.0), np.float64(90.0), np.float64(99.0), np.float64(9.0), np.float64(11.0)]"
7,BMR/HMR,4.5553048622978976,"[np.float64(22.0), np.float64(16.0), np.float64(90.0), np.float64(6.0), np.float64(12.0)]"
7,WSS_Area_Bifur,0.8803762279931201,"[np.float64(16.0), np.float64(90.0), np.float64(99.0), np.float64(9.0), np.float64(11.0)]"
7,WSS_TE_min,14.229581093888603,"[np.float64(16.0), np.float64(90.0), np.float64(99.0), np.float64(9.0), np.float64(11.0)]"
7,WSS_LE_min,6.032850557487939,"[np.float64(16.0), np.float64(90.0), np.float64(99.0), np.float64(9.0), np.float64(11.0)]"
7,WSS_TE_Area_min,0.000383245600603664,"[np.float64(16.0), np.float64(90.0), np.float64(99.0), np.float64(9.0), np.float64(11.0)]"
7,WSS_LE_Area_min,0.00010717731412428001,"[np.float64(16.0), np.float64(90.0), np.float64(99.0), np.float64(9.0), np.float64(11.0)]"
7,WSS_Area_Bifur_min,4.9455981624072e-05,"[np.float64(16.0), np.float64(90.0), np.float64(99.0), np.float64(9.0), np.float64(11.0)]"
109,WSS_min,2.098901224677996,"[np.float64(43.0), np.float64(35.0), np.float64(46.0), np.float64(32.0), np.float64(115.0)]"
107,WSS_Area_Bifur,0.8131923758624572,"[np.float64(39.0), np.float64(106.0), np.float64(105.0), np.float64(96.0), np.float64(30.0)]"
1,WSS_Area_Bifur,0.9064624732033997,"[np.float64(87.0), np.float64(18.0), np.float64(3.0), np.float64(4.0), np.float64(91.0)]"
1,WSS_Area_Bifur_min,0.0013443717133231792,"[np.float64(87.0), np.float64(18.0), np.float64(3.0), np.float64(4.0), np.float64(91.0)]"
6,WSS_TE,735.2197000341546,"[np.float64(90.0), np.float64(99.0), np.float64(16.0), np.float64(7.0), np.float64(9.0)]"
6,WSS_LE,822.888917992004,"[np.float64(90.0), np.float64(99.0), np.float64(16.0), np.float64(7.0), np.float64(9.0)]"
6,WSS_TE_Area,0.22292284610219118,"[np.float64(90.0), np.float64(99.0), np.float64(16.0), np.float64(7.0), np.float64(9.0)]"
6,WSS_LE_Area,0.253593812255576,"[np.float64(90.0), np.float64(99.0), np.float64(16.0), np.float64(7.0), np.float64(9.0)]"
6,WSS_Area_Bifur,0.8783703210636814,"[np.float64(90.0), np.float64(99.0), np.float64(16.0), np.float64(7.0), np.float64(9.0)]"
6,WSS_TE_min,15.199175727207859,"[np.float64(90.0), np.float64(99.0), np.float64(16.0), np.float64(7.0), np.float64(9.0)]"
6,WSS_LE_min,6.970544643572215,"[np.float64(90.0), np.float64(99.0), np.float64(16.0), np.float64(7.0), np.float64(9.0)]"
6,WSS_TE_Area_min,0.00045989472072439686,"[np.float64(90.0), np.float64(99.0), np.float64(16.0), np.float64(7.0), np.float64(9.0)]"
6,WSS_LE_Area_min,3.9298348512236e-05,"[np.float64(90.0), np.float64(99.0), np.float64(16.0), np.float64(7.0), np.float64(9.0)]"
6,WSS_Area_Bifur_min,1.81338599288264e-05,"[np.float64(90.0), np.float64(99.0), np.float64(16.0), np.float64(7.0), np.float64(9.0)]"
8,WSS_TE,590.1437967231309,"[np.float64(87.0), np.float64(1.0), np.float64(18.0), np.float64(4.0), np.float64(91.0)]"
8,WSS_LE,906.8356085552899,"[np.float64(87.0), np.float64(1.0), np.float64(18.0), np.float64(4.0), np.float64(91.0)]"
8,WSS_TE_Area,0.24905413349352154,"[np.float64(87.0), np.float64(1.0), np.float64(18.0), np.float64(4.0), np.float64(91.0)]"
8,WSS_LE_Area,0.25739889423791834,"[np.float64(87.0), np.float64(1.0), np.float64(18.0), np.float64(4.0), np.float64(91.0)]"
8,WSS_Area_Bifur,0.906793971428035,"[np.float64(87.0), np.float64(1.0), np.float64(18.0), np.float64(4.0), np.float64(91.0)]"
8,WSS_TE_min,32.01466029503141,"[np.float64(87.0), np.float64(1.0), np.float64(18.0), np.float64(4.0), np.float64(91.0)]"
8,WSS_LE_min,3.4584115356914182,"[np.float64(87.0), np.float64(1.0), np.float64(18.0), np.float64(4.0), np.float64(91.0)]"
8,WSS_TE_Area_min,0.0004915767261911224,"[np.float64(87.0), np.float64(1.0), np.float64(18.0), np.float64(4.0), np.float64(91.0)]"
8,WSS_LE_Area_min,0.0,"[np.float64(87.0), np.float64(1.0), np.float64(18.0), np.float64(4.0), np.float64(91.0)]"
8,WSS_Area_Bifur_min,0.0010021680044772791,"[np.float64(87.0), np.float64(1.0), np.float64(18.0), np.float64(4.0), np.float64(91.0)]"
108,WSS_min,7.432222501703762,"[np.float64(54.0), np.float64(104.0), np.float64(45.0), np.float64(58.0), np.float64(39.0)]"
41,WSS_min,1.9819267234713809,"[np.float64(115.0), np.float64(112.0), np.float64(32.0), np.float64(47.0), np.float64(35.0)]"
12,WSS_TE,705.8312125763559,"[np.float64(6.0), np.float64(99.0), np.float64(90.0), np.float64(16.0), np.float64(9.0)]"
12,WSS_LE,827.4834391950626,"[np.float64(6.0), np.float64(99.0), np.float64(90.0), np.float64(16.0), np.float64(9.0)]"
12,WSS_TE_Area,0.22378292528516477,"[np.float64(6.0), np.float64(99.0), np.float64(90.0), np.float64(16.0), np.float64(9.0)]"
12,WSS_LE_Area,0.25448706092627565,"[np.float64(6.0), np.float64(99.0), np.float64(90.0), np.float64(16.0), np.float64(9.0)]"
12,WSS_Area_Bifur,0.8779691396777938,"[np.float64(6.0), np.float64(99.0), np.float64(90.0), np.float64(16.0), np.float64(9.0)]"
12,WSS_TE_min,15.393094653871708,"[np.float64(6.0), np.float64(99.0), np.float64(90.0), np.float64(16.0), np.float64(9.0)]"
12,WSS_LE_min,7.15808346078907,"[np.float64(6.0), np.float64(99.0), np.float64(90.0), np.float64(16.0), np.float64(9.0)]"
12,WSS_TE_Area_min,0.00047522454474854337,"[np.float64(6.0), np.float64(99.0), np.float64(90.0), np.float64(16.0), np.float64(9.0)]"
12,WSS_LE_Area_min,2.5722555389827202e-05,"[np.float64(6.0), np.float64(99.0), np.float64(90.0), np.float64(16.0), np.float64(9.0)]"
12,WSS_Area_Bifur_min,1.186943558977728e-05,"[np.float64(6.0), np.float64(99.0), np.float64(90.0), np.float64(16.0), np.float64(9.0)]"
15,WSS_TE,687.0195491687591,"[np.float64(12.0), np.float64(99.0), np.float64(6.0), np.float64(90.0), np.float64(9.0)]"
15,WSS_LE,827.8824062924992,"[np.float64(12.0), np.float64(99.0), np.float64(6.0), np.float64(90.0), np.float64(9.0)]"
15,WSS_TE_Area,0.22491431910526086,"[np.float64(12.0), np.float64(99.0), np.float64(6.0), np.float64(90.0), np.float64(9.0)]"
15,WSS_LE_Area,0.25577148119559145,"[np.float64(12.0), np.float64(99.0), np.float64(6.0), np.float64(90.0), np.float64(9.0)]"
15,WSS_Area_Bifur,0.8756327328792854,"[np.float64(12.0), np.float64(99.0), np.float64(6.0), np.float64(90.0), np.float64(9.0)]"
15,WSS_TE_min,15.698133024143477,"[np.float64(12.0), np.float64(99.0), np.float64(6.0), np.float64(90.0), np.float64(9.0)]"
15,WSS_LE_min,7.102212136277586,"[np.float64(12.0), np.float64(99.0), np.float64(6.0), np.float64(90.0), np.float64(9.0)]"
15,WSS_TE_Area_min,0.000258093758855988,"[np.float64(12.0), np.float64(99.0), np.float64(6.0), np.float64(90.0), np.float64(9.0)]"
15,WSS_LE_Area_min,1.3004180780412639e-05,"[np.float64(12.0), np.float64(99.0), np.float64(6.0), np.float64(90.0), np.float64(9.0)]"
15,WSS_Area_Bifur_min,6.000659103720736e-06,"[np.float64(12.0), np.float64(99.0), np.float64(6.0), np.float64(90.0), np.float64(9.0)]"
40,WSS_min,2.461547607946463,"[np.float64(114.0), np.float64(111.0), np.float64(34.0), np.float64(46.0), np.float64(31.0)]"
85,WSS_Area_Bifur,0.9068675200562085,"[np.float64(102.0), np.float64(27.0), np.float64(95.0), np.float64(2.0), np.float64(101.0)]"
25,Average Flow,CouldNotImpute,[]
25,Max Flow,CouldNotImpute,[]
25,v_distal,CouldNotImpute,[]
25,P_d/P_a,CouldNotImpute,[]
25,HMR,CouldNotImpute,[]
25,HSR,CouldNotImpute,[]
25,P_Loss_Coeff,CouldNotImpute,[]
25,WSS_TE,CouldNotImpute,[]
25,WSS_LE,CouldNotImpute,[]
25,WSS_TE_Area,CouldNotImpute,[]
25,WSS_LE_Area,CouldNotImpute,[]
25,CFR,CouldNotImpute,[]
25,BMR/HMR,CouldNotImpute,[]
25,CFR/FFR,CouldNotImpute,[]
25,WSS_Area_Bifur,CouldNotImpute,[]
25,WSS_Bif,CouldNotImpute,[]
25,WSS_LMB,CouldNotImpute,[]
25,WSS_min,CouldNotImpute,[]
25,WSS_TE_min,CouldNotImpute,[]
25,WSS_LE_min,CouldNotImpute,[]
25,WSS_TE_Area_min,CouldNotImpute,[]
25,WSS_LE_Area_min,CouldNotImpute,[]
25,WSS_Area_Bifur_min,CouldNotImpute,[]
22,WSS_TE,674.2150856348622,"[np.float64(7.0), np.float64(16.0), np.float64(90.0), np.float64(6.0), np.float64(12.0)]"
22,WSS_LE,818.0488071960478,"[np.float64(7.0), np.float64(16.0), np.float64(90.0), np.float64(6.0), np.float64(12.0)]"
22,WSS_TE_Area,0.2247544847237485,"[np.float64(7.0), np.float64(16.0), np.float64(90.0), np.float64(6.0), np.float64(12.0)]"
22,WSS_LE_Area,0.24857100503239912,"[np.float64(7.0), np.float64(16.0), np.float64(90.0), np.float64(6.0), np.float64(12.0)]"
22,WSS_Area_Bifur,0.881426911629051,"[np.float64(7.0), np.float64(16.0), np.float64(90.0), np.float64(6.0), np.float64(12.0)]"
22,WSS_TE_min,18.931080970220542,"[np.float64(7.0), np.float64(16.0), np.float64(90.0), np.float64(6.0), np.float64(12.0)]"
22,WSS_LE_min,7.094519010039081,"[np.float64(7.0), np.float64(16.0), np.float64(90.0), np.float64(6.0), np.float64(12.0)]"
22,WSS_TE_Area_min,0.0005758486680575848,"[np.float64(7.0), np.float64(16.0), np.float64(90.0), np.float64(6.0), np.float64(12.0)]"
22,WSS_LE_Area_min,5.2302529292648645e-05,"[np.float64(7.0), np.float64(16.0), np.float64(90.0), np.float64(6.0), np.float64(12.0)]"
22,WSS_Area_Bifur_min,2.4134519032547135e-05,"[np.float64(7.0), np.float64(16.0), np.float64(90.0), np.float64(6.0), np.float64(12.0)]"
14,WSS_TE,601.6621029312836,"[np.float64(89.0), np.float64(29.0), np.float64(88.0), np.float64(98.0), np.float64(92.0)]"
14,WSS_LE,796.2528870306089,"[np.float64(89.0), np.float64(29.0), np.float64(88.0), np.float64(98.0), np.float64(92.0)]"
14,WSS_TE_Area,0.20134677284538993,"[np.float64(89.0), np.float64(29.0), np.float64(88.0), np.float64(98.0), np.float64(92.0)]"
14,WSS_LE_Area,0.2441658312996806,"[np.float64(89.0), np.float64(29.0), np.float64(88.0), np.float64(98.0), np.float64(92.0)]"
14,WSS_Area_Bifur,0.87915497199906,"[np.float64(89.0), np.float64(29.0), np.float64(88.0), np.float64(98.0), np.float64(92.0)]"
14,WSS_TE_min,11.3682832776969,"[np.float64(89.0), np.float64(29.0), np.float64(88.0), np.float64(98.0), np.float64(92.0)]"
14,WSS_LE_min,5.428521687721785,"[np.float64(89.0), np.float64(29.0), np.float64(88.0), np.float64(98.0), np.float64(92.0)]"
14,WSS_TE_Area_min,0.000477933948122244,"[np.float64(89.0), np.float64(29.0), np.float64(88.0), np.float64(98.0), np.float64(92.0)]"
14,WSS_LE_Area_min,0.0,"[np.float64(89.0), np.float64(29.0), np.float64(88.0), np.float64(98.0), np.float64(92.0)]"
14,WSS_Area_Bifur_min,5.98702174097664e-05,"[np.float64(89.0), np.float64(29.0), np.float64(88.0), np.float64(98.0), np.float64(92.0)]"
13,v_distal,CouldNotImpute,[]
13,P_Loss_Coeff,CouldNotImpute,[]
13,WSS_LMB,CouldNotImpute,[]
