Condition,Geometry Number,Location,Stenosis Percentage,Length,Width,R_scale,R_micro,R_total,P_d/P_a,CFR,CFR/FFR,discord,HMR,BMR/HMR,HSR,P_Loss_Coeff,Average Flow,Max Flow,v_distal,WSS_LMB,WSS_Bif,WSS_LE,WSS_TE,WSS_min,WSS_LE_min,WSS_TE_min,WSS_Area_Bifur,WSS_LE_Area,WSS_TE_Area,WSS_Area_Bifur_min,WSS_LE_Area_min,WSS_TE_Area_min,source,BMR,iFR,FFR
Non-hyperemic,1,LAD,0.453,1.2,0.68,0.24,0.0,0.24,0.964778111,,,,7.977153506,,0.291228013,1.707943479,2.227648701,3.359626,14.3497372,73.296575,502.177701,216.2790132,155.2828522,0.938689647,4.909217475,0.393844593,0.213106964,0.077985447,0.055963395,0.001779327,0.0,0.006345886,mine,,0.964778111,
Non-hyperemic,2,LAD,0.453,1.5,0.68,0.24,0.0,0.24,0.958955199,,,,8.144155954,,0.348582773,1.796378384,2.230283759,3.3636,14.01140917,72.634057,498.090884,217.2293561,201.3663133,0.568974625,4.093896733,0.985480001,0.25462124,0.050317803,0.079592383,0.001221765,0.0,0.011475646,mine,,0.958955199,
Non-hyperemic,3,LAD,0.453,1.7,0.68,0.24,0.0,0.24,0.955921752,,,,8.078914117,,0.37252461,1.821392729,2.229817954,3.362898,14.13567396,73.305043,458.308797,210.7213309,214.4261702,0.295901451,6.235184493,1.514652714,0.25108967,0.045033024,0.099649219,0.001156746,0.0,0.011935928,mine,,0.955921752,
Non-hyperemic,4,LAD,0.441,2.0,0.67,0.24,0.0,0.24,0.9560327,,,,8.139973964,,0.374351919,1.826207922,2.240501667,3.37901,14.04838567,72.379322,414.588221,,,0.564935623,,,,,,,,,mine,,0.9560327,
Non-hyperemic,5,LAD,0.481,1.2,0.71,0.24,0.0,0.24,0.956480977,,,,7.549227639,,0.343483058,1.757162169,2.230272253,3.363583,15.11114704,73.820153,539.581591,241.2389221,194.9969951,0.83728639,2.778466275,0.80850371,0.215244674,0.088372952,0.060611219,0.002194876,0.001041511,0.001473176,mine,,0.956480977,
Non-hyperemic,6,LAD,0.481,1.5,0.71,0.24,0.0,0.24,0.949253756,,,,8.067110786,,0.431260422,1.886048027,2.210532299,3.333812,14.10086829,73.222563,544.47041,222.2431696,257.1140475,2.023638889,6.7074906,0.607037322,0.248813526,0.049904383,0.087874656,0.002199565,0.0,0.005448233,mine,,0.949253756,
Non-hyperemic,7,LAD,0.481,1.7,0.71,0.24,0.0,0.24,0.945567727,,,,7.804836913,,0.449290943,,2.234609931,3.370125,,,,214.3570902,284.3489705,0.573063861,4.830902877,1.913321992,0.247469346,0.047698303,0.114204371,0.001257942,0.0,0.007936994,mine,,0.945567727,
Non-hyperemic,8,LAD,0.481,2.0,0.71,0.24,0.0,0.24,0.942095867,,,,7.458188926,,0.458403414,1.876959426,2.22294969,3.352539,15.30532997,73.935341,486.440241,183.2759752,292.1908383,0.463671019,3.932162159,2.838585117,0.24504527,0.045971854,0.131556534,0.000795019,0.0,0.007730967,mine,,0.942095867,
Non-hyperemic,9,LAD,0.558,1.2,0.78,0.24,0.0,0.24,0.92319331,,,,7.19919996,,0.59895009,,2.239974598,3.378215,,,,293.2155724,271.283541,8.342805702,1.409786453,3.08439762,0.20663671,0.097920861,0.071734606,0.004004779,0.0063946,0.000956233,mine,,0.92319331,
Non-hyperemic,10,LAD,0.558,1.5,0.78,0.24,0.0,0.24,0.911735035,,,,7.516776019,,0.727698235,2.091242816,2.20679708,3.328179,14.83415406,74.824396,769.603054,219.9358358,403.9865433,3.84206545,4.924258209,1.08854576,0.239651445,0.068453755,0.108156495,0.001023535,0.0,0.00199199,mine,,0.911735035,
Non-hyperemic,11,LAD,0.558,1.7,0.78,0.24,0.0,0.24,0.90567592,,,,6.964038449,,0.725288706,,2.224740713,3.35524,,,,218.5433258,457.580077,0.693559034,1.222534555,3.377743549,0.237365651,0.05173095,0.125684334,0.001010383,0.0,0.000577252,mine,,0.90567592,
Non-hyperemic,12,LAD,0.558,2.0,0.78,0.24,0.0,0.24,0.900247389,,,,6.809877813,,0.754573798,2.062243905,2.231354023,3.365214,16.44417518,72.906778,688.576489,200.6978835,539.8276131,0.542377598,4.221895807,2.68233163,0.233538971,0.044251874,0.136237206,0.001089578,0.0,0.001874553,mine,,0.900247389,
Non-hyperemic,13,LAD,0.591,1.2,0.81,0.24,0.0,0.24,0.900848952,,,,7.027176196,,0.773439191,2.091964244,2.222720379,3.352193,15.74041616,72.690392,962.312151,338.2888943,339.0632085,2.901735294,0.41539289,2.250041501,0.205882151,0.101197326,0.086522796,0.004540238,0.006812163,0.003947194,mine,,0.900848952,
Non-hyperemic,14,LAD,0.591,1.5,0.81,0.24,0.0,0.24,0.886219333,,,,6.705394174,,0.860897745,2.119903499,2.216902885,3.34342,16.42866791,73.661517,936.706734,241.0612765,526.3289994,2.391510706,0.989971154,0.962662723,0.23219404,0.073409763,0.122278279,0.001080331,0.0,0.000413024,mine,,0.886219333,
Non-hyperemic,15,LAD,0.591,1.7,0.81,0.24,0.0,0.24,0.878855749,,,,6.858534731,,0.945402076,2.171791323,2.200710276,3.318999,16.00956413,73.594507,884.939476,214.8847738,572.6853923,1.717129735,3.280733021,4.629122747,0.232496335,0.054289713,0.125744393,0.000565954,0.0,0.000299433,mine,,0.878855749,
Non-hyperemic,16,LAD,0.591,2.0,0.81,0.24,0.0,0.24,0.87107208,,,,6.247878519,,0.924752384,2.119238207,2.213717023,3.338615,17.67427192,72.312544,799.287205,219.4918227,606.3764481,1.130842172,3.623583409,2.996611499,0.233094424,0.052025272,0.140020432,0.001072864,0.0,0.000266609,mine,,0.87107208,
Non-hyperemic,17,LAD,0.453,2.3,0.68,0.24,0.0,0.24,0.946436969,,,,,,,,2.203966299,3.323909,,,,211.1425082,232.723886,0.264209619,4.280223794,1.696836115,0.239294245,0.04347313,0.119512821,0.001158678,0.0,0.025380927,mine,,0.946436969,
Non-hyperemic,18,LAD,0.453,2.5,0.68,0.24,0.0,0.24,0.942956412,,,,7.859919513,,0.475481158,1.917389663,2.227354782,3.359183,14.4643169,72.122823,446.084813,206.188497,203.5953779,0.161950076,1.933647702,1.471505898,0.232543852,0.041728797,0.114279139,0.001099694,0.0,0.034724326,mine,,0.942956412,
Non-hyperemic,20,LAD,0.453,2.7,0.68,0.24,0.0,0.24,0.939512971,,,,,,,,2.228638897,3.361119,,,,197.3588071,208.1977703,0.038296445,1.086500237,1.365481636,0.226867074,0.044996536,0.112913744,0.000950416,0.0,0.042726251,mine,,0.939512971,
Non-hyperemic,22,LAD,0.481,2.5,0.71,0.24,0.0,0.24,0.929789218,,,,7.503014289,,0.566571963,1.975062786,2.230089897,3.363308,15.09199225,72.28761,479.266001,181.2964707,253.7670244,0.105960133,2.195178173,1.539042598,0.233667191,0.044966889,0.118473711,0.002196372,0.0,0.0230864,mine,,0.929789218,
Non-hyperemic,25,LAD,0.558,2.5,0.78,0.24,0.0,0.24,0.880079226,,,,6.66013748,,0.907519251,2.13745586,2.229073816,3.361775,16.63237491,73.51242,660.457401,187.9721317,401.1368477,0.329324011,3.029242069,1.485941652,0.231545572,0.04452184,0.121229735,0.000314992,0.0,0.008396968,mine,,0.880079226,
Non-hyperemic,26,LAD,0.588,2.5,0.78,0.24,0.0,0.24,0.849784532,,,,6.506869145,,1.150212029,2.237050773,2.231082184,3.364804,16.76028551,73.584895,779.126378,176.8061617,490.2939095,0.402930656,5.127062708,1.396786086,0.229684946,0.048071808,0.123223979,0.000538601,0.0,0.008335279,mine,,0.849784532,
Non-hyperemic,37,LAD,1.22e-15,0.1,0.251,0.24,0.0,0.24,0.99304129,,,,7.4647482,,0.052309022,0.845820089,2.156673741,3.346245,18.76336789,83.699386,411.703468,,,,,,,,,,,,mine,,0.99304129,
Non-hyperemic,48,LCX,0.303,0.9,0.61,0.24,0.0,0.24,0.988900287,,,,8.659774615,,0.097199903,1.269181612,2.230621333,3.364109,13.15341434,82.268671,442.209096,224.7735733,51.99510656,0.214855708,6.147477707,0.175428503,0.129793305,0.027076142,0.0,0.024261562,0.0,0.087953811,mine,,0.988900287,
Non-hyperemic,49,LCX,0.301,3.0,0.9,0.24,0.0,0.24,0.97316819,,,,9.973817986,,0.274994182,1.787561838,2.235795276,3.371912,11.28017785,75.109263,372.074982,186.6719896,43.87251004,1.07383467,3.235495889,7.396480676,0.093976685,0.022234512,0.0,0.001077717,0.0,0.0,mine,,0.97316819,
Non-hyperemic,50,LCX,0.599,0.9,0.57,0.24,0.0,0.24,0.900407706,,,,7.223121032,,0.798934962,2.129278159,2.252098241,3.396499,14.92064328,545.600706,1205.501572,221.0773475,544.1888339,7.660404585,3.212417762,0.412724532,0.147530565,0.031475742,0.118833509,0.023547944,0.0,0.122726622,mine,,0.900407706,
Non-hyperemic,51,LCX,0.595,3.0,0.76,0.24,0.0,0.24,0.917344845,,,,9.421958494,,0.848942952,2.260460888,2.224440172,3.354787,11.72119522,200.987644,447.142565,197.6419258,135.3643342,0.097713442,8.026376076,0.268712945,0.157146669,0.020166348,0.046331289,0.00098745,0.0,0.014203652,mine,,0.917344845,
Non-hyperemic,60,LAD,0.108,0.9,0.43,0.24,0.0,0.24,,,,,8.25391298,,0.064174015,,2.238478954,3.37596,13.32826963,72.425202,376.06429,197.8200537,40.26746024,20.40407798,1.760339063,17.85089822,0.059057031,0.031369187,0.0,0.000467712,0.0,0.0,mine,,,
Non-hyperemic,61,LAD,0.112,1.66,0.58,0.24,0.0,0.24,,,,,8.341907181,,0.094999379,,2.234540552,3.37002,13.12306,71.991405,377.23309,198.0860023,44.4132129,0.799562332,0.799562332,20.04949129,0.058697419,0.021414094,0.0,0.00060404,0.000734387,0.0,mine,,,
Non-hyperemic,62,LAD,0.111,2.0,0.43,0.24,0.0,0.24,,,,,8.153385556,,0.09589614,,2.214537678,3.339853,13.42949188,73.055018,378.477252,199.2940243,44.89863099,1.120261943,1.120261943,22.34067916,0.058468687,0.032301807,0.0,0.000802563,0.001221988,0.0,mine,,,
Non-hyperemic,63,LAD,0.112,2.5,0.58,0.24,0.0,0.24,,,,,7.888227221,,0.118547692,,2.228377023,3.360724,13.84156158,72.850399,377.025144,198.5798114,48.73507365,0.819291388,0.819291388,23.72575198,0.057276879,0.021389904,0.0,0.000342249,0.000645103,0.0,mine,,,
Non-hyperemic,64,LAD,0.197,0.9,0.43,0.24,0.0,0.24,,,,,8.76830749,,0.074486784,,2.250052092,3.393414,12.53549731,72.792531,366.918236,188.5161329,42.66136281,24.81033048,2.625450832,17.62139847,0.059759851,0.02247909,0.0,0.000254332,0.0,0.0,mine,,,
Non-hyperemic,65,LAD,0.205,1.66,0.58,0.24,0.0,0.24,,,,,8.679724404,,0.107841182,,2.225889874,3.356973,12.59521286,73.134932,376.431805,191.0661508,48.9994855,1.778109636,1.778109636,16.31640702,0.05747065,0.022474337,0.0,0.00015953,0.0,0.0,mine,,,
Non-hyperemic,66,LAD,0.205,2.0,0.58,0.24,0.0,0.24,,,,,8.487020297,,0.113901551,,2.223871609,3.35393,12.89356484,73.749309,363.091227,184.1464339,53.52795785,1.839462031,1.839462031,17.1578875,0.05975822,0.033001352,0.0,0.000758811,0.000794503,0.0,mine,,,
Non-hyperemic,67,LAD,0.205,2.5,0.58,0.24,0.0,0.24,,,,,8.060677783,,0.133065967,,2.223087149,3.352746,13.53297131,71.475381,366.422265,189.0129241,52.21464232,0.8826351,1.066928892,20.36203515,0.057863626,0.02191691,0.0,0.000368874,0.000375892,0.0,mine,,,
Non-hyperemic,68,LAD,0.298,0.9,0.745,0.24,0.0,0.24,,,,,8.838165018,,0.087663361,,2.24105246,3.379841,12.41084712,73.545153,364.141066,189.0840634,44.93173025,22.23639751,1.427549341,7.490161473,0.086822468,0.031276489,0.0,0.000184175,0.0,0.0,mine,,,
Non-hyperemic,69,LAD,0.309,1.66,0.9,0.24,0.0,0.24,,,,,8.912150083,,0.168306285,,2.239550782,3.377576,12.24362466,73.336331,387.809052,209.0199299,74.91711559,0.891921852,0.891921852,1.413784456,0.190018215,0.022371351,0.003205486,0.0,0.0,0.040024862,mine,,,
Non-hyperemic,70,LAD,0.309,2.0,0.745,0.24,0.0,0.24,,,,,8.675130948,,0.149286288,,2.224921161,3.355512,12.58860232,72.029876,426.538574,214.9669252,67.49891936,0.877582064,0.877582064,,0.092421748,0.033804888,0.0,0.000903332,0.00079593,0.0,mine,,,
Non-hyperemic,71,LAD,0.309,2.5,0.9,0.24,0.0,0.24,,,,,8.208855608,,0.204685857,,2.237115667,3.373904,13.24723795,71.583933,355.292851,175.0657491,79.99429625,0.310947842,0.310947842,6.53666571,0.149427842,0.022710771,0.033225852,0.000212498,0.000155757,0.0,mine,,,
Non-hyperemic,72,LAD,0.392,0.9,0.745,0.24,0.0,0.24,,,,,9.541164439,,0.115186519,,2.232931563,3.367593,11.49621956,75.189997,377.714905,191.2636187,49.2381602,14.75646729,1.987439787,4.533511021,0.134986585,0.026867772,0.0,0.0006643,0.0,0.0,mine,,,
Non-hyperemic,73,LAD,0.406,1.66,0.9,0.24,0.0,0.24,,,,,9.160319948,,0.227169362,,2.219674172,3.347599,11.93078828,72.406544,390.679194,209.0196941,99.18711282,0.246412273,1.711367872,0.171016013,0.210978117,0.025235538,0.021577149,8.37e-05,0.0,0.074832882,mine,,,
Non-hyperemic,74,LAD,0.406,2.0,0.9,0.24,0.0,0.24,,,,,8.891377453,,0.24069153,,2.231377793,3.36525,12.27923745,72.971077,370.916834,190.5919117,112.3626765,0.146369168,2.405232266,0.146369168,0.228243531,0.03278732,0.068729556,0.000295366,0.0,0.066417277,mine,,,
Non-hyperemic,75,LAD,0.406,2.5,0.9,0.24,0.0,0.24,,,,,8.567901035,,0.280620228,,2.245895218,3.387144,12.6839117,72.216948,366.609876,187.1420216,107.9405303,0.013657156,1.468880879,1.13419575,0.177575358,0.024964987,0.081430909,0.000188159,0.0,0.031330061,mine,,,
Non-hyperemic,76,LAD,0.498,0.9,0.69,0.24,0.0,0.24,,,,,8.132169965,,0.29003145,,2.248368218,3.390874,13.42973512,72.48829,665.184074,199.8676326,104.8572272,1.041271049,0.907250969,0.361974136,0.16249426,0.09096958,0.020380428,0.00627617,0.003388432,0.014466866,mine,,,
Non-hyperemic,77,LAD,0.483,1.66,0.69,0.24,0.0,0.24,,,,,7.471140466,,0.48051928,,2.247051184,3.388888,,72.580563,566.905208,161.6608834,324.3907782,0.438597187,2.584809052,3.729310139,0.229658994,0.057975335,0.122357199,0.000321417,0.0,0.003470911,mine,,,
Non-hyperemic,78,LAD,0.483,2.0,0.69,0.24,0.0,0.24,,,,,7.340950666,,0.534755505,,2.229771816,3.362828,14.77891213,71.80109,542.181737,183.1358258,315.6286895,0.560194547,2.256168036,1.999948934,0.222439386,0.045397023,0.127859231,0.000391449,0.0,0.007327893,mine,,,
Non-hyperemic,79,LAD,0.494,2.5,0.69,0.24,0.0,0.24,,,,,7.157022503,,0.654279226,,2.241343759,3.38028,,72.702594,529.12075,191.4719877,273.3357389,0.078762465,1.624677052,1.844848494,0.183619066,0.022770164,0.112028902,0.000496851,0.000541257,0.014772357,mine,,,
Non-hyperemic,80,LAD,0.618,0.9,0.79,0.24,0.0,0.24,,,,,7.550864252,,0.652374045,,2.23876723,3.376394,,72.621974,1206.01578,213.791421,139.6714286,9.067810785,2.791949396,0.219201944,0.174002516,0.108896453,0.076136857,0.000228845,0.0,0.030072966,mine,,,
Non-hyperemic,81,LAD,0.618,1.66,0.79,0.24,0.0,0.24,,,,,6.372913727,,1.086174182,,2.229768621,3.362823,,72.3069,960.441831,195.4836795,607.1107878,0.901674834,4.054002395,3.881930642,0.198955511,0.057997652,0.123455719,0.000544392,0.000144977,0.000294784,mine,,,
Non-hyperemic,82,LAD,0.618,2.0,0.79,0.24,0.0,0.24,,,,,6.207329362,,1.190741327,,2.239165701,3.376995,,72.869805,925.797219,192.9398286,664.7859391,0.701580762,0.89316955,3.369008542,0.191637325,0.023873221,0.126703371,0.000139195,0.0,0.001734462,mine,,,
Non-hyperemic,83,LAD,0.618,2.5,0.79,0.24,0.0,0.24,,,,,5.916585869,,1.348599452,,2.245067172,3.385896,,73.738332,852.979215,184.6207185,573.2919857,0.500653447,2.553765859,2.021859216,0.185828171,0.021351976,0.115115582,0.0003392,0.000462585,0.004091229,mine,,,
Hyperemic,1,LAD,0.453,1.2,0.68,0.24,0.0,0.24,0.782795739,3.292957311,4.206662287,1.0,1.829608493,4.360033056,0.507665975,1.461176566,6.834801517,11.063105,44.15254786,833.409859,2024.27804,1020.278409,834.9112971,6.081414577,1.662341546,5.800368903,,0.275192312,0.255296529,,0.0,0.0,mine,7.977153509018344,,0.782795739
Hyperemic,2,LAD,0.453,1.5,0.68,0.24,0.0,0.24,0.760538535,3.160269652,4.155305098,1.0,1.845525918,4.412918766,0.58107817,1.542722082,6.758107023,10.629883,41.88579453,745.969052,1900.432391,,,3.471682725,,,,,,,,,mine,8.144155956681578,,0.760538535
Hyperemic,3,LAD,0.453,1.7,0.68,0.24,0.0,0.24,0.745970665,2.652342117,3.555558201,1.0,1.785816658,4.523932556,0.608133588,1.52779175,6.790127793,8.919556,45.36924175,853.378861,2082.036108,,,1.139296282,,,,,,,,,mine,8.078914118173318,,0.745970665
Hyperemic,4,LAD,0.441,2.0,0.67,0.24,0.0,0.24,0.747936725,3.218754014,4.303511119,1.0,1.790297889,4.546714831,0.60335097,1.548837263,6.762165207,10.876202,42.88318484,781.208763,1783.614223,841.115741,1001.101171,0.274954231,1.661024745,7.17779982,0.906541545,0.230608509,0.209748562,0.0,0.0,0.0,mine,8.139973963824293,,0.747936725
Hyperemic,5,LAD,0.481,1.2,0.71,0.24,0.0,0.24,0.744042726,3.172624252,4.264035036,1.0,1.704661456,4.428578831,0.586418608,,6.70194192,10.671385,,554.574982,1365.681849,982.1901587,905.2586432,6.116579805,3.294623164,3.661837349,,0.276052965,0.25215725,0.0,0.0,0.000151037,mine,7.549227638063238,,0.744042726
Hyperemic,6,LAD,0.481,1.5,0.71,0.24,0.0,0.24,0.71822657,2.770826609,3.857872608,1.0,1.773689614,4.548208842,0.695850903,1.635899406,6.671608126,9.237415,40.47352857,818.044982,1967.172652,,,6.527799849,,,,,,,,,mine,8.067110785358368,,0.71822657
Hyperemic,7,LAD,0.481,1.7,0.71,0.24,0.0,0.24,0.707715955,2.982477208,4.21422915,1.0,1.745610644,4.47112129,0.720930673,1.648950521,6.520036149,10.051321,40.69089694,854.802792,1956.971145,,,1.005150111,,,,,,,,,mine,7.8048369144390115,,0.707715955
Hyperemic,8,LAD,0.481,2.0,0.71,0.24,0.0,0.24,0.696882978,2.970539045,4.262608124,1.0,1.605385816,4.645729926,0.698280461,1.605012897,6.467248103,9.958848,43.60851241,768.942716,1837.066068,,,0.29983334,,,,,,,,,mine,7.45818892816713,,0.696882978
Hyperemic,9,LAD,0.558,1.2,0.78,0.24,0.0,0.24,0.629637691,2.848459023,4.523965231,1.0,1.592238134,4.521434205,0.936578288,1.76744284,6.178156552,9.622707,40.23977336,675.230019,2536.069532,894.0199569,1114.227684,11.80404458,5.017626508,8.503777286,0.859844844,0.2744707,0.246112697,0.0,0.0,0.0,mine,7.199199961572974,,0.629637691
Hyperemic,10,LAD,0.558,1.5,0.78,0.24,0.0,0.24,0.603438553,2.115879885,3.506371734,1.0,1.616243971,4.650768173,1.062146336,1.849537602,4.644740483,7.042027,37.77470077,828.28908,2343.246802,723.0299951,1425.093652,6.554413139,0.95519676,7.991082505,0.879668812,0.243144655,0.211911703,0.000106674,0.000233443,0.0,mine,7.516776020129936,,0.603438553
Hyperemic,11,LAD,0.558,1.7,0.78,0.24,0.0,0.24,0.589783562,2.772221361,4.700404592,1.0,1.496766966,4.65272057,1.041057184,1.815138977,5.999472437,9.301468,40.07650941,694.570039,2346.957536,685.0532819,1616.874324,2.393969268,1.344380127,9.381607927,0.890405763,0.226796352,0.197120471,0.000206067,0.000446572,0.0,mine,6.96403845120469,,0.589783562
Hyperemic,12,LAD,0.558,2.0,0.78,0.24,0.0,0.24,0.577799121,2.587983409,4.479036599,1.0,1.417515596,4.804093749,1.035786157,1.80914073,5.969609989,8.709118,40.42812982,661.602462,2048.599702,,,1.325395874,,,,,,,,,mine,6.80987781385361,,0.577799121
Hyperemic,13,LAD,0.591,1.2,0.81,0.24,0.0,0.24,0.576869098,2.654303317,4.601222923,1.0,1.510185059,4.653188795,1.107713983,1.861830246,5.882034057,8.897737,38.29584638,,2642.526706,913.2225482,1168.741477,16.90358109,8.315521377,3.452354719,0.846077949,0.274595829,0.240395398,0.0,0.0,0.0,mine,7.0271761949152145,,0.576869098
Hyperemic,14,LAD,0.591,1.5,0.81,0.24,0.0,0.24,0.54514387,2.703783551,4.959761454,1.0,1.414443055,4.740660396,1.180180372,1.876226724,5.788441356,9.039884,39.47080128,682.219004,2592.773447,,,4.386170627,,,,,,,,,mine,6.705394173235749,,0.54514387
Hyperemic,15,LAD,0.591,1.7,0.81,0.24,0.0,0.24,0.526045053,2.793863752,5.311073142,1.0,1.451330108,4.725689004,1.307616297,1.910520502,5.668163379,9.272831,40.4123497,686.98256,2670.552745,,,0.825994444,,,,,,,,,mine,6.8585347325497334,,0.526045053
Hyperemic,16,LAD,0.591,2.0,0.81,0.24,0.0,0.24,0.51708239,2.356638906,4.557569456,1.0,1.262512114,4.948767185,1.17909514,1.863434031,5.723283207,7.86791,40.61337659,581.733328,2169.667977,,,0.734119248,,,,,,,,,mine,6.24787852042818,,0.51708239
Hyperemic,18,LAD,0.453,2.5,0.68,0.24,0.0,0.24,0.698815174,3.190504655,4.565591554,1.0,1.71049844,4.595104754,0.737213779,1.621534084,6.511574356,10.717489,44.32141733,769.259048,1876.517458,,,0.249105435,,,,,,,,,mine,7.859919513353584,,0.698815174
Hyperemic,22,LAD,0.481,2.5,0.71,0.24,0.0,0.24,0.661776337,2.851410576,4.308722476,1.0,1.617268734,4.639312027,0.826561069,1.708109429,6.33915646,9.590172,40.71175241,736.532308,1733.477824,,,0.563536841,,,,,,,,,mine,7.503014288537264,,0.661776337
Hyperemic,25,LAD,0.591,2.5,0.81,0.24,0.0,0.24,,,,,,,,,,,,,,,,,,,,,,,,,mine,,,
Hyperemic,26,LAD,0.588,2.5,0.78,0.24,0.0,0.24,0.483869963,2.542233069,5.253959255,1.0,1.315848432,4.944998975,1.403577309,1.974745804,5.521073759,8.554116,37.41491947,555.281961,,498.4516702,1382.06823,0.810531592,4.398622813,0.964112148,0.854260056,0.167622329,0.154369602,0.0,0.0,0.003152871,mine,6.506869147495356,,0.483869963
Hyperemic,27,LAD,0.441,3.0,0.67,0.24,0.0,0.24,0.690827368,,,,1.714282633,,0.767209433,1.667011452,6.518807241,10.476556,41.53906933,807.217486,1641.570559,689.422165,931.1602991,,1.566998383,1.104717944,0.906039139,0.197018057,0.168832423,0.0,0.0,0.0,mine,,,0.690827368
Hyperemic,28,LAD,0.479,3.0,0.67,0.24,0.0,0.24,0.63411731,,,,1.545034365,,0.891477526,1.725194916,6.269492517,10.018652,42.21528863,776.568645,1719.913802,702.9437029,1087.71143,0.619988232,2.946887861,1.840773885,0.89644805,0.188924191,0.161637911,0.0,0.0,0.000124778,mine,,,0.63411731
Hyperemic,29,LAD,0.574,3.0,0.67,0.24,0.0,0.24,0.521871953,,,,,,,,5.710921897,8.978154,39.22059128,641.741912,1830.526006,555.8838788,1059.146014,,3.858521911,0.868700168,0.87493965,0.165870629,0.150224341,0.0,0.0,0.000238684,mine,,,0.521871953
Hyperemic,30,LAD,0.589,3.0,0.67,0.24,0.0,0.24,0.469546489,,,,1.291723809,,1.459279211,1.992589157,5.458982977,8.576897,37.33391361,596.237418,1840.200601,532.3045266,1166.234728,,4.616771149,1.719785666,0.852101575,0.158821953,0.14646903,0.0,0.0,0.001130924,mine,,,0.469546489
Hyperemic,38,LAD,1.22e-15,0.1,0.251,0.24,0.0,0.24,0.964578422,3.748997458,3.886669421,0.0,1.800845216,4.145135925,0.066131252,0.480711818,7.461479057,12.545064,54.9856299,1010.994858,1929.592179,936.3744589,936.3744589,,25.64289425,4.36929602,0.903215595,0.253257595,0.246738978,0.0,0.0,0.0,mine,7.464748200205984,,0.964578422
Hyperemic,52,LCX,0.303,0.9,0.61,0.24,0.0,0.24,0.912696236,3.669399535,4.020395167,0.0,2.112068729,4.100138644,0.202029485,1.079381863,7.382394908,12.34426,42.32404556,1046.328859,2187.311718,1106.017478,322.0827865,3.207490599,10.41412038,11.47801754,0.890435767,0.192953501,0.243759665,6.92e-05,0.0,0.0,mine,8.659774614556865,,0.912696236
Hyperemic,54,LCX,0.301,3.0,0.9,0.24,0.0,0.24,0.842737951,3.594209457,4.264919426,0.0,2.529300165,3.943311326,0.471988863,1.555443341,7.312828839,12.119358,33.04020169,1084.868221,1863.389237,925.3396628,232.5527115,2.143027843,5.176404848,2.967450936,0.924223152,0.187945616,0.104906821,0.0,0.0,0.006228525,mine,9.973817987498169,,0.842737951
Hyperemic,56,LCX,0.599,0.9,0.57,0.24,0.0,0.24,0.572520443,3.067225399,5.357407642,1.0,1.310531256,5.511597682,0.978524569,1.761940814,6.556845,10.417828,42.57799437,1866.911607,3448.994889,1035.856331,1727.560353,13.28389105,22.32315889,0.194467876,,0.209743864,0.153524985,0.015276951,0.0,0.061447091,mine,7.223121032758148,,0.572520443
Hyperemic,58,LCX,0.595,3.0,0.76,0.24,0.0,0.24,0.640768073,3.275656845,5.112078741,1.0,2.06008946,4.573567643,1.154941915,1.973600249,6.725018759,10.989131,30.86840386,814.901746,1735.756854,888.6050457,595.7586515,0.734339432,20.87221544,0.73899006,0.932497011,0.19098163,0.098250316,0.0,0.0,0.0,mine,9.421958495941341,,0.640768073
Hyperemic,84,LAD,0.108,0.9,0.43,0.24,0.0,0.24,0.96035682,3.763306141,3.91865405,0.0,2.243043135,3.679783439,0.092592005,0.741683326,7.540075138,12.704771,42.21282728,1068.732764,1902.305428,900.4731888,183.8713694,81.25501416,5.294938493,52.91063063,0.910454563,0.233522831,0.303482863,0.0,0.0,0.0,mine,8.253912981135642,,0.96035682
Hyperemic,85,LAD,0.112,1.66,0.58,0.24,0.0,0.24,0.939570554,3.759990445,4.001818097,0.0,2.237341368,3.728491011,0.143896911,0.941928483,7.519632253,12.671243,41.36921383,947.585162,1885.374155,876.1074507,213.6075109,11.02711936,11.02711936,54.24575856,,0.277690914,0.269883511,0.0,0.0,0.0,mine,8.341907179126443,,0.939570554
Hyperemic,86,LAD,0.111,2.0,0.43,0.24,0.0,0.24,0.937620958,3.78191645,4.0335238,0.0,2.170643458,3.756206726,0.144410871,0.931799014,7.493182552,12.631045,42.4966948,949.370312,2003.333109,979.6508653,212.6642977,4.646975944,4.646975944,65.27433742,0.924852969,0.231332998,0.313194197,0.0,0.0,0.0,mine,8.153385556687498,,0.937620958
Hyperemic,87,LAD,0.112,2.5,0.58,0.24,0.0,0.24,0.919080649,3.754014314,4.08453199,0.0,2.054549106,3.839395805,0.180890306,1.014268018,7.489532218,12.616206,44.02522207,1040.859337,1941.872063,905.6923312,228.7479914,1.55194948,1.55194948,67.94763266,,0.259883873,0.300275006,0.0,0.0,0.0,mine,7.888227218742901,,0.919080649
Hyperemic,88,LAD,0.197,0.9,0.43,0.24,0.0,0.24,0.955572398,3.709949626,3.88243699,0.0,2.357370082,3.719529469,0.109601637,0.840807166,7.529893552,12.589395,39.77078412,1044.787504,1891.538202,852.1112578,,84.72044972,9.10442707,,,0.27031677,,,0.0,,mine,8.768307489337946,,0.955572398
Hyperemic,89,LAD,0.205,1.66,0.58,0.24,0.0,0.24,0.932418819,3.709513898,3.978377336,0.0,2.299125842,3.775228065,0.166639321,1.023522749,7.466100356,12.452738,39.70169225,947.215095,1932.360311,918.1260623,245.4314955,4.362939739,4.362939739,34.17916655,,0.272839522,0.238011048,,0.0,0.0,mine,8.679724403685155,,0.932418819
Hyperemic,90,LAD,0.205,2.0,0.58,0.24,0.0,0.24,0.927742771,3.609858286,3.891012031,0.0,2.212383998,3.836142508,0.172311487,1.029049801,7.431015115,12.107212,40.53392954,960.002738,1797.326989,814.4667631,247.9728486,7.873676305,7.873676305,35.96565057,,0.237581623,0.240318246,0.0,0.0,0.0,mine,8.487020298746787,,0.927742771
Hyperemic,91,LAD,0.205,2.5,0.58,0.24,0.0,0.24,0.910272573,3.706509232,4.07186742,0.0,2.082481476,3.870708035,0.205274454,1.080954381,7.447860241,12.426984,42.84841928,999.603756,1853.613765,856.0939946,259.123871,6.813019877,8.349790135,48.15929761,,0.265448142,0.233978022,0.0,0.0,0.0,mine,8.060677781891858,,0.910272573
Hyperemic,92,LAD,0.298,0.9,0.745,0.24,0.0,0.24,0.942689066,3.631626754,3.852412091,0.0,2.350780916,3.759671928,0.142916106,0.96349246,7.451273023,12.274321,39.09696053,1080.360693,1976.155823,882.3676985,264.7950133,31.29579155,3.099783261,3.203891347,,0.258000518,0.186875554,0.000208682,0.0,0.000661178,mine,8.838165018763327,,0.942689066
Hyperemic,93,LAD,0.309,1.66,0.9,0.24,0.0,0.24,0.886044388,3.624225776,4.090343355,0.0,2.23575253,3.986197024,0.287543774,1.267664916,7.324861253,12.241098,39.04750883,854.119079,1945.891685,917.5520625,430.0645836,1.7536832,9.163103881,3.909043777,0.916566429,0.278607453,0.211127367,0.0,0.0,0.000688442,mine,8.912150081486471,,0.886044388
Hyperemic,94,LAD,0.309,2.0,0.745,0.24,0.0,0.24,0.900714404,3.667400683,4.071657637,0.0,2.216615288,3.913683622,0.244337126,1.187615046,7.376683494,12.306007,39.89593939,1019.421368,1927.829155,953.3500624,388.5264911,0.369178938,14.46038771,,,0.242751913,0.215643486,0.0,0.0,0.007449043,mine,8.675130948920414,,0.900714404
Hyperemic,95,LAD,0.309,2.5,0.9,0.24,0.0,0.24,0.858090045,3.541122688,4.126749527,0.0,2.004980883,4.09423136,0.331581456,1.299134961,7.273192149,11.947408,41.88027773,947.325016,1745.855132,817.6658758,446.4925804,0.639824267,6.52774308,0.718528261,,0.259829334,0.195722599,0.0,0.0,0.022534019,mine,8.20885560737909,,0.858090045
Hyperemic,96,LAD,0.392,0.9,0.745,0.24,0.0,0.24,0.926318414,3.648280537,3.93847351,0.0,2.445656045,3.901269952,0.19453334,1.119429809,7.430936759,12.285924,37.16366309,1001.229248,1898.255739,895.7689062,338.0850954,4.08200339,7.018690654,0.510938158,,0.291046815,0.193373337,0.0,0.0,0.003639622,mine,9.541164441285659,,0.926318414
Hyperemic,97,LAD,0.406,1.66,0.9,0.24,0.0,0.24,0.849483843,3.530684529,4.156270374,0.0,2.167709265,4.22580652,0.384086491,1.398162597,7.189452103,11.819316,38.62075103,956.872246,1800.281676,825.1230003,603.2531883,0.683688322,11.24438304,5.910061844,0.915987847,0.278591463,0.207901898,0.0,0.0,0.0,mine,9.160319945501408,,0.849483843
Hyperemic,98,LAD,0.406,2.0,0.9,0.24,0.0,0.24,0.839146427,3.495736127,4.165823765,0.0,2.074949387,4.285105704,0.397741101,1.399850842,7.178217184,11.764026,39.83858546,904.389907,1779.039753,772.7755377,638.2716611,0.419260941,6.716936457,4.804038088,,0.253801718,0.210204485,0.0,0.0,0.0,mine,8.891377453745005,,0.839146427
Hyperemic,99,LAD,0.406,2.5,0.9,0.24,0.0,0.24,0.815711656,3.442282348,4.219974453,0.0,1.990080358,4.305304055,0.449605706,1.447201539,7.108032046,11.659506,40.38169596,847.591193,1732.2124,780.5529543,631.8463008,0.658035401,8.491129764,3.42896688,,0.258724209,0.191434881,0.0,0.0,0.00035535,mine,8.56790103507325,,0.815711656
Hyperemic,100,LAD,0.498,0.9,0.69,0.24,0.0,0.24,0.767591141,3.293378639,4.290537585,1.0,1.957754902,4.15382434,0.592762943,1.587097775,6.901138759,11.167432,38.57780826,905.946114,2780.484192,826.5679107,557.9601137,6.841795528,4.308568546,2.343825946,0.851986068,0.285738908,0.184884166,0.000363663,0.0,0.001186836,mine,8.132169963681914,,0.767591141
Hyperemic,101,LAD,0.483,1.66,0.69,0.24,0.0,0.24,0.680458125,3.118091539,4.582341551,1.0,1.612321247,4.633779081,0.757143072,1.657346,6.536936839,10.566863,41.91661782,817.744377,2187.223462,654.3807928,1344.240708,2.430251485,1.879681446,7.05816439,0.91272377,0.255625967,0.217407951,0.0,0.0,0.0,mine,7.471140466200434,,0.680458125
Hyperemic,102,LAD,0.483,2.0,0.69,0.24,0.0,0.24,0.660257884,3.085566672,4.673275016,1.0,1.552728815,4.727773837,0.798971715,1.686219023,6.343399793,10.37623,41.3872587,738.104042,2016.964564,627.5281644,1349.616545,0.635424601,4.108480374,6.304345123,0.906577278,0.235962933,0.194438056,0.0,0.0,0.0,mine,7.340950667513013,,0.660257884
Hyperemic,103,LAD,0.494,2.5,0.69,0.24,0.0,0.24,0.621438458,2.944949235,4.738923379,1.0,1.520510155,4.706987639,0.926248871,1.777821814,6.106729218,9.954753,38.85618488,688.197819,1822.759157,571.0289509,1117.701926,0.704884908,5.556452433,2.312529556,0.866457716,0.195485021,0.157149262,0.0,0.0,0.000506248,mine,7.157022504558975,,0.621438458
Hyperemic,104,LAD,0.618,0.9,0.79,0.24,0.0,0.24,0.609222657,2.922150081,4.796522334,1.0,1.731645437,4.360514048,1.110739719,1.908658452,6.229532207,9.86633,34.47530602,790.071542,3936.998691,680.2403064,586.509031,18.38869241,2.610195742,2.632548017,0.866758805,0.325768403,0.125882425,0.0,0.0,0.0,mine,7.550864254193598,,0.609222657
Hyperemic,105,LAD,0.618,1.66,0.79,0.24,0.0,0.24,0.485432042,2.667466887,5.495036698,1.0,1.302850696,4.891515003,1.381048557,1.974679124,5.636134655,8.970219,36.82002712,635.728847,2565.304714,546.8623969,1837.381556,2.146444544,1.166279123,4.240137628,0.869473135,0.257081643,0.185328316,0.0,0.0,0.0,mine,6.3729137261529925,,0.485432042
Hyperemic,106,LAD,0.618,2.0,0.79,0.24,0.0,0.24,0.462105454,2.605976615,5.639354811,1.0,1.249151062,4.969238349,1.454022102,1.999481046,5.530506529,8.80037,36.61375251,666.986987,2353.279592,496.5907204,1760.576691,1.457703675,1.47325608,4.440677751,0.85110296,0.216319257,0.163913401,0.000304943,0.000777737,0.0,mine,6.207329360984477,,0.462105454
Hyperemic,107,LAD,0.618,2.5,0.79,0.24,0.0,0.24,0.431360887,2.535066936,5.876904963,1.0,1.180812516,5.010605656,1.556599595,2.0344759,5.381528793,8.583473,36.16223739,685.528138,2106.672789,471.207659,1337.225932,0.478601588,0.727648397,1.135698453,,0.153865984,0.143136736,6.86e-05,0.000173552,0.001761722,mine,5.916585871345191,,0.431360887
